hotel_id,level,month,TYPE,GAMME,column,pct
ibis-budget-nice,1,1,,,d_pct_mois_m01,0.031674698887200134
ibis-budget-nice,1,2,,,d_pct_mois_m02,0.024590051248367464
ibis-budget-nice,1,3,,,d_pct_mois_m03,0.056924639695717594
ibis-budget-nice,1,4,,,d_pct_mois_m04,0.0738022317098319
ibis-budget-nice,1,5,,,d_pct_mois_m05,0.08645011494604028
ibis-budget-nice,1,6,,,d_pct_mois_m06,0.12740451077284984
ibis-budget-nice,1,7,,,d_pct_mois_m07,0.14644507412301136
ibis-budget-nice,1,8,,,d_pct_mois_m08,0.15818102664762357
ibis-budget-nice,1,9,,,d_pct_mois_m09,0.12951707387860784
ibis-budget-nice,1,10,,,d_pct_mois_m10,0.08411911617569559
ibis-budget-nice,1,11,,,d_pct_mois_m11,0.04178384034338698
ibis-budget-nice,1,12,,,d_pct_mois_m12,0.03910762157166753
ibis-budget-nice,2,1,F&B,,d_pct_mois_m01_type_fandb,0.9016203703703703
ibis-budget-nice,3,1,F&B,FOOD SALEE,d_pct_mois_m01_type_fandb_gamme_food_salee,0.09146341463414634
ibis-budget-nice,3,1,F&B,FOOD SUCREE,d_pct_mois_m01_type_fandb_gamme_food_sucree,0.08023106546854941
ibis-budget-nice,3,1,F&B,SANS ALCOOL,d_pct_mois_m01_type_fandb_gamme_sans_alcool,0.8283055198973043
ibis-budget-nice,2,1,NON-F&B,,d_pct_mois_m01_type_non_fandb,0.09837962962962962
ibis-budget-nice,3,1,NON-F&B,ACCESSOIRES,d_pct_mois_m01_type_non_fandb_gamme_accessoires,0.5882352941176471
ibis-budget-nice,3,1,NON-F&B,SOS,d_pct_mois_m01_type_non_fandb_gamme_sos,0.4117647058823529
ibis-budget-nice,2,2,F&B,,d_pct_mois_m02_type_fandb,0.940365262765561
ibis-budget-nice,3,2,F&B,FOOD SALEE,d_pct_mois_m02_type_fandb_gamme_food_salee,0.07927070947284978
ibis-budget-nice,3,2,F&B,FOOD SUCREE,d_pct_mois_m02_type_fandb_gamme_food_sucree,0.06936187078874356
ibis-budget-nice,3,2,F&B,SANS ALCOOL,d_pct_mois_m02_type_fandb_gamme_sans_alcool,0.8513674197384067
ibis-budget-nice,2,2,NON-F&B,,d_pct_mois_m02_type_non_fandb,0.05963473723443906
ibis-budget-nice,3,2,NON-F&B,ACCESSOIRES,d_pct_mois_m02_type_non_fandb_gamme_accessoires,0.625
ibis-budget-nice,3,2,NON-F&B,PAP,d_pct_mois_m02_type_non_fandb_gamme_pap,0.375
ibis-budget-nice,2,3,F&B,,d_pct_mois_m03_type_fandb,0.9315730156174529
ibis-budget-nice,3,3,F&B,FOOD SALEE,d_pct_mois_m03_type_fandb_gamme_food_salee,0.03370203940546146
ibis-budget-nice,3,3,F&B,FOOD SUCREE,d_pct_mois_m03_type_fandb_gamme_food_sucree,0.07086069823712408
ibis-budget-nice,3,3,F&B,SANS ALCOOL,d_pct_mois_m03_type_fandb_gamme_sans_alcool,0.8954372623574145
ibis-budget-nice,2,3,NON-F&B,,d_pct_mois_m03_type_non_fandb,0.06842698438254709
ibis-budget-nice,3,3,NON-F&B,#REF!,d_pct_mois_m03_type_non_fandb_gamme_ref,0.5176470588235295
ibis-budget-nice,3,3,NON-F&B,ACCESSOIRES,d_pct_mois_m03_type_non_fandb_gamme_accessoires,0.4823529411764706
ibis-budget-nice,2,4,F&B,,d_pct_mois_m04_type_fandb,0.7366656317913692
ibis-budget-nice,3,4,F&B,FOOD SALEE,d_pct_mois_m04_type_fandb_gamme_food_salee,0.09356035064059338
ibis-budget-nice,3,4,F&B,FOOD SUCREE,d_pct_mois_m04_type_fandb_gamme_food_sucree,0.0667565745111261
ibis-budget-nice,3,4,F&B,SANS ALCOOL,d_pct_mois_m04_type_fandb_gamme_sans_alcool,0.8396830748482805
ibis-budget-nice,2,4,NON-F&B,,d_pct_mois_m04_type_non_fandb,0.2633343682086309
ibis-budget-nice,3,4,NON-F&B,#REF!,d_pct_mois_m04_type_non_fandb_gamme_ref,0.056590426786135344
ibis-budget-nice,3,4,NON-F&B,ACCESSOIRES,d_pct_mois_m04_type_non_fandb_gamme_accessoires,0.6156566847441641
ibis-budget-nice,3,4,NON-F&B,COSMETIQUE,d_pct_mois_m04_type_non_fandb_gamme_cosmetique,0.06838009903324688
ibis-budget-nice,3,4,NON-F&B,PAP,d_pct_mois_m04_type_non_fandb_gamme_pap,0.20749823154916291
ibis-budget-nice,3,4,NON-F&B,SOS,d_pct_mois_m04_type_non_fandb_gamme_sos,0.05187455788729073
ibis-budget-nice,2,5,F&B,,d_pct_mois_m05_type_fandb,0.5557911476278823
ibis-budget-nice,3,5,F&B,FOOD SALEE,d_pct_mois_m05_type_fandb_gamme_food_salee,0.13447782546494993
ibis-budget-nice,3,5,F&B,SANS ALCOOL,d_pct_mois_m05_type_fandb_gamme_sans_alcool,0.8655221745350501
ibis-budget-nice,2,5,NON-F&B,,d_pct_mois_m05_type_non_fandb,0.44420885237211766
ibis-budget-nice,3,5,NON-F&B,#REF!,d_pct_mois_m05_type_non_fandb_gamme_ref,0.39856801909307876
ibis-budget-nice,3,5,NON-F&B,ACCESSOIRES,d_pct_mois_m05_type_non_fandb_gamme_accessoires,0.3627684964200477
ibis-budget-nice,3,5,NON-F&B,JEUX / ENFANTS,d_pct_mois_m05_type_non_fandb_gamme_jeux_enfants,0.04295942720763723
ibis-budget-nice,3,5,NON-F&B,PAP,d_pct_mois_m05_type_non_fandb_gamme_pap,0.162291169451074
ibis-budget-nice,3,5,NON-F&B,SOS,d_pct_mois_m05_type_non_fandb_gamme_sos,0.03341288782816229
ibis-budget-nice,2,6,F&B,,d_pct_mois_m06_type_fandb,0.5258974174519818
ibis-budget-nice,3,6,F&B,FOOD SALEE,d_pct_mois_m06_type_fandb_gamme_food_salee,0.07762806921551192
ibis-budget-nice,3,6,F&B,SANS ALCOOL,d_pct_mois_m06_type_fandb_gamme_sans_alcool,0.9223719307844881
ibis-budget-nice,2,6,NON-F&B,,d_pct_mois_m06_type_non_fandb,0.47410258254801807
ibis-budget-nice,3,6,NON-F&B,#REF!,d_pct_mois_m06_type_non_fandb_gamme_ref,0.4476139898338518
ibis-budget-nice,3,6,NON-F&B,ACCESSOIRES,d_pct_mois_m06_type_non_fandb_gamme_accessoires,0.32478567635232536
ibis-budget-nice,3,6,NON-F&B,COSMETIQUE,d_pct_mois_m06_type_non_fandb_gamme_cosmetique,0.015173355587588196
ibis-budget-nice,3,6,NON-F&B,JEUX / ENFANTS,d_pct_mois_m06_type_non_fandb_gamme_jeux_enfants,0.04096806008648813
ibis-budget-nice,3,6,NON-F&B,PAP,d_pct_mois_m06_type_non_fandb_gamme_pap,0.15325089143464077
ibis-budget-nice,3,6,NON-F&B,SOS,d_pct_mois_m06_type_non_fandb_gamme_sos,0.018208026705105837
ibis-budget-nice,2,7,F&B,,d_pct_mois_m07_type_fandb,0.5198235128453861
ibis-budget-nice,3,7,F&B,FOOD SALEE,d_pct_mois_m07_type_fandb_gamme_food_salee,0.10835540573079701
ibis-budget-nice,3,7,F&B,SANS ALCOOL,d_pct_mois_m07_type_fandb_gamme_sans_alcool,0.891644594269203
ibis-budget-nice,2,7,NON-F&B,,d_pct_mois_m07_type_non_fandb,0.48017648715461403
ibis-budget-nice,3,7,NON-F&B,#REF!,d_pct_mois_m07_type_non_fandb_gamme_ref,0.5539263603779733
ibis-budget-nice,3,7,NON-F&B,ACCESSOIRES,d_pct_mois_m07_type_non_fandb_gamme_accessoires,0.25448028673835127
ibis-budget-nice,3,7,NON-F&B,COSMETIQUE,d_pct_mois_m07_type_non_fandb_gamme_cosmetique,0.02606712284131639
ibis-budget-nice,3,7,NON-F&B,JEUX / ENFANTS,d_pct_mois_m07_type_non_fandb_gamme_jeux_enfants,0.05865102639296188
ibis-budget-nice,3,7,NON-F&B,PAP,d_pct_mois_m07_type_non_fandb_gamme_pap,0.09644835451287065
ibis-budget-nice,3,7,NON-F&B,SOS,d_pct_mois_m07_type_non_fandb_gamme_sos,0.010426849136526556
ibis-budget-nice,2,8,F&B,,d_pct_mois_m08_type_fandb,0.510690074743612
ibis-budget-nice,3,8,F&B,FOOD SALEE,d_pct_mois_m08_type_fandb_gamme_food_salee,0.07374631268436578
ibis-budget-nice,3,8,F&B,SANS ALCOOL,d_pct_mois_m08_type_fandb_gamme_sans_alcool,0.9262536873156342
ibis-budget-nice,2,8,NON-F&B,,d_pct_mois_m08_type_non_fandb,0.48930992525638795
ibis-budget-nice,3,8,NON-F&B,#REF!,d_pct_mois_m08_type_non_fandb_gamme_ref,0.42628774422735344
ibis-budget-nice,3,8,NON-F&B,ACCESSOIRES,d_pct_mois_m08_type_non_fandb_gamme_accessoires,0.43220840734162225
ibis-budget-nice,3,8,NON-F&B,COSMETIQUE,d_pct_mois_m08_type_non_fandb_gamme_cosmetique,0.023090586145648313
ibis-budget-nice,3,8,NON-F&B,JEUX / ENFANTS,d_pct_mois_m08_type_non_fandb_gamme_jeux_enfants,0.05328596802841918
ibis-budget-nice,3,8,NON-F&B,PAP,d_pct_mois_m08_type_non_fandb_gamme_pap,0.055654233274126705
ibis-budget-nice,3,8,NON-F&B,SOS,d_pct_mois_m08_type_non_fandb_gamme_sos,0.009473060982830076
ibis-budget-nice,2,9,F&B,,d_pct_mois_m09_type_fandb,0.5011145313660971
ibis-budget-nice,3,9,F&B,FOOD SALEE,d_pct_mois_m09_type_fandb_gamme_food_salee,0.09249452799548118
ibis-budget-nice,3,9,F&B,FOOD SUCREE,d_pct_mois_m09_type_fandb_gamme_food_sucree,0.0670761844242039
ibis-budget-nice,3,9,F&B,SANS ALCOOL,d_pct_mois_m09_type_fandb_gamme_sans_alcool,0.8404292875803149
ibis-budget-nice,2,9,NON-F&B,,d_pct_mois_m09_type_non_fandb,0.49888546863390293
ibis-budget-nice,3,9,NON-F&B,#REF!,d_pct_mois_m09_type_non_fandb_gamme_ref,0.601418439716312
ibis-budget-nice,3,9,NON-F&B,ACCESSOIRES,d_pct_mois_m09_type_non_fandb_gamme_accessoires,0.2690307328605201
ibis-budget-nice,3,9,NON-F&B,COSMETIQUE,d_pct_mois_m09_type_non_fandb_gamme_cosmetique,0.028368794326241134
ibis-budget-nice,3,9,NON-F&B,PAP,d_pct_mois_m09_type_non_fandb_gamme_pap,0.08983451536643026
ibis-budget-nice,3,9,NON-F&B,SOS,d_pct_mois_m09_type_non_fandb_gamme_sos,0.011347517730496455
ibis-budget-nice,2,10,F&B,,d_pct_mois_m10_type_fandb,0.6222920336305362
ibis-budget-nice,3,10,F&B,FOOD SALEE,d_pct_mois_m10_type_fandb_gamme_food_salee,0.10680206600717851
ibis-budget-nice,3,10,F&B,FOOD SUCREE,d_pct_mois_m10_type_fandb_gamme_food_sucree,0.07003414164405147
ibis-budget-nice,3,10,F&B,SANS ALCOOL,d_pct_mois_m10_type_fandb_gamme_sans_alcool,0.82316379234877
ibis-budget-nice,2,10,NON-F&B,,d_pct_mois_m10_type_non_fandb,0.3777079663694638
ibis-budget-nice,3,10,NON-F&B,#REF!,d_pct_mois_m10_type_non_fandb_gamme_ref,0.3346153846153846
ibis-budget-nice,3,10,NON-F&B,ACCESSOIRES,d_pct_mois_m10_type_non_fandb_gamme_accessoires,0.39807692307692305
ibis-budget-nice,3,10,NON-F&B,PAP,d_pct_mois_m10_type_non_fandb_gamme_pap,0.10576923076923075
ibis-budget-nice,3,10,NON-F&B,SOS,d_pct_mois_m10_type_non_fandb_gamme_sos,0.16153846153846152
ibis-budget-nice,2,11,F&B,,d_pct_mois_m11_type_fandb,0.759815749067778
ibis-budget-nice,3,11,F&B,FOOD SALEE,d_pct_mois_m11_type_fandb_gamme_food_salee,0.08516166281755196
ibis-budget-nice,3,11,F&B,FOOD SUCREE,d_pct_mois_m11_type_fandb_gamme_food_sucree,0.05918013856812932
ibis-budget-nice,3,11,F&B,SANS ALCOOL,d_pct_mois_m11_type_fandb_gamme_sans_alcool,0.8556581986143187
ibis-budget-nice,2,11,NON-F&B,,d_pct_mois_m11_type_non_fandb,0.2270234700592235
ibis-budget-nice,3,11,NON-F&B,#REF!,d_pct_mois_m11_type_non_fandb_gamme_ref,0.8115942028985508
ibis-budget-nice,3,11,NON-F&B,ACCESSOIRES,d_pct_mois_m11_type_non_fandb_gamme_accessoires,0.11594202898550725
ibis-budget-nice,3,11,NON-F&B,PAP,d_pct_mois_m11_type_non_fandb_gamme_pap,0.07246376811594203
ibis-budget-nice,2,12,F&B,,d_pct_mois_m12_type_fandb,0.6988516522146707
ibis-budget-nice,3,12,F&B,FOOD SALEE,d_pct_mois_m12_type_fandb_gamme_food_salee,0.062038900067069074
ibis-budget-nice,3,12,F&B,FOOD SUCREE,d_pct_mois_m12_type_fandb_gamme_food_sucree,0.08886653252850435
ibis-budget-nice,3,12,F&B,SANS ALCOOL,d_pct_mois_m12_type_fandb_gamme_sans_alcool,0.8490945674044265
ibis-budget-nice,2,12,NON-F&B,,d_pct_mois_m12_type_non_fandb,0.1652214670728849
ibis-budget-nice,3,12,NON-F&B,#REF!,d_pct_mois_m12_type_non_fandb_gamme_ref,0.45390070921985815
ibis-budget-nice,3,12,NON-F&B,ACCESSOIRES,d_pct_mois_m12_type_non_fandb_gamme_accessoires,0.2624113475177305
ibis-budget-nice,3,12,NON-F&B,PAP,d_pct_mois_m12_type_non_fandb_gamme_pap,0.22695035460992907
ibis-budget-nice,3,12,NON-F&B,SOS,d_pct_mois_m12_type_non_fandb_gamme_sos,0.05673758865248227
ibis-budget-strasbourg,1,1,,,d_pct_mois_m01,0.05270285520821578
ibis-budget-strasbourg,1,2,,,d_pct_mois_m02,0.05605085957190686
ibis-budget-strasbourg,1,3,,,d_pct_mois_m03,0.06955573110634616
ibis-budget-strasbourg,1,4,,,d_pct_mois_m04,0.08110446525975247
ibis-budget-strasbourg,1,5,,,d_pct_mois_m05,0.049204378738291386
ibis-budget-strasbourg,1,6,,,d_pct_mois_m06,0.12857841477636084
ibis-budget-strasbourg,1,7,,,d_pct_mois_m07,0.11101079637362224
ibis-budget-strasbourg,1,8,,,d_pct_mois_m08,0.13305495993680172
ibis-budget-strasbourg,1,9,,,d_pct_mois_m09,0.048075837941541584
ibis-budget-strasbourg,1,10,,,d_pct_mois_m10,0.06052740473234774
ibis-budget-strasbourg,1,11,,,d_pct_mois_m11,0.08035210472858594
ibis-budget-strasbourg,1,12,,,d_pct_mois_m12,0.12978219162622728
ibis-budget-strasbourg,2,1,F&B,,d_pct_mois_m01_type_fandb,1.0
ibis-budget-strasbourg,3,1,F&B,FOOD SALEE,d_pct_mois_m01_type_fandb_gamme_food_salee,0.11777301927194861
ibis-budget-strasbourg,3,1,F&B,FOOD SUCREE,d_pct_mois_m01_type_fandb_gamme_food_sucree,0.251249107780157
ibis-budget-strasbourg,3,1,F&B,SANS ALCOOL,d_pct_mois_m01_type_fandb_gamme_sans_alcool,0.6309778729478943
ibis-budget-strasbourg,2,2,F&B,,d_pct_mois_m02_type_fandb,1.0
ibis-budget-strasbourg,3,2,F&B,FOOD SALEE,d_pct_mois_m02_type_fandb_gamme_food_salee,0.11409395973154363
ibis-budget-strasbourg,3,2,F&B,FOOD SUCREE,d_pct_mois_m02_type_fandb_gamme_food_sucree,0.25973154362416107
ibis-budget-strasbourg,3,2,F&B,SANS ALCOOL,d_pct_mois_m02_type_fandb_gamme_sans_alcool,0.6261744966442953
ibis-budget-strasbourg,2,3,F&B,,d_pct_mois_m03_type_fandb,1.0
ibis-budget-strasbourg,3,3,F&B,FOOD SALEE,d_pct_mois_m03_type_fandb_gamme_food_salee,0.18009734991887508
ibis-budget-strasbourg,3,3,F&B,FOOD SUCREE,d_pct_mois_m03_type_fandb_gamme_food_sucree,0.34613304488912927
ibis-budget-strasbourg,3,3,F&B,SANS ALCOOL,d_pct_mois_m03_type_fandb_gamme_sans_alcool,0.4737696051919957
ibis-budget-strasbourg,2,4,F&B,,d_pct_mois_m04_type_fandb,1.0
ibis-budget-strasbourg,3,4,F&B,FOOD SALEE,d_pct_mois_m04_type_fandb_gamme_food_salee,0.187847866419295
ibis-budget-strasbourg,3,4,F&B,FOOD SUCREE,d_pct_mois_m04_type_fandb_gamme_food_sucree,0.21428571428571427
ibis-budget-strasbourg,3,4,F&B,SANS ALCOOL,d_pct_mois_m04_type_fandb_gamme_sans_alcool,0.5978664192949907
ibis-budget-strasbourg,2,5,F&B,,d_pct_mois_m05_type_fandb,1.0
ibis-budget-strasbourg,3,5,F&B,FOOD SALEE,d_pct_mois_m05_type_fandb_gamme_food_salee,0.06880733944954129
ibis-budget-strasbourg,3,5,F&B,FOOD SUCREE,d_pct_mois_m05_type_fandb_gamme_food_sucree,0.18807339449541285
ibis-budget-strasbourg,3,5,F&B,SANS ALCOOL,d_pct_mois_m05_type_fandb_gamme_sans_alcool,0.7431192660550459
ibis-budget-strasbourg,2,6,F&B,,d_pct_mois_m06_type_fandb,1.0
ibis-budget-strasbourg,3,6,F&B,FOOD SALEE,d_pct_mois_m06_type_fandb_gamme_food_salee,0.09566998244587478
ibis-budget-strasbourg,3,6,F&B,FOOD SUCREE,d_pct_mois_m06_type_fandb_gamme_food_sucree,0.13779988297249854
ibis-budget-strasbourg,3,6,F&B,SANS ALCOOL,d_pct_mois_m06_type_fandb_gamme_sans_alcool,0.7665301345816267
ibis-budget-strasbourg,2,7,F&B,,d_pct_mois_m07_type_fandb,1.0
ibis-budget-strasbourg,3,7,F&B,FOOD SALEE,d_pct_mois_m07_type_fandb_gamme_food_salee,0.18332768553032872
ibis-budget-strasbourg,3,7,F&B,FOOD SUCREE,d_pct_mois_m07_type_fandb_gamme_food_sucree,0.2097594035920027
ibis-budget-strasbourg,3,7,F&B,SANS ALCOOL,d_pct_mois_m07_type_fandb_gamme_sans_alcool,0.6069129108776686
ibis-budget-strasbourg,2,8,F&B,,d_pct_mois_m08_type_fandb,1.0
ibis-budget-strasbourg,3,8,F&B,FOOD SALEE,d_pct_mois_m08_type_fandb_gamme_food_salee,0.11620016963528414
ibis-budget-strasbourg,3,8,F&B,FOOD SUCREE,d_pct_mois_m08_type_fandb_gamme_food_sucree,0.12581283573649985
ibis-budget-strasbourg,3,8,F&B,SANS ALCOOL,d_pct_mois_m08_type_fandb_gamme_sans_alcool,0.757986994628216
ibis-budget-strasbourg,2,9,F&B,,d_pct_mois_m09_type_fandb,1.0
ibis-budget-strasbourg,3,9,F&B,FOOD SALEE,d_pct_mois_m09_type_fandb_gamme_food_salee,0.12519561815336464
ibis-budget-strasbourg,3,9,F&B,FOOD SUCREE,d_pct_mois_m09_type_fandb_gamme_food_sucree,0.20422535211267606
ibis-budget-strasbourg,3,9,F&B,SANS ALCOOL,d_pct_mois_m09_type_fandb_gamme_sans_alcool,0.6705790297339593
ibis-budget-strasbourg,2,10,F&B,,d_pct_mois_m10_type_fandb,1.0
ibis-budget-strasbourg,3,10,F&B,FOOD SALEE,d_pct_mois_m10_type_fandb_gamme_food_salee,0.16625233064014916
ibis-budget-strasbourg,3,10,F&B,FOOD SUCREE,d_pct_mois_m10_type_fandb_gamme_food_sucree,0.209136109384711
ibis-budget-strasbourg,3,10,F&B,SANS ALCOOL,d_pct_mois_m10_type_fandb_gamme_sans_alcool,0.6246115599751398
ibis-budget-strasbourg,2,11,F&B,,d_pct_mois_m11_type_fandb,1.0
ibis-budget-strasbourg,3,11,F&B,FOOD SALEE,d_pct_mois_m11_type_fandb_gamme_food_salee,0.21067415730337077
ibis-budget-strasbourg,3,11,F&B,FOOD SUCREE,d_pct_mois_m11_type_fandb_gamme_food_sucree,0.26264044943820225
ibis-budget-strasbourg,3,11,F&B,SANS ALCOOL,d_pct_mois_m11_type_fandb_gamme_sans_alcool,0.526685393258427
ibis-budget-strasbourg,2,12,F&B,,d_pct_mois_m12_type_fandb,1.0
ibis-budget-strasbourg,3,12,F&B,FOOD SALEE,d_pct_mois_m12_type_fandb_gamme_food_salee,0.08550724637681159
ibis-budget-strasbourg,3,12,F&B,FOOD SUCREE,d_pct_mois_m12_type_fandb_gamme_food_sucree,0.21144927536231883
ibis-budget-strasbourg,3,12,F&B,SANS ALCOOL,d_pct_mois_m12_type_fandb_gamme_sans_alcool,0.7030434782608695
mercure-montmartre,1,1,,,d_pct_mois_m01,0.08802681287305482
mercure-montmartre,1,2,,,d_pct_mois_m02,0.06950138395096175
mercure-montmartre,1,3,,,d_pct_mois_m03,0.07945949739557033
mercure-montmartre,1,4,,,d_pct_mois_m04,0.09199807599148918
mercure-montmartre,1,5,,,d_pct_mois_m05,0.06924890062769923
mercure-montmartre,1,6,,,d_pct_mois_m06,0.08104286738891162
mercure-montmartre,1,7,,,d_pct_mois_m07,0.07696889918982809
mercure-montmartre,1,8,,,d_pct_mois_m08,0.06064735012333169
mercure-montmartre,1,9,,,d_pct_mois_m09,0.10309878345831971
mercure-montmartre,1,10,,,d_pct_mois_m10,0.12337618988115312
mercure-montmartre,1,11,,,d_pct_mois_m11,0.0773925576475059
mercure-montmartre,1,12,,,d_pct_mois_m12,0.07923868147217464
mercure-montmartre,2,1,F&B,,d_pct_mois_m01_type_fandb,0.985512882839086
mercure-montmartre,3,1,F&B,ALCOOL,d_pct_mois_m01_type_fandb_gamme_alcool,0.29873717442778214
mercure-montmartre,3,1,F&B,FOOD SALEE,d_pct_mois_m01_type_fandb_gamme_food_salee,0.054064719810576166
mercure-montmartre,3,1,F&B,FOOD SUCREE,d_pct_mois_m01_type_fandb_gamme_food_sucree,0.12253354380426204
mercure-montmartre,3,1,F&B,SANS ALCOOL,d_pct_mois_m01_type_fandb_gamme_sans_alcool,0.5189423835832676
mercure-montmartre,3,1,F&B,SOUVENIRS,d_pct_mois_m01_type_fandb_gamme_souvenirs,0.005722178374112076
mercure-montmartre,2,1,NON-F&B,,d_pct_mois_m01_type_non_fandb,0.014487117160913953
mercure-montmartre,3,1,NON-F&B,COSMETIQUE,d_pct_mois_m01_type_non_fandb_gamme_cosmetique,0.4899328859060403
mercure-montmartre,3,1,NON-F&B,SOS,d_pct_mois_m01_type_non_fandb_gamme_sos,0.5100671140939598
mercure-montmartre,2,2,F&B,,d_pct_mois_m02_type_fandb,0.846438027215073
mercure-montmartre,3,2,F&B,ALCOOL,d_pct_mois_m02_type_fandb_gamme_alcool,0.32559831235906017
mercure-montmartre,3,2,F&B,FOOD SALEE,d_pct_mois_m02_type_fandb_gamme_food_salee,0.08074488979413691
mercure-montmartre,3,2,F&B,FOOD SUCREE,d_pct_mois_m02_type_fandb_gamme_food_sucree,0.06415945297155744
mercure-montmartre,3,2,F&B,SANS ALCOOL,d_pct_mois_m02_type_fandb_gamme_sans_alcool,0.5210591401760384
mercure-montmartre,3,2,F&B,SOUVENIRS,d_pct_mois_m02_type_fandb_gamme_souvenirs,0.0084382046992071
mercure-montmartre,2,2,NON-F&B,,d_pct_mois_m02_type_non_fandb,0.15356197278492703
mercure-montmartre,3,2,NON-F&B,COSMETIQUE,d_pct_mois_m02_type_non_fandb_gamme_cosmetique,0.2806736166800321
mercure-montmartre,3,2,NON-F&B,SOS,d_pct_mois_m02_type_non_fandb_gamme_sos,0.11307137129109864
mercure-montmartre,3,2,NON-F&B,SOUVENIRS,d_pct_mois_m02_type_non_fandb_gamme_souvenirs,0.6062550120288693
mercure-montmartre,2,3,F&B,,d_pct_mois_m03_type_fandb,0.91813873330461
mercure-montmartre,3,3,F&B,ALCOOL,d_pct_mois_m03_type_fandb_gamme_alcool,0.2563350539652745
mercure-montmartre,3,3,F&B,FOOD SALEE,d_pct_mois_m03_type_fandb_gamme_food_salee,0.06182543406851244
mercure-montmartre,3,3,F&B,FOOD SUCREE,d_pct_mois_m03_type_fandb_gamme_food_sucree,0.08962928202721727
mercure-montmartre,3,3,F&B,SANS ALCOOL,d_pct_mois_m03_type_fandb_gamme_sans_alcool,0.5889253871421868
mercure-montmartre,3,3,F&B,SOUVENIRS,d_pct_mois_m03_type_fandb_gamme_souvenirs,0.00328484279680901
mercure-montmartre,2,3,NON-F&B,,d_pct_mois_m03_type_non_fandb,0.08186126669538991
mercure-montmartre,3,3,NON-F&B,COSMETIQUE,d_pct_mois_m03_type_non_fandb_gamme_cosmetique,0.3131578947368421
mercure-montmartre,3,3,NON-F&B,SOS,d_pct_mois_m03_type_non_fandb_gamme_sos,0.5710526315789474
mercure-montmartre,3,3,NON-F&B,SOUVENIRS,d_pct_mois_m03_type_non_fandb_gamme_souvenirs,0.11578947368421053
mercure-montmartre,2,4,F&B,,d_pct_mois_m04_type_fandb,0.8768257512326728
mercure-montmartre,3,4,F&B,ALCOOL,d_pct_mois_m04_type_fandb_gamme_alcool,0.30716180371352786
mercure-montmartre,3,4,F&B,FOOD SALEE,d_pct_mois_m04_type_fandb_gamme_food_salee,0.04753315649867374
mercure-montmartre,3,4,F&B,FOOD SUCREE,d_pct_mois_m04_type_fandb_gamme_food_sucree,0.08095490716180372
mercure-montmartre,3,4,F&B,SANS ALCOOL,d_pct_mois_m04_type_fandb_gamme_sans_alcool,0.5287002652519894
mercure-montmartre,3,4,F&B,SOUVENIRS,d_pct_mois_m04_type_fandb_gamme_souvenirs,0.03564986737400531
mercure-montmartre,2,4,NON-F&B,,d_pct_mois_m04_type_non_fandb,0.12317424876732719
mercure-montmartre,3,4,NON-F&B,COSMETIQUE,d_pct_mois_m04_type_non_fandb_gamme_cosmetique,0.30513595166163143
mercure-montmartre,3,4,NON-F&B,SOS,d_pct_mois_m04_type_non_fandb_gamme_sos,0.3564954682779456
mercure-montmartre,3,4,NON-F&B,SOUVENIRS,d_pct_mois_m04_type_non_fandb_gamme_souvenirs,0.338368580060423
mercure-montmartre,2,5,F&B,,d_pct_mois_m05_type_fandb,0.9368434062538623
mercure-montmartre,3,5,F&B,ALCOOL,d_pct_mois_m05_type_fandb_gamme_alcool,0.2711081794195251
mercure-montmartre,3,5,F&B,FOOD SALEE,d_pct_mois_m05_type_fandb_gamme_food_salee,0.07229551451187335
mercure-montmartre,3,5,F&B,FOOD SUCREE,d_pct_mois_m05_type_fandb_gamme_food_sucree,0.070844327176781
mercure-montmartre,3,5,F&B,SANS ALCOOL,d_pct_mois_m05_type_fandb_gamme_sans_alcool,0.5857519788918206
mercure-montmartre,2,5,NON-F&B,,d_pct_mois_m05_type_non_fandb,0.06315659374613769
mercure-montmartre,3,5,NON-F&B,COSMETIQUE,d_pct_mois_m05_type_non_fandb_gamme_cosmetique,0.38943248532289626
mercure-montmartre,3,5,NON-F&B,SOS,d_pct_mois_m05_type_non_fandb_gamme_sos,0.48532289628180036
mercure-montmartre,3,5,NON-F&B,SOUVENIRS,d_pct_mois_m05_type_non_fandb_gamme_souvenirs,0.12524461839530332
mercure-montmartre,2,6,F&B,,d_pct_mois_m06_type_fandb,0.9526877178160312
mercure-montmartre,3,6,F&B,ALCOOL,d_pct_mois_m06_type_fandb_gamme_alcool,0.1568562243653697
mercure-montmartre,3,6,F&B,FOOD SALEE,d_pct_mois_m06_type_fandb_gamme_food_salee,0.05387429331559694
mercure-montmartre,3,6,F&B,FOOD SUCREE,d_pct_mois_m06_type_fandb_gamme_food_sucree,0.08713002993016296
mercure-montmartre,3,6,F&B,SANS ALCOOL,d_pct_mois_m06_type_fandb_gamme_sans_alcool,0.6921627314045006
mercure-montmartre,3,6,F&B,SOUVENIRS,d_pct_mois_m06_type_fandb_gamme_souvenirs,0.009976720984369804
mercure-montmartre,2,6,NON-F&B,,d_pct_mois_m06_type_non_fandb,0.04731228218396874
mercure-montmartre,3,6,NON-F&B,COSMETIQUE,d_pct_mois_m06_type_non_fandb_gamme_cosmetique,0.59375
mercure-montmartre,3,6,NON-F&B,SOS,d_pct_mois_m06_type_non_fandb_gamme_sos,0.21875
mercure-montmartre,3,6,NON-F&B,SOUVENIRS,d_pct_mois_m06_type_non_fandb_gamme_souvenirs,0.1875
mercure-montmartre,2,7,F&B,,d_pct_mois_m07_type_fandb,0.9705326364950517
mercure-montmartre,3,7,F&B,ALCOOL,d_pct_mois_m07_type_fandb_gamme_alcool,0.19867094408799266
mercure-montmartre,3,7,F&B,FOOD SALEE,d_pct_mois_m07_type_fandb_gamme_food_salee,0.07023373052245646
mercure-montmartre,3,7,F&B,FOOD SUCREE,d_pct_mois_m07_type_fandb_gamme_food_sucree,0.0826076993583868
mercure-montmartre,3,7,F&B,SANS ALCOOL,d_pct_mois_m07_type_fandb_gamme_sans_alcool,0.6450504124656279
mercure-montmartre,3,7,F&B,SOUVENIRS,d_pct_mois_m07_type_fandb_gamme_souvenirs,0.0034372135655362053
mercure-montmartre,2,7,NON-F&B,,d_pct_mois_m07_type_non_fandb,0.02946736350494829
mercure-montmartre,3,7,NON-F&B,COSMETIQUE,d_pct_mois_m07_type_non_fandb_gamme_cosmetique,0.5660377358490566
mercure-montmartre,3,7,NON-F&B,SOS,d_pct_mois_m07_type_non_fandb_gamme_sos,0.18490566037735848
mercure-montmartre,3,7,NON-F&B,SOUVENIRS,d_pct_mois_m07_type_non_fandb_gamme_souvenirs,0.2490566037735849
mercure-montmartre,2,8,F&B,,d_pct_mois_m08_type_fandb,0.9740333051086649
mercure-montmartre,3,8,F&B,ALCOOL,d_pct_mois_m08_type_fandb_gamme_alcool,0.26992176180817157
mercure-montmartre,3,8,F&B,FOOD SALEE,d_pct_mois_m08_type_fandb_gamme_food_salee,0.06201101130107215
mercure-montmartre,3,8,F&B,FOOD SUCREE,d_pct_mois_m08_type_fandb_gamme_food_sucree,0.10909881193856853
mercure-montmartre,3,8,F&B,SANS ALCOOL,d_pct_mois_m08_type_fandb_gamme_sans_alcool,0.5589684149521877
mercure-montmartre,2,8,NON-F&B,,d_pct_mois_m08_type_non_fandb,0.025966694891335025
mercure-montmartre,3,8,NON-F&B,COSMETIQUE,d_pct_mois_m08_type_non_fandb_gamme_cosmetique,0.13043478260869565
mercure-montmartre,3,8,NON-F&B,SOS,d_pct_mois_m08_type_non_fandb_gamme_sos,0.41304347826086957
mercure-montmartre,3,8,NON-F&B,SOUVENIRS,d_pct_mois_m08_type_non_fandb_gamme_souvenirs,0.45652173913043476
mercure-montmartre,2,9,F&B,,d_pct_mois_m09_type_fandb,0.9845591897725386
mercure-montmartre,3,9,F&B,ALCOOL,d_pct_mois_m09_type_fandb_gamme_alcool,0.35084317032040474
mercure-montmartre,3,9,F&B,FOOD SALEE,d_pct_mois_m09_type_fandb_gamme_food_salee,0.0672849915682968
mercure-montmartre,3,9,F&B,FOOD SUCREE,d_pct_mois_m09_type_fandb_gamme_food_sucree,0.08347386172006746
mercure-montmartre,3,9,F&B,SANS ALCOOL,d_pct_mois_m09_type_fandb_gamme_sans_alcool,0.498397976391231
mercure-montmartre,2,9,NON-F&B,,d_pct_mois_m09_type_non_fandb,0.015440810227461398
mercure-montmartre,3,9,NON-F&B,COSMETIQUE,d_pct_mois_m09_type_non_fandb_gamme_cosmetique,0.3225806451612903
mercure-montmartre,3,9,NON-F&B,SOS,d_pct_mois_m09_type_non_fandb_gamme_sos,0.22580645161290322
mercure-montmartre,3,9,NON-F&B,SOUVENIRS,d_pct_mois_m09_type_non_fandb_gamme_souvenirs,0.45161290322580644
mercure-montmartre,2,10,F&B,,d_pct_mois_m10_type_fandb,0.9515650147066984
mercure-montmartre,3,10,F&B,ALCOOL,d_pct_mois_m10_type_fandb_gamme_alcool,0.31355252606255013
mercure-montmartre,3,10,F&B,FOOD SALEE,d_pct_mois_m10_type_fandb_gamme_food_salee,0.06969453962236641
mercure-montmartre,3,10,F&B,FOOD SUCREE,d_pct_mois_m10_type_fandb_gamme_food_sucree,0.060508857621928994
mercure-montmartre,3,10,F&B,SANS ALCOOL,d_pct_mois_m10_type_fandb_gamme_sans_alcool,0.5562440766931545
mercure-montmartre,2,10,NON-F&B,,d_pct_mois_m10_type_non_fandb,0.048434985293301515
mercure-montmartre,3,10,NON-F&B,COSMETIQUE,d_pct_mois_m10_type_non_fandb_gamme_cosmetique,0.20252076768834146
mercure-montmartre,3,10,NON-F&B,SOS,d_pct_mois_m10_type_non_fandb_gamme_sos,0.17015181896304782
mercure-montmartre,3,10,NON-F&B,SOUVENIRS,d_pct_mois_m10_type_non_fandb_gamme_souvenirs,0.6273274133486106
mercure-montmartre,2,11,F&B,,d_pct_mois_m11_type_fandb,0.9837987282278131
mercure-montmartre,3,11,F&B,ALCOOL,d_pct_mois_m11_type_fandb_gamme_alcool,0.297886690647482
mercure-montmartre,3,11,F&B,FOOD SALEE,d_pct_mois_m11_type_fandb_gamme_food_salee,0.08329586330935251
mercure-montmartre,3,11,F&B,FOOD SUCREE,d_pct_mois_m11_type_fandb_gamme_food_sucree,0.08655575539568346
mercure-montmartre,3,11,F&B,SANS ALCOOL,d_pct_mois_m11_type_fandb_gamme_sans_alcool,0.5288893884892086
mercure-montmartre,3,11,F&B,SOUVENIRS,d_pct_mois_m11_type_fandb_gamme_souvenirs,0.003372302158273381
mercure-montmartre,2,11,NON-F&B,,d_pct_mois_m11_type_non_fandb,0.016201271772186894
mercure-montmartre,3,11,NON-F&B,COSMETIQUE,d_pct_mois_m11_type_non_fandb_gamme_cosmetique,0.5508532423208191
mercure-montmartre,3,11,NON-F&B,SOS,d_pct_mois_m11_type_non_fandb_gamme_sos,0.4491467576791809
mercure-montmartre,2,12,F&B,,d_pct_mois_m12_type_fandb,0.9569894795964657
mercure-montmartre,3,12,F&B,ALCOOL,d_pct_mois_m12_type_fandb_gamme_alcool,0.3511286681715576
mercure-montmartre,3,12,F&B,FOOD SALEE,d_pct_mois_m12_type_fandb_gamme_food_salee,0.06941309255079006
mercure-montmartre,3,12,F&B,FOOD SUCREE,d_pct_mois_m12_type_fandb_gamme_food_sucree,0.09130925507900677
mercure-montmartre,3,12,F&B,SANS ALCOOL,d_pct_mois_m12_type_fandb_gamme_sans_alcool,0.4881489841986456
mercure-montmartre,2,12,NON-F&B,,d_pct_mois_m12_type_non_fandb,0.04301052040353416
mercure-montmartre,3,12,NON-F&B,COSMETIQUE,d_pct_mois_m12_type_non_fandb_gamme_cosmetique,0.5735811150175791
mercure-montmartre,3,12,NON-F&B,SOS,d_pct_mois_m12_type_non_fandb_gamme_sos,0.3159216474133601
mercure-montmartre,3,12,NON-F&B,SOUVENIRS,d_pct_mois_m12_type_non_fandb_gamme_souvenirs,0.11049723756906078
novotel-megeve,1,1,,,d_pct_mois_m01,0.09819246491562972
novotel-megeve,1,2,,,d_pct_mois_m02,0.11714568494466505
novotel-megeve,1,3,,,d_pct_mois_m03,0.05596112085170333
novotel-megeve,1,4,,,d_pct_mois_m04,0.046341036371992814
novotel-megeve,1,5,,,d_pct_mois_m05,0.052103116800373515
novotel-megeve,1,6,,,d_pct_mois_m06,0.060292104284050255
novotel-megeve,1,7,,,d_pct_mois_m07,0.08776503259788483
novotel-megeve,1,8,,,d_pct_mois_m08,0.13692327520591016
novotel-megeve,1,9,,,d_pct_mois_m09,0.07904956678006822
novotel-megeve,1,10,,,d_pct_mois_m10,0.04134739545210263
novotel-megeve,1,11,,,d_pct_mois_m11,0.06834856027021835
novotel-megeve,1,12,,,d_pct_mois_m12,0.15653064152540103
novotel-megeve,2,1,F&B,,d_pct_mois_m01_type_fandb,0.37811733822036203
novotel-megeve,3,1,F&B,ALCOOL,d_pct_mois_m01_type_fandb_gamme_alcool,0.02095886822111606
novotel-megeve,3,1,F&B,FOOD SALEE,d_pct_mois_m01_type_fandb_gamme_food_salee,0.10217448257794079
novotel-megeve,3,1,F&B,FOOD SUCREE,d_pct_mois_m01_type_fandb_gamme_food_sucree,0.7137804558553839
novotel-megeve,3,1,F&B,SANS ALCOOL,d_pct_mois_m01_type_fandb_gamme_sans_alcool,0.1414723604925334
novotel-megeve,3,1,F&B,SOUVENIRS,d_pct_mois_m01_type_fandb_gamme_souvenirs,0.021613832853025938
novotel-megeve,2,1,NON-F&B,,d_pct_mois_m01_type_non_fandb,0.6218826617796379
novotel-megeve,3,1,NON-F&B,#REF!,d_pct_mois_m01_type_non_fandb_gamme_ref,0.09557564414001832
novotel-megeve,3,1,NON-F&B,ACCESSOIRES,d_pct_mois_m01_type_non_fandb_gamme_accessoires,0.14575285731352794
novotel-megeve,3,1,NON-F&B,JEUX / ENFANTS,d_pct_mois_m01_type_non_fandb_gamme_jeux_enfants,0.19756282107442955
novotel-megeve,3,1,NON-F&B,PAP,d_pct_mois_m01_type_non_fandb_gamme_pap,0.4707100473895902
novotel-megeve,3,1,NON-F&B,SOS,d_pct_mois_m01_type_non_fandb_gamme_sos,0.08920393453068377
novotel-megeve,3,1,NON-F&B,SOUVENIRS,d_pct_mois_m01_type_non_fandb_gamme_souvenirs,0.001194695551750229
novotel-megeve,2,2,F&B,,d_pct_mois_m02_type_fandb,0.29456334461212713
novotel-megeve,3,2,F&B,ALCOOL,d_pct_mois_m02_type_fandb_gamme_alcool,0.05637773079633545
novotel-megeve,3,2,F&B,FOOD SALEE,d_pct_mois_m02_type_fandb_gamme_food_salee,0.11233262861169838
novotel-megeve,3,2,F&B,FOOD SUCREE,d_pct_mois_m02_type_fandb_gamme_food_sucree,0.5437632135306554
novotel-megeve,3,2,F&B,SANS ALCOOL,d_pct_mois_m02_type_fandb_gamme_sans_alcool,0.28752642706131076
novotel-megeve,2,2,NON-F&B,,d_pct_mois_m02_type_non_fandb,0.7054366553878729
novotel-megeve,3,2,NON-F&B,#REF!,d_pct_mois_m02_type_non_fandb_gamme_ref,0.019421475443604154
novotel-megeve,3,2,NON-F&B,ACCESSOIRES,d_pct_mois_m02_type_non_fandb_gamme_accessoires,0.21893299590971954
novotel-megeve,3,2,NON-F&B,COSMETIQUE,d_pct_mois_m02_type_non_fandb_gamme_cosmetique,0.03054468410675926
novotel-megeve,3,2,NON-F&B,JEUX / ENFANTS,d_pct_mois_m02_type_non_fandb_gamme_jeux_enfants,0.20554394844481064
novotel-megeve,3,2,NON-F&B,PAP,d_pct_mois_m02_type_non_fandb_gamme_pap,0.2001000500250125
novotel-megeve,3,2,NON-F&B,SOS,d_pct_mois_m02_type_non_fandb_gamme_sos,0.32104287437836565
novotel-megeve,3,2,NON-F&B,SOUVENIRS,d_pct_mois_m02_type_non_fandb_gamme_souvenirs,0.004413971691728216
novotel-megeve,2,3,F&B,,d_pct_mois_m03_type_fandb,0.2739815317762086
novotel-megeve,3,3,F&B,FOOD SALEE,d_pct_mois_m03_type_fandb_gamme_food_salee,0.24107850911974624
novotel-megeve,3,3,F&B,FOOD SUCREE,d_pct_mois_m03_type_fandb_gamme_food_sucree,0.4591593973037272
novotel-megeve,3,3,F&B,SANS ALCOOL,d_pct_mois_m03_type_fandb_gamme_sans_alcool,0.29976209357652656
novotel-megeve,2,3,NON-F&B,,d_pct_mois_m03_type_non_fandb,0.7260184682237915
novotel-megeve,3,3,NON-F&B,#REF!,d_pct_mois_m03_type_non_fandb_gamme_ref,0.07182403112374681
novotel-megeve,3,3,NON-F&B,ACCESSOIRES,d_pct_mois_m03_type_non_fandb_gamme_accessoires,0.1274876552446506
novotel-megeve,3,3,NON-F&B,COSMETIQUE,d_pct_mois_m03_type_non_fandb_gamme_cosmetique,0.08199910219961096
novotel-megeve,3,3,NON-F&B,JEUX / ENFANTS,d_pct_mois_m03_type_non_fandb_gamme_jeux_enfants,0.3110878348047284
novotel-megeve,3,3,NON-F&B,PAP,d_pct_mois_m03_type_non_fandb_gamme_pap,0.28729612449498726
novotel-megeve,3,3,NON-F&B,SOS,d_pct_mois_m03_type_non_fandb_gamme_sos,0.10653897950022445
novotel-megeve,3,3,NON-F&B,SOUVENIRS,d_pct_mois_m03_type_non_fandb_gamme_souvenirs,0.013766272632051473
novotel-megeve,2,4,F&B,,d_pct_mois_m04_type_fandb,0.21777346312281898
novotel-megeve,3,4,F&B,FOOD SALEE,d_pct_mois_m04_type_fandb_gamme_food_salee,0.15180722891566265
novotel-megeve,3,4,F&B,FOOD SUCREE,d_pct_mois_m04_type_fandb_gamme_food_sucree,0.6987951807228916
novotel-megeve,3,4,F&B,SANS ALCOOL,d_pct_mois_m04_type_fandb_gamme_sans_alcool,0.1493975903614458
novotel-megeve,2,4,NON-F&B,,d_pct_mois_m04_type_non_fandb,0.782226536877181
novotel-megeve,3,4,NON-F&B,#REF!,d_pct_mois_m04_type_non_fandb_gamme_ref,0.04427598698554322
novotel-megeve,3,4,NON-F&B,ACCESSOIRES,d_pct_mois_m04_type_non_fandb_gamme_accessoires,0.2025961828732432
novotel-megeve,3,4,NON-F&B,COSMETIQUE,d_pct_mois_m04_type_non_fandb_gamme_cosmetique,0.18750209640089893
novotel-megeve,3,4,NON-F&B,JEUX / ENFANTS,d_pct_mois_m04_type_non_fandb_gamme_jeux_enfants,0.1678126991580854
novotel-megeve,3,4,NON-F&B,PAP,d_pct_mois_m04_type_non_fandb_gamme_pap,0.1408781404085466
novotel-megeve,3,4,NON-F&B,SOS,d_pct_mois_m04_type_non_fandb_gamme_sos,0.08251433938214872
novotel-megeve,3,4,NON-F&B,SOUVENIRS,d_pct_mois_m04_type_non_fandb_gamme_souvenirs,0.17442055479153387
novotel-megeve,2,5,F&B,,d_pct_mois_m05_type_fandb,0.2554839914123028
novotel-megeve,3,5,F&B,ALCOOL,d_pct_mois_m05_type_fandb_gamme_alcool,0.21921812203142127
novotel-megeve,3,5,F&B,FOOD SALEE,d_pct_mois_m05_type_fandb_gamme_food_salee,0.1370113262696383
novotel-megeve,3,5,F&B,FOOD SUCREE,d_pct_mois_m05_type_fandb_gamme_food_sucree,0.3843624406284253
novotel-megeve,3,5,F&B,SANS ALCOOL,d_pct_mois_m05_type_fandb_gamme_sans_alcool,0.20825721592985022
novotel-megeve,3,5,F&B,SOUVENIRS,d_pct_mois_m05_type_fandb_gamme_souvenirs,0.05115089514066496
novotel-megeve,2,5,NON-F&B,,d_pct_mois_m05_type_non_fandb,0.7445160085876973
novotel-megeve,3,5,NON-F&B,#REF!,d_pct_mois_m05_type_non_fandb_gamme_ref,0.07522567703109327
novotel-megeve,3,5,NON-F&B,ACCESSOIRES,d_pct_mois_m05_type_non_fandb_gamme_accessoires,0.26015546639919757
novotel-megeve,3,5,NON-F&B,COSMETIQUE,d_pct_mois_m05_type_non_fandb_gamme_cosmetique,0.2988966900702106
novotel-megeve,3,5,NON-F&B,JEUX / ENFANTS,d_pct_mois_m05_type_non_fandb_gamme_jeux_enfants,0.12437311935807423
novotel-megeve,3,5,NON-F&B,PAP,d_pct_mois_m05_type_non_fandb_gamme_pap,0.12851053159478434
novotel-megeve,3,5,NON-F&B,SOS,d_pct_mois_m05_type_non_fandb_gamme_sos,0.07271815446339017
novotel-megeve,3,5,NON-F&B,SOUVENIRS,d_pct_mois_m05_type_non_fandb_gamme_souvenirs,0.04012036108324975
novotel-megeve,2,6,F&B,,d_pct_mois_m06_type_fandb,0.31641357613890736
novotel-megeve,3,6,F&B,ALCOOL,d_pct_mois_m06_type_fandb_gamme_alcool,0.2855321861057999
novotel-megeve,3,6,F&B,FOOD SALEE,d_pct_mois_m06_type_fandb_gamme_food_salee,0.14531548757170173
novotel-megeve,3,6,F&B,FOOD SUCREE,d_pct_mois_m06_type_fandb_gamme_food_sucree,0.39834289356277885
novotel-megeve,3,6,F&B,SANS ALCOOL,d_pct_mois_m06_type_fandb_gamme_sans_alcool,0.15296367112810708
novotel-megeve,3,6,F&B,SOUVENIRS,d_pct_mois_m06_type_fandb_gamme_souvenirs,0.017845761631612493
novotel-megeve,2,6,NON-F&B,,d_pct_mois_m06_type_non_fandb,0.6835864238610926
novotel-megeve,3,6,NON-F&B,#REF!,d_pct_mois_m06_type_non_fandb_gamme_ref,0.23187892733870255
novotel-megeve,3,6,NON-F&B,ACCESSOIRES,d_pct_mois_m06_type_non_fandb_gamme_accessoires,0.24839956338319027
novotel-megeve,3,6,NON-F&B,COSMETIQUE,d_pct_mois_m06_type_non_fandb_gamme_cosmetique,0.15918812874295662
novotel-megeve,3,6,NON-F&B,JEUX / ENFANTS,d_pct_mois_m06_type_non_fandb_gamme_jeux_enfants,0.1876567247839042
novotel-megeve,3,6,NON-F&B,PAP,d_pct_mois_m06_type_non_fandb_gamme_pap,0.05900227158745612
novotel-megeve,3,6,NON-F&B,SOS,d_pct_mois_m06_type_non_fandb_gamme_sos,0.10620408885742101
novotel-megeve,3,6,NON-F&B,SOUVENIRS,d_pct_mois_m06_type_non_fandb_gamme_souvenirs,0.007670295306369296
novotel-megeve,2,7,F&B,,d_pct_mois_m07_type_fandb,0.28248039677481923
novotel-megeve,3,7,F&B,ALCOOL,d_pct_mois_m07_type_fandb_gamme_alcool,0.05100539480137322
novotel-megeve,3,7,F&B,FOOD SALEE,d_pct_mois_m07_type_fandb_gamme_food_salee,0.18881804806277588
novotel-megeve,3,7,F&B,FOOD SUCREE,d_pct_mois_m07_type_fandb_gamme_food_sucree,0.5031878371750859
novotel-megeve,3,7,F&B,SANS ALCOOL,d_pct_mois_m07_type_fandb_gamme_sans_alcool,0.24521824423737126
novotel-megeve,3,7,F&B,SOUVENIRS,d_pct_mois_m07_type_fandb_gamme_souvenirs,0.011770475723393821
novotel-megeve,2,7,NON-F&B,,d_pct_mois_m07_type_non_fandb,0.7175196032251809
novotel-megeve,3,7,NON-F&B,#REF!,d_pct_mois_m07_type_non_fandb_gamme_ref,0.27378745752239725
novotel-megeve,3,7,NON-F&B,ACCESSOIRES,d_pct_mois_m07_type_non_fandb_gamme_accessoires,0.14944392956441147
novotel-megeve,3,7,NON-F&B,COSMETIQUE,d_pct_mois_m07_type_non_fandb_gamme_cosmetique,0.10190763052208833
novotel-megeve,3,7,NON-F&B,JEUX / ENFANTS,d_pct_mois_m07_type_non_fandb_gamme_jeux_enfants,0.12384151992585725
novotel-megeve,3,7,NON-F&B,PAP,d_pct_mois_m07_type_non_fandb_gamme_pap,0.11932344763670064
novotel-megeve,3,7,NON-F&B,SOS,d_pct_mois_m07_type_non_fandb_gamme_sos,0.14519616929255483
novotel-megeve,3,7,NON-F&B,SOUVENIRS,d_pct_mois_m07_type_non_fandb_gamme_souvenirs,0.0864998455359901
novotel-megeve,2,8,F&B,,d_pct_mois_m08_type_fandb,0.23109437715341172
novotel-megeve,3,8,F&B,ALCOOL,d_pct_mois_m08_type_fandb_gamme_alcool,0.04918536735321242
novotel-megeve,3,8,F&B,FOOD SALEE,d_pct_mois_m08_type_fandb_gamme_food_salee,0.17652935751613894
novotel-megeve,3,8,F&B,FOOD SUCREE,d_pct_mois_m08_type_fandb_gamme_food_sucree,0.4577313249308331
novotel-megeve,3,8,F&B,SANS ALCOOL,d_pct_mois_m08_type_fandb_gamme_sans_alcool,0.26014448201660006
novotel-megeve,3,8,F&B,SOUVENIRS,d_pct_mois_m08_type_fandb_gamme_souvenirs,0.056409468183215496
novotel-megeve,2,8,NON-F&B,,d_pct_mois_m08_type_non_fandb,0.7689056228465881
novotel-megeve,3,8,NON-F&B,#REF!,d_pct_mois_m08_type_non_fandb_gamme_ref,0.4240541414514714
novotel-megeve,3,8,NON-F&B,ACCESSOIRES,d_pct_mois_m08_type_non_fandb_gamme_accessoires,0.11872314870420844
novotel-megeve,3,8,NON-F&B,COSMETIQUE,d_pct_mois_m08_type_non_fandb_gamme_cosmetique,0.02827181595602162
novotel-megeve,3,8,NON-F&B,JEUX / ENFANTS,d_pct_mois_m08_type_non_fandb_gamme_jeux_enfants,0.14207511433454983
novotel-megeve,3,8,NON-F&B,PAP,d_pct_mois_m08_type_non_fandb_gamme_pap,0.14713355199334782
novotel-megeve,3,8,NON-F&B,SOS,d_pct_mois_m08_type_non_fandb_gamme_sos,0.1235737053633298
novotel-megeve,3,8,NON-F&B,SOUVENIRS,d_pct_mois_m08_type_non_fandb_gamme_souvenirs,0.01616852219707119
novotel-megeve,2,9,F&B,,d_pct_mois_m09_type_fandb,0.18682130002768635
novotel-megeve,3,9,F&B,ALCOOL,d_pct_mois_m09_type_fandb_gamme_alcool,0.17124979417092048
novotel-megeve,3,9,F&B,FOOD SALEE,d_pct_mois_m09_type_fandb_gamme_food_salee,0.1004445908117899
novotel-megeve,3,9,F&B,FOOD SUCREE,d_pct_mois_m09_type_fandb_gamme_food_sucree,0.3512267413140129
novotel-megeve,3,9,F&B,SANS ALCOOL,d_pct_mois_m09_type_fandb_gamme_sans_alcool,0.2684011197101927
novotel-megeve,3,9,F&B,SOUVENIRS,d_pct_mois_m09_type_fandb_gamme_souvenirs,0.10867775399308414
novotel-megeve,2,9,NON-F&B,,d_pct_mois_m09_type_non_fandb,0.8131786999723136
novotel-megeve,3,9,NON-F&B,#REF!,d_pct_mois_m09_type_non_fandb_gamme_ref,0.29469622455927974
novotel-megeve,3,9,NON-F&B,ACCESSOIRES,d_pct_mois_m09_type_non_fandb_gamme_accessoires,0.29810093061965653
novotel-megeve,3,9,NON-F&B,COSMETIQUE,d_pct_mois_m09_type_non_fandb_gamme_cosmetique,0.08383142921994402
novotel-megeve,3,9,NON-F&B,JEUX / ENFANTS,d_pct_mois_m09_type_non_fandb_gamme_jeux_enfants,0.08731179541499585
novotel-megeve,3,9,NON-F&B,PAP,d_pct_mois_m09_type_non_fandb_gamme_pap,0.11424680335930999
novotel-megeve,3,9,NON-F&B,SOS,d_pct_mois_m09_type_non_fandb_gamme_sos,0.08927895891654689
novotel-megeve,3,9,NON-F&B,SOUVENIRS,d_pct_mois_m09_type_non_fandb_gamme_souvenirs,0.03253385791026708
novotel-megeve,2,10,F&B,,d_pct_mois_m10_type_fandb,0.3421749103099453
novotel-megeve,3,10,F&B,ALCOOL,d_pct_mois_m10_type_fandb_gamme_alcool,0.48126503953248545
novotel-megeve,3,10,F&B,FOOD SALEE,d_pct_mois_m10_type_fandb_gamme_food_salee,0.13406668958404952
novotel-megeve,3,10,F&B,FOOD SUCREE,d_pct_mois_m10_type_fandb_gamme_food_sucree,0.2557579924372637
novotel-megeve,3,10,F&B,SANS ALCOOL,d_pct_mois_m10_type_fandb_gamme_sans_alcool,0.12891027844620145
novotel-megeve,2,10,NON-F&B,,d_pct_mois_m10_type_non_fandb,0.6578250896900547
novotel-megeve,3,10,NON-F&B,#REF!,d_pct_mois_m10_type_non_fandb_gamme_ref,0.12865444792132322
novotel-megeve,3,10,NON-F&B,ACCESSOIRES,d_pct_mois_m10_type_non_fandb_gamme_accessoires,0.42914617791685294
novotel-megeve,3,10,NON-F&B,COSMETIQUE,d_pct_mois_m10_type_non_fandb_gamme_cosmetique,0.14608851139919535
novotel-megeve,3,10,NON-F&B,JEUX / ENFANTS,d_pct_mois_m10_type_non_fandb_gamme_jeux_enfants,0.09852481001341082
novotel-megeve,3,10,NON-F&B,PAP,d_pct_mois_m10_type_non_fandb_gamme_pap,0.06258381761287439
novotel-megeve,3,10,NON-F&B,SOS,d_pct_mois_m10_type_non_fandb_gamme_sos,0.04917299955297273
novotel-megeve,3,10,NON-F&B,SOUVENIRS,d_pct_mois_m10_type_non_fandb_gamme_souvenirs,0.08582923558337059
novotel-megeve,2,11,F&B,,d_pct_mois_m11_type_fandb,0.16149289310301887
novotel-megeve,3,11,F&B,ALCOOL,d_pct_mois_m11_type_fandb_gamme_alcool,0.07050011015642212
novotel-megeve,3,11,F&B,FOOD SALEE,d_pct_mois_m11_type_fandb_gamme_food_salee,0.25842696629213485
novotel-megeve,3,11,F&B,FOOD SUCREE,d_pct_mois_m11_type_fandb_gamme_food_sucree,0.45296320775501214
novotel-megeve,3,11,F&B,SANS ALCOOL,d_pct_mois_m11_type_fandb_gamme_sans_alcool,0.21810971579643093
novotel-megeve,2,11,NON-F&B,,d_pct_mois_m11_type_non_fandb,0.7303470727411808
novotel-megeve,3,11,NON-F&B,#REF!,d_pct_mois_m11_type_non_fandb_gamme_ref,0.13542808427718914
novotel-megeve,3,11,NON-F&B,ACCESSOIRES,d_pct_mois_m11_type_non_fandb_gamme_accessoires,0.3882596516867617
novotel-megeve,3,11,NON-F&B,COSMETIQUE,d_pct_mois_m11_type_non_fandb_gamme_cosmetique,0.13489221775666788
novotel-megeve,3,11,NON-F&B,JEUX / ENFANTS,d_pct_mois_m11_type_non_fandb_gamme_jeux_enfants,0.05838509316770186
novotel-megeve,3,11,NON-F&B,PAP,d_pct_mois_m11_type_non_fandb_gamme_pap,0.10960906101571063
novotel-megeve,3,11,NON-F&B,SOS,d_pct_mois_m11_type_non_fandb_gamme_sos,0.16319571306783584
novotel-megeve,3,11,NON-F&B,SOUVENIRS,d_pct_mois_m11_type_non_fandb_gamme_souvenirs,0.010230179028132993
novotel-megeve,2,12,F&B,,d_pct_mois_m12_type_fandb,0.21995059733722755
novotel-megeve,3,12,F&B,ALCOOL,d_pct_mois_m12_type_fandb_gamme_alcool,0.011301031219098744
novotel-megeve,3,12,F&B,FOOD SALEE,d_pct_mois_m12_type_fandb_gamme_food_salee,0.11442294109337478
novotel-megeve,3,12,F&B,FOOD SUCREE,d_pct_mois_m12_type_fandb_gamme_food_sucree,0.5596129396807459
novotel-megeve,3,12,F&B,SANS ALCOOL,d_pct_mois_m12_type_fandb_gamme_sans_alcool,0.22072326599802233
novotel-megeve,3,12,F&B,SOUVENIRS,d_pct_mois_m12_type_fandb_gamme_souvenirs,0.0939398220087583
novotel-megeve,2,12,NON-F&B,,d_pct_mois_m12_type_non_fandb,0.3853252341965854
novotel-megeve,3,12,NON-F&B,#REF!,d_pct_mois_m12_type_non_fandb_gamme_ref,0.07861952183203644
novotel-megeve,3,12,NON-F&B,ACCESSOIRES,d_pct_mois_m12_type_non_fandb_gamme_accessoires,0.2156997137443051
novotel-megeve,3,12,NON-F&B,COSMETIQUE,d_pct_mois_m12_type_non_fandb_gamme_cosmetique,0.052171108333669315
novotel-megeve,3,12,NON-F&B,JEUX / ENFANTS,d_pct_mois_m12_type_non_fandb_gamme_jeux_enfants,0.16284320445107445
novotel-megeve,3,12,NON-F&B,PAP,d_pct_mois_m12_type_non_fandb_gamme_pap,0.26609684312381565
novotel-megeve,3,12,NON-F&B,SOS,d_pct_mois_m12_type_non_fandb_gamme_sos,0.18384872797645443
novotel-megeve,3,12,NON-F&B,SOUVENIRS,d_pct_mois_m12_type_non_fandb_gamme_souvenirs,0.04072088053864452
novotel-paris-tour-eiffel,1,1,,,d_pct_mois_m01,0.07025780237844624
novotel-paris-tour-eiffel,1,2,,,d_pct_mois_m02,0.08001941483423793
novotel-paris-tour-eiffel,1,3,,,d_pct_mois_m03,0.08657059876524313
novotel-paris-tour-eiffel,1,4,,,d_pct_mois_m04,0.09584187245921053
novotel-paris-tour-eiffel,1,5,,,d_pct_mois_m05,0.09006232689549724
novotel-paris-tour-eiffel,1,6,,,d_pct_mois_m06,0.06795514574561606
novotel-paris-tour-eiffel,1,7,,,d_pct_mois_m07,0.08477108776847701
novotel-paris-tour-eiffel,1,8,,,d_pct_mois_m08,0.11519025289124867
novotel-paris-tour-eiffel,1,9,,,d_pct_mois_m09,0.05022294767985409
novotel-paris-tour-eiffel,1,10,,,d_pct_mois_m10,0.08968521767669947
novotel-paris-tour-eiffel,1,11,,,d_pct_mois_m11,0.07702415470033093
novotel-paris-tour-eiffel,1,12,,,d_pct_mois_m12,0.09239917820513885
novotel-paris-tour-eiffel,2,1,F&B,,d_pct_mois_m01_type_fandb,0.7778614457831325
novotel-paris-tour-eiffel,3,1,F&B,FOOD SALEE,d_pct_mois_m01_type_fandb_gamme_food_salee,0.33558425613297754
novotel-paris-tour-eiffel,3,1,F&B,FOOD SUCREE,d_pct_mois_m01_type_fandb_gamme_food_sucree,0.20819068306849572
novotel-paris-tour-eiffel,3,1,F&B,SANS ALCOOL,d_pct_mois_m01_type_fandb_gamme_sans_alcool,0.45622506079852665
novotel-paris-tour-eiffel,2,1,NON-F&B,,d_pct_mois_m01_type_non_fandb,0.22213855421686746
novotel-paris-tour-eiffel,3,1,NON-F&B,SOS,d_pct_mois_m01_type_non_fandb_gamme_sos,1.0
novotel-paris-tour-eiffel,2,2,F&B,,d_pct_mois_m02_type_fandb,0.7213487494557593
novotel-paris-tour-eiffel,3,2,F&B,FOOD SALEE,d_pct_mois_m02_type_fandb_gamme_food_salee,0.3232624684237587
novotel-paris-tour-eiffel,3,2,F&B,FOOD SUCREE,d_pct_mois_m02_type_fandb_gamme_food_sucree,0.2071401426240136
novotel-paris-tour-eiffel,3,2,F&B,SANS ALCOOL,d_pct_mois_m02_type_fandb_gamme_sans_alcool,0.4695973889522277
novotel-paris-tour-eiffel,2,2,NON-F&B,,d_pct_mois_m02_type_non_fandb,0.2786512505442407
novotel-paris-tour-eiffel,3,2,NON-F&B,COSMETIQUE,d_pct_mois_m02_type_non_fandb_gamme_cosmetique,0.006944444444444444
novotel-paris-tour-eiffel,3,2,NON-F&B,SOS,d_pct_mois_m02_type_non_fandb_gamme_sos,0.9930555555555556
novotel-paris-tour-eiffel,2,3,F&B,,d_pct_mois_m03_type_fandb,0.7644954538679386
novotel-paris-tour-eiffel,3,3,F&B,FOOD SALEE,d_pct_mois_m03_type_fandb_gamme_food_salee,0.35611230259309806
novotel-paris-tour-eiffel,3,3,F&B,FOOD SUCREE,d_pct_mois_m03_type_fandb_gamme_food_sucree,0.20561512965490347
novotel-paris-tour-eiffel,3,3,F&B,SANS ALCOOL,d_pct_mois_m03_type_fandb_gamme_sans_alcool,0.43827256775199847
novotel-paris-tour-eiffel,2,3,NON-F&B,,d_pct_mois_m03_type_non_fandb,0.2355045461320614
novotel-paris-tour-eiffel,3,3,NON-F&B,COSMETIQUE,d_pct_mois_m03_type_non_fandb_gamme_cosmetique,0.015189873417721518
novotel-paris-tour-eiffel,3,3,NON-F&B,SOS,d_pct_mois_m03_type_non_fandb_gamme_sos,0.9848101265822785
novotel-paris-tour-eiffel,2,4,F&B,,d_pct_mois_m04_type_fandb,0.8407270279367216
novotel-paris-tour-eiffel,3,4,F&B,FOOD SALEE,d_pct_mois_m04_type_fandb_gamme_food_salee,0.3865321482904956
novotel-paris-tour-eiffel,3,4,F&B,FOOD SUCREE,d_pct_mois_m04_type_fandb_gamme_food_sucree,0.18658819761390025
novotel-paris-tour-eiffel,3,4,F&B,SANS ALCOOL,d_pct_mois_m04_type_fandb_gamme_sans_alcool,0.42687965409560413
novotel-paris-tour-eiffel,2,4,NON-F&B,,d_pct_mois_m04_type_non_fandb,0.15738808481992594
novotel-paris-tour-eiffel,3,4,NON-F&B,COSMETIQUE,d_pct_mois_m04_type_non_fandb_gamme_cosmetique,0.006843455945252352
novotel-paris-tour-eiffel,3,4,NON-F&B,SOS,d_pct_mois_m04_type_non_fandb_gamme_sos,0.9931565440547476
novotel-paris-tour-eiffel,2,5,F&B,,d_pct_mois_m05_type_fandb,0.9017135652472921
novotel-paris-tour-eiffel,3,5,F&B,FOOD SALEE,d_pct_mois_m05_type_fandb_gamme_food_salee,0.37005847209863985
novotel-paris-tour-eiffel,3,5,F&B,FOOD SUCREE,d_pct_mois_m05_type_fandb_gamme_food_sucree,0.16141000381339773
novotel-paris-tour-eiffel,3,5,F&B,SANS ALCOOL,d_pct_mois_m05_type_fandb_gamme_sans_alcool,0.46853152408796234
novotel-paris-tour-eiffel,2,5,NON-F&B,,d_pct_mois_m05_type_non_fandb,0.09828643475270789
novotel-paris-tour-eiffel,3,5,NON-F&B,COSMETIQUE,d_pct_mois_m05_type_non_fandb_gamme_cosmetique,0.03498542274052478
novotel-paris-tour-eiffel,3,5,NON-F&B,SOS,d_pct_mois_m05_type_non_fandb_gamme_sos,0.9650145772594753
novotel-paris-tour-eiffel,2,6,F&B,,d_pct_mois_m06_type_fandb,0.8086910288909777
novotel-paris-tour-eiffel,3,6,F&B,FOOD SALEE,d_pct_mois_m06_type_fandb_gamme_food_salee,0.2956079692874837
novotel-paris-tour-eiffel,3,6,F&B,FOOD SUCREE,d_pct_mois_m06_type_fandb_gamme_food_sucree,0.14234476443171276
novotel-paris-tour-eiffel,3,6,F&B,SANS ALCOOL,d_pct_mois_m06_type_fandb_gamme_sans_alcool,0.5620472662808035
novotel-paris-tour-eiffel,2,6,NON-F&B,,d_pct_mois_m06_type_non_fandb,0.19130897110902237
novotel-paris-tour-eiffel,3,6,NON-F&B,COSMETIQUE,d_pct_mois_m06_type_non_fandb_gamme_cosmetique,0.011910669975186104
novotel-paris-tour-eiffel,3,6,NON-F&B,SOS,d_pct_mois_m06_type_non_fandb_gamme_sos,0.9880893300248139
novotel-paris-tour-eiffel,2,7,F&B,,d_pct_mois_m07_type_fandb,0.837583819573433
novotel-paris-tour-eiffel,3,7,F&B,FOOD SALEE,d_pct_mois_m07_type_fandb_gamme_food_salee,0.3087527265804853
novotel-paris-tour-eiffel,3,7,F&B,FOOD SUCREE,d_pct_mois_m07_type_fandb_gamme_food_sucree,0.14576443525879174
novotel-paris-tour-eiffel,3,7,F&B,SANS ALCOOL,d_pct_mois_m07_type_fandb_gamme_sans_alcool,0.5454828381607231
novotel-paris-tour-eiffel,2,7,NON-F&B,,d_pct_mois_m07_type_non_fandb,0.162416180426567
novotel-paris-tour-eiffel,3,7,NON-F&B,COSMETIQUE,d_pct_mois_m07_type_non_fandb_gamme_cosmetique,0.022492970946579195
novotel-paris-tour-eiffel,3,7,NON-F&B,SOS,d_pct_mois_m07_type_non_fandb_gamme_sos,0.9688378631677601
novotel-paris-tour-eiffel,3,7,NON-F&B,SOUVENIRS,d_pct_mois_m07_type_non_fandb_gamme_souvenirs,0.008669165885660732
novotel-paris-tour-eiffel,2,8,F&B,,d_pct_mois_m08_type_fandb,0.7961789861038765
novotel-paris-tour-eiffel,3,8,F&B,FOOD SALEE,d_pct_mois_m08_type_fandb_gamme_food_salee,0.3265376471167577
novotel-paris-tour-eiffel,3,8,F&B,FOOD SUCREE,d_pct_mois_m08_type_fandb_gamme_food_sucree,0.15416218193585604
novotel-paris-tour-eiffel,3,8,F&B,SANS ALCOOL,d_pct_mois_m08_type_fandb_gamme_sans_alcool,0.5193001709473861
novotel-paris-tour-eiffel,2,8,NON-F&B,,d_pct_mois_m08_type_non_fandb,0.20382101389612353
novotel-paris-tour-eiffel,3,8,NON-F&B,COSMETIQUE,d_pct_mois_m08_type_non_fandb_gamme_cosmetique,0.01538884308876065
novotel-paris-tour-eiffel,3,8,NON-F&B,SOS,d_pct_mois_m08_type_non_fandb_gamme_sos,0.9846111569112393
novotel-paris-tour-eiffel,2,9,F&B,,d_pct_mois_m09_type_fandb,0.7532854591935049
novotel-paris-tour-eiffel,3,9,F&B,FOOD SALEE,d_pct_mois_m09_type_fandb_gamme_food_salee,0.3196306149595825
novotel-paris-tour-eiffel,3,9,F&B,FOOD SUCREE,d_pct_mois_m09_type_fandb_gamme_food_sucree,0.1591203656332071
novotel-paris-tour-eiffel,3,9,F&B,SANS ALCOOL,d_pct_mois_m09_type_fandb_gamme_sans_alcool,0.5212490194072104
novotel-paris-tour-eiffel,2,9,NON-F&B,,d_pct_mois_m09_type_non_fandb,0.24671454080649513
novotel-paris-tour-eiffel,3,9,NON-F&B,COSMETIQUE,d_pct_mois_m09_type_non_fandb_gamme_cosmetique,0.010413954699297057
novotel-paris-tour-eiffel,3,9,NON-F&B,SOS,d_pct_mois_m09_type_non_fandb_gamme_sos,0.9895860453007029
novotel-paris-tour-eiffel,2,10,F&B,,d_pct_mois_m10_type_fandb,0.7408772907936622
novotel-paris-tour-eiffel,3,10,F&B,FOOD SALEE,d_pct_mois_m10_type_fandb_gamme_food_salee,0.29517659910183275
novotel-paris-tour-eiffel,3,10,F&B,FOOD SUCREE,d_pct_mois_m10_type_fandb_gamme_food_sucree,0.19360116518995024
novotel-paris-tour-eiffel,3,10,F&B,SANS ALCOOL,d_pct_mois_m10_type_fandb_gamme_sans_alcool,0.511222235708217
novotel-paris-tour-eiffel,2,10,NON-F&B,,d_pct_mois_m10_type_non_fandb,0.2591227092063378
novotel-paris-tour-eiffel,3,10,NON-F&B,COSMETIQUE,d_pct_mois_m10_type_non_fandb_gamme_cosmetique,0.01110494169905608
novotel-paris-tour-eiffel,3,10,NON-F&B,SOS,d_pct_mois_m10_type_non_fandb_gamme_sos,0.9888950583009439
novotel-paris-tour-eiffel,2,11,F&B,,d_pct_mois_m11_type_fandb,0.7348042233642003
novotel-paris-tour-eiffel,3,11,F&B,FOOD SALEE,d_pct_mois_m11_type_fandb_gamme_food_salee,0.33004269095510325
novotel-paris-tour-eiffel,3,11,F&B,FOOD SUCREE,d_pct_mois_m11_type_fandb_gamme_food_sucree,0.18214047547122492
novotel-paris-tour-eiffel,3,11,F&B,SANS ALCOOL,d_pct_mois_m11_type_fandb_gamme_sans_alcool,0.48781683357367184
novotel-paris-tour-eiffel,2,11,NON-F&B,,d_pct_mois_m11_type_non_fandb,0.2638555579288595
novotel-paris-tour-eiffel,3,11,NON-F&B,COSMETIQUE,d_pct_mois_m11_type_non_fandb_gamme_cosmetique,0.005079365079365079
novotel-paris-tour-eiffel,3,11,NON-F&B,SOS,d_pct_mois_m11_type_non_fandb_gamme_sos,0.9949206349206349
novotel-paris-tour-eiffel,2,12,F&B,,d_pct_mois_m12_type_fandb,0.7911517030457917
novotel-paris-tour-eiffel,3,12,F&B,FOOD SALEE,d_pct_mois_m12_type_fandb_gamme_food_salee,0.3267448633764033
novotel-paris-tour-eiffel,3,12,F&B,FOOD SUCREE,d_pct_mois_m12_type_fandb_gamme_food_sucree,0.18488314622608204
novotel-paris-tour-eiffel,3,12,F&B,SANS ALCOOL,d_pct_mois_m12_type_fandb_gamme_sans_alcool,0.48837199039751455
novotel-paris-tour-eiffel,2,12,NON-F&B,,d_pct_mois_m12_type_non_fandb,0.2021450416858687
novotel-paris-tour-eiffel,3,12,NON-F&B,COSMETIQUE,d_pct_mois_m12_type_non_fandb_gamme_cosmetique,0.02072538860103627
novotel-paris-tour-eiffel,3,12,NON-F&B,SOS,d_pct_mois_m12_type_non_fandb_gamme_sos,0.9792746113989638
novotel-porte-italie,1,1,,,d_pct_mois_m01,0.025883536039323852
novotel-porte-italie,1,2,,,d_pct_mois_m02,0.042854667189117984
novotel-porte-italie,1,3,,,d_pct_mois_m03,0.08444589000692333
novotel-porte-italie,1,4,,,d_pct_mois_m04,0.04982068480392283
novotel-porte-italie,1,5,,,d_pct_mois_m05,0.1509474552266901
novotel-porte-italie,1,6,,,d_pct_mois_m06,0.095475417897031
novotel-porte-italie,1,7,,,d_pct_mois_m07,0.12975915164832538
novotel-porte-italie,1,8,,,d_pct_mois_m08,0.08685326374145147
novotel-porte-italie,1,9,,,d_pct_mois_m09,0.03707526286899191
novotel-porte-italie,1,10,,,d_pct_mois_m10,0.11175506935712025
novotel-porte-italie,1,11,,,d_pct_mois_m11,0.08839927573905093
novotel-porte-italie,1,12,,,d_pct_mois_m12,0.09673032548205097
novotel-porte-italie,2,1,F&B,,d_pct_mois_m01_type_fandb,0.5646437994722955
novotel-porte-italie,3,1,F&B,FOOD SALEE,d_pct_mois_m01_type_fandb_gamme_food_salee,0.27920560747663553
novotel-porte-italie,3,1,F&B,FOOD SUCREE,d_pct_mois_m01_type_fandb_gamme_food_sucree,0.4170560747663552
novotel-porte-italie,3,1,F&B,SANS ALCOOL,d_pct_mois_m01_type_fandb_gamme_sans_alcool,0.3037383177570094
novotel-porte-italie,2,2,F&B,,d_pct_mois_m02_type_fandb,0.7370517928286853
novotel-porte-italie,3,2,F&B,FOOD SALEE,d_pct_mois_m02_type_fandb_gamme_food_salee,0.42324324324324325
novotel-porte-italie,3,2,F&B,FOOD SUCREE,d_pct_mois_m02_type_fandb_gamme_food_sucree,0.22540540540540543
novotel-porte-italie,3,2,F&B,SANS ALCOOL,d_pct_mois_m02_type_fandb_gamme_sans_alcool,0.35135135135135137
novotel-porte-italie,2,3,F&B,,d_pct_mois_m03_type_fandb,0.9848362312980186
novotel-porte-italie,3,3,F&B,FOOD SALEE,d_pct_mois_m03_type_fandb_gamme_food_salee,0.2668856497639088
novotel-porte-italie,3,3,F&B,FOOD SUCREE,d_pct_mois_m03_type_fandb_gamme_food_sucree,0.3933483884212687
novotel-porte-italie,3,3,F&B,SANS ALCOOL,d_pct_mois_m03_type_fandb_gamme_sans_alcool,0.3397659618148224
novotel-porte-italie,2,4,F&B,,d_pct_mois_m04_type_fandb,1.0
novotel-porte-italie,3,4,F&B,FOOD SALEE,d_pct_mois_m04_type_fandb_gamme_food_salee,0.27621658670322136
novotel-porte-italie,3,4,F&B,FOOD SUCREE,d_pct_mois_m04_type_fandb_gamme_food_sucree,0.2697052775873886
novotel-porte-italie,3,4,F&B,SANS ALCOOL,d_pct_mois_m04_type_fandb_gamme_sans_alcool,0.45407813570939
novotel-porte-italie,2,5,F&B,,d_pct_mois_m05_type_fandb,0.9270444519850696
novotel-porte-italie,3,5,F&B,FOOD SALEE,d_pct_mois_m05_type_fandb_gamme_food_salee,0.08906783796974134
novotel-porte-italie,3,5,F&B,FOOD SUCREE,d_pct_mois_m05_type_fandb_gamme_food_sucree,0.35456320156173743
novotel-porte-italie,3,5,F&B,SANS ALCOOL,d_pct_mois_m05_type_fandb_gamme_sans_alcool,0.5563689604685212
novotel-porte-italie,2,6,F&B,,d_pct_mois_m06_type_fandb,0.9785407725321889
novotel-porte-italie,3,6,F&B,FOOD SALEE,d_pct_mois_m06_type_fandb_gamme_food_salee,0.20869883040935672
novotel-porte-italie,3,6,F&B,FOOD SUCREE,d_pct_mois_m06_type_fandb_gamme_food_sucree,0.24214181286549705
novotel-porte-italie,3,6,F&B,SANS ALCOOL,d_pct_mois_m06_type_fandb_gamme_sans_alcool,0.5491593567251462
novotel-porte-italie,2,7,F&B,,d_pct_mois_m07_type_fandb,1.0
novotel-porte-italie,3,7,F&B,FOOD SALEE,d_pct_mois_m07_type_fandb_gamme_food_salee,0.19223684210526315
novotel-porte-italie,3,7,F&B,FOOD SUCREE,d_pct_mois_m07_type_fandb_gamme_food_sucree,0.24000000000000002
novotel-porte-italie,3,7,F&B,SANS ALCOOL,d_pct_mois_m07_type_fandb_gamme_sans_alcool,0.5677631578947369
novotel-porte-italie,2,8,F&B,,d_pct_mois_m08_type_fandb,1.0
novotel-porte-italie,3,8,F&B,FOOD SALEE,d_pct_mois_m08_type_fandb_gamme_food_salee,0.20365637900530764
novotel-porte-italie,3,8,F&B,FOOD SUCREE,d_pct_mois_m08_type_fandb_gamme_food_sucree,0.18301552978179672
novotel-porte-italie,3,8,F&B,SANS ALCOOL,d_pct_mois_m08_type_fandb_gamme_sans_alcool,0.6133280912128957
novotel-porte-italie,2,9,F&B,,d_pct_mois_m09_type_fandb,1.0
novotel-porte-italie,3,9,F&B,FOOD SALEE,d_pct_mois_m09_type_fandb_gamme_food_salee,0.16486299792769976
novotel-porte-italie,3,9,F&B,FOOD SUCREE,d_pct_mois_m09_type_fandb_gamme_food_sucree,0.38038222426893853
novotel-porte-italie,3,9,F&B,SANS ALCOOL,d_pct_mois_m09_type_fandb_gamme_sans_alcool,0.45475477780336176
novotel-porte-italie,2,10,F&B,,d_pct_mois_m10_type_fandb,0.8725842181651516
novotel-porte-italie,3,10,F&B,FOOD SALEE,d_pct_mois_m10_type_fandb_gamme_food_salee,0.16930753742449442
novotel-porte-italie,3,10,F&B,FOOD SUCREE,d_pct_mois_m10_type_fandb_gamme_food_sucree,0.3063118270156701
novotel-porte-italie,3,10,F&B,SANS ALCOOL,d_pct_mois_m10_type_fandb_gamme_sans_alcool,0.5243806355598354
novotel-porte-italie,2,11,F&B,,d_pct_mois_m11_type_fandb,0.915597145367983
novotel-porte-italie,3,11,F&B,FOOD SALEE,d_pct_mois_m11_type_fandb_gamme_food_salee,0.1969708156226598
novotel-porte-italie,3,11,F&B,FOOD SUCREE,d_pct_mois_m11_type_fandb_gamme_food_sucree,0.3352564575840356
novotel-porte-italie,3,11,F&B,SANS ALCOOL,d_pct_mois_m11_type_fandb_gamme_sans_alcool,0.46777272679330456
novotel-porte-italie,2,11,NON-F&B,,d_pct_mois_m11_type_non_fandb,0.001351990806462516
novotel-porte-italie,3,11,NON-F&B,SOS,d_pct_mois_m11_type_non_fandb_gamme_sos,1.0
novotel-porte-italie,2,12,F&B,,d_pct_mois_m12_type_fandb,0.9413996999382227
novotel-porte-italie,3,12,F&B,FOOD SALEE,d_pct_mois_m12_type_fandb_gamme_food_salee,0.24786725414830785
novotel-porte-italie,3,12,F&B,FOOD SUCREE,d_pct_mois_m12_type_fandb_gamme_food_sucree,0.3208962219930627
novotel-porte-italie,3,12,F&B,SANS ALCOOL,d_pct_mois_m12_type_fandb_gamme_sans_alcool,0.4312365238586294
novotel-porte-italie,2,12,NON-F&B,,d_pct_mois_m12_type_non_fandb,0.0012355484952784397
novotel-porte-italie,3,12,NON-F&B,SOS,d_pct_mois_m12_type_non_fandb_gamme_sos,1.0
