hotel_code_accor,hotel_code_norm,hotel_name,hotel_brand_code,hotel_brand,hotel_city,hotel_country,hotel_adresse,hotel_code_postal,url_hotel,source,source_query,hotel_name_norm,city_norm,country_slug,country_label,match_type
C0F7,C0F7,Mercure Rome Cinecittà,MER,MERCURE,ROME,Italie,Via Filippo Caruso 7,173,https://all.accor.com/hotel/C0F7/index.fr.shtml,catalog_api,italy,MERCURE ROME CINECITTA,ROME,italy,Italie,missing
B2S9,B2S9,ibis Styles Roma Vintage,IBS,IBIS STYLES,ROME,Italie,Via Torre Di Mezzavia 25,173,https://all.accor.com/hotel/B2S9/index.fr.shtml,catalog_api,italy,IBIS STYLES ROMA VINTAGE,ROME,italy,Italie,missing
C2Q2,C2Q2,Mercure Roma Centro St John,MER,MERCURE,ROME,Italie,Via Matteo Boairdo 30,185,https://all.accor.com/hotel/C2Q2/index.fr.shtml,catalog_api,italy,MERCURE ROMA CENTRO ST JOHN,ROME,italy,Italie,missing
B834,B834,Mercure Roma Centro Termini,MER,MERCURE,ROME,Italie,Via Agostino Depretis 104,184,https://all.accor.com/hotel/B834/index.fr.shtml,catalog_api,italy,MERCURE ROMA CENTRO TERMINI,ROME,italy,Italie,missing
B730,B730,JO&JOE Roma,JOE,JO&JOE,ROME,Italie,113 Via delle Quattro Fontane,184,https://all.accor.com/hotel/B730/index.fr.shtml,catalog_api,italy,JO JOE ROMA,ROME,italy,Italie,missing
B998,B998,"The Hoxton, Rome",HOX,HOX,ROME,Italie,220 Largo Benedetto Marcello,198,https://all.accor.com/hotel/B998/index.fr.shtml,catalog_api,italy,THE HOXTON ROME,ROME,italy,Italie,missing
B914,B914,Orient Express La Minerva,OEX,ORIENT EXPRESS,ROME,Italie,Piazza della Minerva 69,186,https://all.accor.com/hotel/B914/index.fr.shtml,catalog_api,italy,ORIENT EXPRESS LA MINERVA,ROME,italy,Italie,missing
B5V4,B5V4,Mama Shelter Roma,MSH,MAMA SHELTER,ROME,Italie,Via Luigi Rizzo 20,136,https://all.accor.com/hotel/B5V4/index.fr.shtml,catalog_api,italy,MAMA SHELTER ROMA,ROME,italy,Italie,missing
B5E1,B5E1,ibis Styles Roma Aurelia,IBS,IBIS STYLES,ROME,Italie,Via Andrea Ferrara 33,165,https://all.accor.com/hotel/B5E1/index.fr.shtml,catalog_api,italy,IBIS STYLES ROMA AURELIA,ROME,italy,Italie,missing
B666,B666,Mercure Petriolo Siena Terme Spa Hotel,MER,MERCURE,PETRIOLO,Italie,"Localita Petriolo Pari, Civitella Paganico Gr",58045,https://all.accor.com/hotel/B666/index.fr.shtml,catalog_api,italy,MERCURE PETRIOLO SIENA TERME SPA HOTEL,PETRIOLO,italy,Italie,missing
C1F6,C1F6,Mercure Torre Del Greco Vesuvio (ouverture juin 2026),MER,MERCURE,TORRE DEL GRECO,Italie,Via Monsignor Michele Sasso 14,80059,https://all.accor.com/hotel/C1F6/index.fr.shtml,catalog_api,italy,MERCURE TORRE DEL GRECO VESUVIO OUVERTURE JUIN 2026,TORRE DEL GRECO,italy,Italie,missing
B660,B660,25hours Hotel Florence Piazza San Paolino,TWF,25HOURS,FLORENCE,Italie,Piazza Di San Paolino 1,50123,https://all.accor.com/hotel/B660/index.fr.shtml,catalog_api,italy,25HOURS HOTEL FLORENCE PIAZZA SAN PAOLINO,FLORENCE,italy,Italie,missing
B9Z8,B9Z8,"The Hoxton, Florence",HOX,HOX,FLORENCE,Italie,2 Via delle Mantellate,50129,https://all.accor.com/hotel/B9Z8/index.fr.shtml,catalog_api,italy,THE HOXTON FLORENCE,FLORENCE,italy,Italie,missing
B7A6,B7A6,Baia Delle Zagare - Handwritten Collection,SOU,SOU,MATTINATA,Italie,"Litoranea Mattinata Vieste, S P 53",71030,https://all.accor.com/hotel/B7A6/index.fr.shtml,catalog_api,italy,BAIA DELLE ZAGARE HANDWRITTEN COLLECTION,MATTINATA,italy,Italie,missing
B2M0,B2M0,Ibis Styles Trani,IBS,IBIS STYLES,TRANI,Italie,"Corso Matteo Renato Imbriani, 137",76125,https://all.accor.com/hotel/B2M0/index.fr.shtml,catalog_api,italy,IBIS STYLES TRANI,TRANI,italy,Italie,missing
A6I2,A6I2,ibis Styles Bari Giovinazzo,IBS,IBIS STYLES,BARI,Italie,"Strada Statale 16 Km 786 950, Giovinazzo",70054,https://all.accor.com/hotel/A6I2/index.fr.shtml,catalog_api,italy,IBIS STYLES BARI GIOVINAZZO,BARI,italy,Italie,missing
C2W0,C2W0,Mövenpick Hotel Bari,MOV,MÖVENPICK,BARI,Italie,rue Francesco Lombardi 13,70022,https://all.accor.com/hotel/C2W0/index.fr.shtml,catalog_api,italy,MOVENPICK HOTEL BARI,BARI,italy,Italie,missing
A0X5,A0X5,Novotel Parma Centro,NOV,NOVOTEL,PARME,Italie,Via Trento 9,43122,https://all.accor.com/hotel/A0X5/index.fr.shtml,catalog_api,italy,NOVOTEL PARMA CENTRO,PARME,italy,Italie,missing
C063,C063,Orient Express Venezia,OEX,ORIENT EXPRESS,VENISE,Italie,Strada Nova 2292,30121,https://all.accor.com/hotel/C063/index.fr.shtml,catalog_api,italy,ORIENT EXPRESS VENEZIA,VENISE,italy,Italie,missing
A3J6,A3J6,Borgobianco Resort & Spa Polignano - MGallery Collection,MGA,MGALLERY,POLIGNANO A MARE,Italie,Contrada Casello Cavuzzi,70044,https://all.accor.com/hotel/A3J6/index.fr.shtml,catalog_api,italy,BORGOBIANCO RESORT SPA POLIGNANO MGALLERY COLLECTION,POLIGNANO A MARE,italy,Italie,missing
B6T3,B6T3,Palazzo Tirso Hotel Cagliari - MGallery Collection,MGA,MGALLERY,CAGLIARI,Italie,"Piazza Deffenu 4, CIN  IT092009A1000F3026, CIR 092009A1000F3026",9125,https://all.accor.com/hotel/B6T3/index.fr.shtml,catalog_api,italy,PALAZZO TIRSO HOTEL CAGLIARI MGALLERY COLLECTION,CAGLIARI,italy,Italie,missing
A0Z4,A0Z4,Novotel Brescia 2,NOV,NOVOTEL,BRESCIA,Italie,Via Pietro Nenni 22,25124,https://all.accor.com/hotel/A0Z4/index.fr.shtml,catalog_api,italy,NOVOTEL BRESCIA 2,BRESCIA,italy,Italie,missing
B2M2,B2M2,ibis Styles Brindisi,IBS,IBIS STYLES,BRINDISI,Italie,"Viale Aldo Moro, 66",72100,https://all.accor.com/hotel/B2M2/index.fr.shtml,catalog_api,italy,IBIS STYLES BRINDISI,BRINDISI,italy,Italie,missing
C1F5,C1F5,Hotel Giacomo Morra Alba - Handwritten Collection,SOU,SOU,ALBA,Italie,"Via Roma 1, Zone à trafic limité, Via Umberto Sacco 2",12051,https://all.accor.com/hotel/C1F5/index.fr.shtml,catalog_api,italy,HOTEL GIACOMO MORRA ALBA HANDWRITTEN COLLECTION,ALBA,italy,Italie,missing
A024,A024,ibis Styles Milano Centro,IBS,IBIS STYLES,MILANO,Italie,Via Ruggero Boscovich 57 59,20124,https://all.accor.com/hotel/A024/index.fr.shtml,catalog_api,italy,IBIS STYLES MILANO CENTRO,MILANO,italy,Italie,missing
B8Z2,B8Z2,Mercure Hotel President Lecce,MER,MERCURE,LECCE,Italie,Via Antonio Salandra 6,73100,https://all.accor.com/hotel/B8Z2/index.fr.shtml,catalog_api,italy,MERCURE HOTEL PRESIDENT LECCE,LECCE,italy,Italie,missing
C516,C516,Splendid Hotel Taormina - Collection Handwritten,SOU,SOU,TAORMINA,Italie,Via Dietro Capppuccini 10,98030,https://all.accor.com/hotel/C516/index.fr.shtml,catalog_api,italy,SPLENDID HOTEL TAORMINA COLLECTION HANDWRITTEN,TAORMINA,italy,Italie,missing
C3I7,C3I7,Mama Shelter Lake Como (ouverture fin 2026),MSH,MAMA SHELTER,COMO,Italie,Via Corrado e Giulio Venini,22100,https://all.accor.com/hotel/C3I7/index.fr.shtml,catalog_api,italy,MAMA SHELTER LAKE COMO OUVERTURE FIN 2026,COMO,italy,Italie,missing
B827,B827,TRIBE Milan Malpensa,TRI,TRIBE,VIZZOLA TICINO,Italie,Via Gabriele d'Annunzio 8,21010,https://all.accor.com/hotel/B827/index.fr.shtml,catalog_api,italy,TRIBE MILAN MALPENSA,VIZZOLA TICINO,italy,Italie,missing
A0F2,A0F2,ibis budget Madrid Centro Lavapies,IBB,IBIS BUDGET,MADRID,Espagne,"Calle de Valencia 8, 10., 28012 Madrid",28012,https://all.accor.com/hotel/A0F2/index.fr.shtml,catalog_api,spain,IBIS BUDGET MADRID CENTRO LAVAPIES,MADRID,spain,Espagne,missing
B4U5,B4U5,ibis Styles Madrid City Las Ventas,IBS,IBIS STYLES,MADRID,Espagne,"Albacete 1, Avenida De Badajoz",28027,https://all.accor.com/hotel/B4U5/index.fr.shtml,catalog_api,spain,IBIS STYLES MADRID CITY LAS VENTAS,MADRID,spain,Espagne,missing
C0R0,C0R0,ibis Madrid Norte Las Tablas,IBH,IBIS,MADRID,Espagne,"Calle Sauceda 14, Fuencarral El Pardo",28050,https://all.accor.com/hotel/C0R0/index.fr.shtml,catalog_api,spain,IBIS MADRID NORTE LAS TABLAS,MADRID,spain,Espagne,missing
3312,3312,ibis Madrid Calle Alcalá,IBH,IBIS,MADRID,Espagne,Valentin Beato 20,28037,https://all.accor.com/hotel/3312/index.fr.shtml,catalog_api,spain,IBIS MADRID CALLE ALCALA,MADRID,spain,Espagne,missing
B8Q7,B8Q7,ibis budget Madrid Albasanz,IBB,IBIS BUDGET,MADRID,Espagne,Calle Albasanz 63,28037,https://all.accor.com/hotel/B8Q7/index.fr.shtml,catalog_api,spain,IBIS BUDGET MADRID ALBASANZ,MADRID,spain,Espagne,missing
C0U5,C0U5,ibis Styles Madrid aéroport de Valdebebas,IBS,IBIS STYLES,MADRID,Espagne,C/ Fernando Higueras 55,28055,https://all.accor.com/hotel/C0U5/index.fr.shtml,catalog_api,spain,IBIS STYLES MADRID AEROPORT DE VALDEBEBAS,MADRID,spain,Espagne,missing
3559,3559,ibis Madrid Getafe,IBH,IBIS,GETAFE,Espagne,"Calle Alcalde Angel Arroyo 8, Via de Servicio A 42 Salida 10",28903,https://all.accor.com/hotel/3559/index.fr.shtml,catalog_api,spain,IBIS MADRID GETAFE,GETAFE,spain,Espagne,missing
B700,B700,ibis budget Madrid Aeropuerto,IBB,IBIS BUDGET,MADRID,Espagne,"Calle Provisional, Iveco Pegaso Tres 27",28022,https://all.accor.com/hotel/B700/index.fr.shtml,catalog_api,spain,IBIS BUDGET MADRID AEROPUERTO,MADRID,spain,Espagne,missing
C759,C759,Zleep Madrid Airport - Bientôt disponible,ZLP,ZLP,MADRID,Espagne,Avenida de Aragón 402,28022,https://all.accor.com/hotel/C759/index.fr.shtml,catalog_api,spain,ZLEEP MADRID AIRPORT BIENTOT DISPONIBLE,MADRID,spain,Espagne,missing
B709,B709,ibis Budget Logroño Center,IBB,IBIS BUDGET,LOGROÑO,Espagne,"101 105, Calle Marques de San Nicolas",26001,https://all.accor.com/hotel/B709/index.fr.shtml,catalog_api,spain,IBIS BUDGET LOGRONO CENTER,LOGRONO,spain,Espagne,missing
B4Y9,B4Y9,ibis budget Vitoria Gasteiz,IBB,IBIS BUDGET,VITORIA,Espagne,"Calle Martin Saracibar, 2, ., .",01010,https://all.accor.com/hotel/B4Y9/index.fr.shtml,catalog_api,spain,IBIS BUDGET VITORIA GASTEIZ,VITORIA,spain,Espagne,missing
C0F6,C0F6,Novotel Valencia Lavant,NOV,NOVOTEL,VALENCE,Espagne,"Avinguda de Pius XII, 4",46009,https://all.accor.com/hotel/C0F6/index.fr.shtml,catalog_api,spain,NOVOTEL VALENCIA LAVANT,VALENCE,spain,Espagne,missing
B367,B367,Ibis Styles Pamplona Noain,IBS,IBIS STYLES,NOAIN,Espagne,"Calle Real, Calle Real",31110,https://all.accor.com/hotel/B367/index.fr.shtml,catalog_api,spain,IBIS STYLES PAMPLONA NOAIN,NOAIN,spain,Espagne,missing
B4B2,B4B2,ibis budget Valencia Centro Puerto,IBB,IBIS BUDGET,VALENCIA,Espagne,29 Juan Verdeguer St,46024,https://all.accor.com/hotel/B4B2/index.fr.shtml,catalog_api,spain,IBIS BUDGET VALENCIA CENTRO PUERTO,VALENCIA,spain,Espagne,missing
B0Z4,B0Z4,Ibis budget Bilbao City,IBB,IBIS BUDGET,BILBAO,Espagne,"Calle Zankoeta 9, Nº Reg H.BI.01272",48013,https://all.accor.com/hotel/B0Z4/index.fr.shtml,catalog_api,spain,IBIS BUDGET BILBAO CITY,BILBAO,spain,Espagne,missing
A057,A057,Mercure Bilbao Jardines de Albia,MER,MERCURE,BILBAO,Espagne,Calle San Vicente 6,48001,https://all.accor.com/hotel/A057/index.fr.shtml,catalog_api,spain,MERCURE BILBAO JARDINES DE ALBIA,BILBAO,spain,Espagne,missing
C3X5,C3X5,ibis Styles Santander,IBS,IBIS STYLES,SANTANDER,Espagne,Avenida Parayas 2a,39011,https://all.accor.com/hotel/C3X5/index.fr.shtml,catalog_api,spain,IBIS STYLES SANTANDER,SANTANDER,spain,Espagne,missing
C1E4,C1E4,ibis Styles Zumaia Zestoa,IBS,IBIS STYLES,ZESTOA,Espagne,Arroako Industrialdea 939 01,20749,https://all.accor.com/hotel/C1E4/index.fr.shtml,catalog_api,spain,IBIS STYLES ZUMAIA ZESTOA,ZESTOA,spain,Espagne,missing
A9N5,A9N5,Hôtel ibis budget Huerta de Murcia,IBB,IBIS BUDGET,MURCIE,Espagne,Jose Manuel Sanchez Pedreno 6,30009,https://all.accor.com/hotel/A9N5/index.fr.shtml,catalog_api,spain,HOTEL IBIS BUDGET HUERTA DE MURCIA,MURCIE,spain,Espagne,missing
B8Q5,B8Q5,GREET ALICANTE CENTRO (ouverture prévue S2 2026),GRE,GREET,ALICANTE,Espagne,Calderón de la Barca 18,03004,https://all.accor.com/hotel/B8Q5/index.fr.shtml,catalog_api,spain,GREET ALICANTE CENTRO OUVERTURE PREVUE S2 2026,ALICANTE,spain,Espagne,missing
B6I8,B6I8,Mercure Benidorm,MER,MERCURE,BENIDORM,Espagne,AVENIDA DE PANAMA 5,3502,https://all.accor.com/hotel/B6I8/index.fr.shtml,catalog_api,spain,MERCURE BENIDORM,BENIDORM,spain,Espagne,missing
B7H3,B7H3,ibis Styles Séville City Santa Justa,IBS,IBIS STYLES,SÉVILLE,Espagne,"AVENIDA DE LA BUHAIRA 2, 3* CITY H. REG HSE01359",41018,https://all.accor.com/hotel/B7H3/index.fr.shtml,catalog_api,spain,IBIS STYLES SEVILLE CITY SANTA JUSTA,SEVILLE,spain,Espagne,missing
B344,B344,Mercure Lugo Centro,MER,MERCURE,LUGO,Espagne,Calle Marina Espanola No 29,27002,https://all.accor.com/hotel/B344/index.fr.shtml,catalog_api,spain,MERCURE LUGO CENTRO,LUGO,spain,Espagne,missing
B8X5,B8X5,Hyde Hotel Ibiza,HYD,HYDE,"CALA LLONGA, ÎLES BALÉARES",Espagne,"Carrer de Sa Talaia, 20, Balearic Islands",07849,https://all.accor.com/hotel/B8X5/index.fr.shtml,catalog_api,spain,HYDE HOTEL IBIZA,CALA LLONGA ILES BALEARES,spain,Espagne,missing
B8Y4,B8Y4,Mondrian Ibiza,MOD,MOD,CALA LLONGA,Espagne,"20 Carrer de Sa Talaia, Îles Baléares",07849,https://all.accor.com/hotel/B8Y4/index.fr.shtml,catalog_api,spain,MONDRIAN IBIZA,CALA LLONGA,spain,Espagne,missing
B6V6,B6V6,SO/ Sotogrande Spa and Golf Resort Hotel Costa del Sol,SO,SO/,SOTOGRANDE,Espagne,"Av. Almenara, s.n",11310,https://all.accor.com/hotel/B6V6/index.fr.shtml,catalog_api,spain,SO SOTOGRANDE SPA AND GOLF RESORT HOTEL COSTA DEL SOL,SOTOGRANDE,spain,Espagne,missing
B9L6,B9L6,Fairmont La Hacienda Costa del Sol,FAI,FAIRMONT,SAN ROQUE,Espagne,Calle de Faro de Punta Mala 2,11310,https://all.accor.com/hotel/B9L6/index.fr.shtml,catalog_api,spain,FAIRMONT LA HACIENDA COSTA DEL SOL,SAN ROQUE,spain,Espagne,missing
3445,3445,ibis budget Barcelona Sant Andreu de la Barca,IBB,IBIS BUDGET,SANT ANDREU DE LA BARCA,Espagne,"C ENERGIA 1, SANT ANDREU DE LA BARCA, Hotel HB004174",08740,https://all.accor.com/hotel/3445/index.fr.shtml,catalog_api,spain,IBIS BUDGET BARCELONA SANT ANDREU DE LA BARCA,SANT ANDREU DE LA BARCA,spain,Espagne,missing
B9D7,B9D7,The Hoxton Poblenou,HOX,HOX,BARCELONE,Espagne,205 Av Diagonal,8018,https://all.accor.com/hotel/B9D7/index.fr.shtml,catalog_api,spain,THE HOXTON POBLENOU,BARCELONE,spain,Espagne,missing
C2N3,C2N3,ibis budget Barcelona Center (ouverture en juillet 2026),IBB,IBIS BUDGET,BARCELONA,Espagne,Calle Avila 66,0 8005,https://all.accor.com/hotel/C2N3/index.fr.shtml,catalog_api,spain,IBIS BUDGET BARCELONA CENTER OUVERTURE EN JUILLET 2026,BARCELONA,spain,Espagne,missing
B9T8,B9T8,SLS Barcelona,SLS,SLS,BARCELONE,Espagne,"Carrer de la Pau 2, Port Forum",08930,https://all.accor.com/hotel/B9T8/index.fr.shtml,catalog_api,spain,SLS BARCELONA,BARCELONE,spain,Espagne,missing
3309,3309,ibis Barcelona Mollet,IBH,IBIS,MOLLET DEL VALLES,Espagne,"C/ Nicaragua 5, HB004434",8100,https://all.accor.com/hotel/3309/index.fr.shtml,catalog_api,spain,IBIS BARCELONA MOLLET,MOLLET DEL VALLES,spain,Espagne,missing
C798,C798,Steigenberger Hotel Camp De Mar - Ouverture prochaine,STB,STB,MALLORCA,Espagne,Calle Taula 2,07160,https://all.accor.com/hotel/C798/index.fr.shtml,catalog_api,spain,STEIGENBERGER HOTEL CAMP DE MAR OUVERTURE PROCHAINE,MALLORCA,spain,Espagne,missing
B797,B797,ibis Styles Figueres Ronda,IBS,IBIS STYLES,FIGUERES,Espagne,"Avenida Salvador Dali 17, Antigua Ronda Barcelona,104, 17600",17600,https://all.accor.com/hotel/B797/index.fr.shtml,catalog_api,spain,IBIS STYLES FIGUERES RONDA,FIGUERES,spain,Espagne,missing
A598,A598,Fairmont Monte Carlo,FAI,FAIRMONT,MONACO,Monaco,"12 Avenue des Spélugues, 98000 Monaco",98000,https://all.accor.com/hotel/A598/index.fr.shtml,catalog_api,monaco,FAIRMONT MONTE CARLO,MONACO,monaco,Monaco,missing
B1V2,B1V2,Marrakech Riads Angsana Heritage Collection,ANG,ANGSANA,MARRAKECH,Maroc,24 Derb Si Said,40000,https://all.accor.com/hotel/B1V2/index.fr.shtml,catalog_api,maroc,MARRAKECH RIADS ANGSANA HERITAGE COLLECTION,MARRAKECH,morocco,Maroc,missing
B4P6,B4P6,Mövenpick Marrakech,MOV,MÖVENPICK,MARRAKECH,Maroc,Avenue Mohammed Vi Hivernage,40000,https://all.accor.com/hotel/B4P6/index.fr.shtml,catalog_api,maroc,MOVENPICK MARRAKECH,MARRAKECH,morocco,Maroc,missing
B147,B147,Fairmont Royal Palm Marrakech,FAI,FAIRMONT,MARRAKECH,Maroc,Km 12 Route d’Amizmiz,BP2470,https://all.accor.com/hotel/B147/index.fr.shtml,catalog_api,maroc,FAIRMONT ROYAL PALM MARRAKECH,MARRAKECH,morocco,Maroc,missing
6289,6289,ibis Casa Sidi Maarouf,IBH,IBIS,CASABLANCA,Maroc,"La Colline II Sidi Maarouf, Route de Nouasser",20190,https://all.accor.com/hotel/6289/index.fr.shtml,catalog_api,maroc,IBIS CASA SIDI MAAROUF,CASABLANCA,morocco,Maroc,missing
A0G3,A0G3,Ibis Abdelmoumen Casa Centre,IBH,IBIS,CASABLANCA,Maroc,"109, Boulevard Abdelmoumen",20042,https://all.accor.com/hotel/A0G3/index.fr.shtml,catalog_api,maroc,IBIS ABDELMOUMEN CASA CENTRE,CASABLANCA,morocco,Maroc,missing
A0G4,A0G4,ibis Casa-Voyageurs,IBH,IBIS,CASABLANCA,Maroc,"Place de la Gare Casa Voyageurs, Avenue Ba Hmad",20500,https://all.accor.com/hotel/A0G4/index.fr.shtml,catalog_api,maroc,IBIS CASA VOYAGEURS,CASABLANCA,morocco,Maroc,missing
B4P8,B4P8,Mövenpick Casablanca,MOV,MÖVENPICK,CASABLANCA,Maroc,Rond Point Hassan II Casablanca,20070,https://all.accor.com/hotel/B4P8/index.fr.shtml,catalog_api,maroc,MOVENPICK CASABLANCA,CASABLANCA,morocco,Maroc,missing
B3H3,B3H3,Aparthotel Adagio Premium Casablanca City Center,ADP,ADAGIO PREMIUM,CASABLANCA,Maroc,279 Boulevard Bir Anzarane,20250,https://all.accor.com/hotel/B3H3/index.fr.shtml,catalog_api,maroc,APARTHOTEL ADAGIO PREMIUM CASABLANCA CITY CENTER,CASABLANCA,morocco,Maroc,missing
A0G2,A0G2,ibis Rabat Agdal,IBH,IBIS,RABAT,Maroc,"Avenue Haj Ahmed Charkaoui, Place De La Gare Rabat Agdal",10000,https://all.accor.com/hotel/A0G2/index.fr.shtml,catalog_api,maroc,IBIS RABAT AGDAL,RABAT,morocco,Maroc,missing
A7Z0,A7Z0,Fairmont La Marina Rabat-Salé,FAI,FAIRMONT,RABAT SALE,Maroc,"La Marina, Avenue de Fès",11000,https://all.accor.com/hotel/A7Z0/index.fr.shtml,catalog_api,maroc,FAIRMONT LA MARINA RABAT SALE,RABAT SALE,morocco,Maroc,missing
C595,C595,Fairmont Residences La Marina Rabat Sale,FAR,FAR,RABAT,Maroc,"La Marina, Avenue de Fes",11000,https://all.accor.com/hotel/C595/index.fr.shtml,catalog_api,maroc,FAIRMONT RESIDENCES LA MARINA RABAT SALE,RABAT,morocco,Maroc,missing
B826,B826,Sofitel Agadir Royal Bay Resort,SOF,SOFITEL,AGADIR,Maroc,"BP 226 Cite Founty, P4 Baie Des Palmiers, Commune De Bensergao",80007,https://all.accor.com/hotel/B826/index.fr.shtml,catalog_api,maroc,SOFITEL AGADIR ROYAL BAY RESORT,AGADIR,morocco,Maroc,missing
A7Z3,A7Z3,Fairmont Taghazout Bay,FAI,FAIRMONT,TAGHAZOUT,Maroc,"KM 17, Route d'Essaouira, Station Touristique, Taghazout Bay",80750,https://all.accor.com/hotel/A7Z3/index.fr.shtml,catalog_api,maroc,FAIRMONT TAGHAZOUT BAY,TAGHAZOUT,morocco,Maroc,missing
5242,5242,Sofitel Agadir Thalassa sea & spa,SOF,SOFITEL,AGADIR,Maroc,"Baie des Palmiers, Cité Founty P5, Secteur touristique",80010,https://all.accor.com/hotel/5242/index.fr.shtml,catalog_api,maroc,SOFITEL AGADIR THALASSA SEA SPA,AGADIR,morocco,Maroc,missing
C477,C477,Lunja Village Taghazout,SAM,SAM,TAGHAZOUT,Maroc,"Route d Essaouira, Imi Ouaddar",80750,https://all.accor.com/hotel/C477/index.fr.shtml,catalog_api,maroc,LUNJA VILLAGE TAGHAZOUT,TAGHAZOUT,morocco,Maroc,missing
B6A9,B6A9,Fairmont Tazi Palace Tangier,FAI,FAIRMONT,TANGER,Maroc,"PALAIS TAZI KSAR AL MANDOUB, JAMAA MOKRAE, QUARTIER DE BOUBANA",90000,https://all.accor.com/hotel/B6A9/index.fr.shtml,catalog_api,maroc,FAIRMONT TAZI PALACE TANGIER,TANGER,morocco,Maroc,missing
C520,C520,Hôtel Tanger Centre Malabata,SAM,SAM,TANGER,Maroc,10 bis malabata Tanger,90000,https://all.accor.com/hotel/C520/index.fr.shtml,catalog_api,maroc,HOTEL TANGER CENTRE MALABATA,TANGER,morocco,Maroc,missing
B4Q1,B4Q1,Mövenpick Hotel And Casino Malabata Tanger,MOV,MÖVENPICK,TANGER,Maroc,"Avenue Mohamed Vi, Baie De Tanger",90000,https://all.accor.com/hotel/B4Q1/index.fr.shtml,catalog_api,maroc,MOVENPICK HOTEL AND CASINO MALABATA TANGER,TANGER,morocco,Maroc,missing
B1V1,B1V1,Banyan Tree Tamouda Bay,BAN,BANYAN TREE,TAMOUDA BAY,Maroc,"Route Nationale 13, Oued Negro, Pob 526",93100,https://all.accor.com/hotel/B1V1/index.fr.shtml,catalog_api,maroc,BANYAN TREE TAMOUDA BAY,TAMOUDA BAY,morocco,Maroc,missing
B8L9,B8L9,Hotel Oran Bay Managed By Accor,SAM,SAM,ORAN,Algérie,"Hai Ibn Rochd, Nommé Route Des Falaises, B.P 7221",31025,https://all.accor.com/hotel/B8L9/index.fr.shtml,catalog_api,algeria,HOTEL ORAN BAY MANAGED BY ACCOR,ORAN,algeria,Algérie,missing
