hotel_code,hotel_name,annee,mois,meteo_temperature_c_mean,meteo_temperature_c_min,meteo_temperature_c_max,meteo_point_rosee_c_mean,meteo_point_rosee_c_min,meteo_point_rosee_c_max,meteo_humidite_pct_mean,meteo_humidite_pct_min,meteo_humidite_pct_max,meteo_precipitations_mm_mean,meteo_precipitations_mm_min,meteo_precipitations_mm_max,meteo_neige_mm_mean,meteo_neige_mm_min,meteo_neige_mm_max,meteo_vent_kmh_mean,meteo_vent_kmh_min,meteo_vent_kmh_max,meteo_pression_hpa_mean,meteo_pression_hpa_min,meteo_pression_hpa_max,meteo_ensoleillement_min_mean,meteo_ensoleillement_min_min,meteo_ensoleillement_min_max
H0373,Mercure Paris Montmartre Sacré-Cœur,2023,1,6.456048387096773,-2.7,15.0,3.5486559139784943,-4.4,12.1,82.06586021505376,53.0,97.0,0.08432432432432434,0.0,4.0,0.05508474576271186,0.0,3.0,14.212096774193547,1.8,31.7,1018.5962365591397,978.2,1036.9,3.5336021505376345,0.0,51.0
H0373,Mercure Paris Montmartre Sacré-Cœur,2023,2,7.1433035714285715,-4.3,16.4,2.3523809523809525,-9.5,11.2,72.79613095238095,29.0,96.0,0.005089820359281438,0.0,0.6,0.0,0.0,0.0,10.724702380952381,0.0,31.7,1029.15,1008.3,1042.6,9.78422619047619,0.0,60.0
H0373,Mercure Paris Montmartre Sacré-Cœur,2023,3,9.63239247311828,-0.7,21.0,4.238575268817204,-6.5,11.6,70.27150537634408,33.0,96.0,0.09337837837837837,0.0,5.0,0.0,0.0,0.0,14.561827956989248,0.0,35.3,1011.9834677419354,989.9,1028.7,7.725806451612903,0.0,59.0
H0373,Mercure Paris Montmartre Sacré-Cœur,2023,4,11.007083333333334,2.9,22.5,5.036527777777778,-5.4,14.7,68.57777777777778,26.0,96.0,0.09943977591036414,0.0,7.0,0.0,0.0,0.0,11.913194444444445,0.0,25.9,1016.5401388888888,1001.0,1027.6,12.165277777777778,0.0,60.0
H0373,Mercure Paris Montmartre Sacré-Cœur,2023,5,15.768548387096773,7.3,27.2,9.140456989247312,3.6,16.0,66.84408602150538,31.0,96.0,0.08024193548387097,0.0,8.0,0.0,0.0,0.0,12.9991935483871,1.8,24.1,1020.1611559139785,1011.6,1028.1,18.93951612903226,0.0,60.0
H0373,Mercure Paris Montmartre Sacré-Cœur,2023,6,22.139861111111113,10.9,33.6,12.516666666666667,4.9,20.2,57.422222222222224,25.0,97.0,0.04617524339360223,0.0,5.7,0.0,0.0,0.0,10.776388888888889,1.8,24.1,1016.2244444444444,1007.0,1026.0,24.431944444444444,0.0,60.0
H0373,Mercure Paris Montmartre Sacré-Cœur,2023,7,20.954166666666662,12.3,33.5,12.399193548387096,6.4,21.9,60.674731182795696,26.0,96.0,0.1396505376344086,0.0,24.0,0.0,0.0,0.0,11.055510752688173,0.0,28.4,1014.3138440860215,1005.0,1023.3,16.384408602150536,0.0,60.0
H0373,Mercure Paris Montmartre Sacré-Cœur,2023,8,20.434408602150537,12.9,31.6,14.39233870967742,7.5,23.2,69.8252688172043,38.0,97.0,0.08077956989247312,0.0,7.0,0.0,0.0,0.0,9.69717741935484,0.0,31.7,1015.132123655914,994.9,1024.8,12.775537634408602,0.0,57.0
H0373,Mercure Paris Montmartre Sacré-Cœur,2023,9,20.809722222222224,8.6,35.3,14.369444444444444,7.7,19.3,69.15416666666667,26.0,96.0,0.050833333333333335,0.0,5.0,0.0,0.0,0.0,8.597083333333332,0.0,27.7,1015.8698611111112,997.6,1027.8,14.008462623413259,0.0,60.0
H0373,Mercure Paris Montmartre Sacré-Cœur,2023,10,15.050672043010751,5.7,28.2,10.597983870967742,0.0,17.6,76.64247311827957,33.0,98.0,0.11846361185983828,0.0,9.0,0.0,0.0,0.0,10.21760752688172,0.0,33.5,1010.5669354838709,978.1,1031.2,8.725806451612904,0.0,57.0
H0373,Mercure Paris Montmartre Sacré-Cœur,2023,11,9.430555555555555,1.7,17.1,6.645277777777778,-1.2,15.2,83.275,54.0,98.0,0.1283916083916084,0.0,5.0,0.0,0.0,0.0,13.30402777777778,1.8,33.5,1009.1077777777778,971.2,1031.7,3.7944444444444443,0.0,54.0
H0373,Mercure Paris Montmartre Sacré-Cœur,2023,12,8.028494623655913,-1.9,12.9,5.325,-5.4,11.9,83.57795698924731,48.0,98.0,0.0825910931174089,0.0,4.1,0.0,0.0,0.0,12.99220430107527,1.8,33.5,1016.7572580645161,996.2,1044.2,2.702956989247312,0.0,54.0
H0373,Mercure Paris Montmartre Sacré-Cœur,2024,1,5.0055107526881715,-3.6,14.4,1.6491935483870968,-7.9,12.0,79.5725806451613,41.0,97.0,0.08239247311827956,0.0,2.0,0.07860262008733625,0.0,2.0,12.601075268817205,1.8,37.1,1020.3170698924731,984.5,1037.6,5.376344086021505,0.0,60.0
H0373,Mercure Paris Montmartre Sacré-Cœur,2024,2,9.438362068965517,3.0,18.5,6.685057471264367,0.9,11.8,83.53591954022988,48.0,99.0,0.11810344827586206,0.0,5.0,0.0,0.0,0.0,13.026580459770114,0.0,37.1,1014.1521551724137,983.0,1036.7,2.382183908045977,0.0,45.0
H0373,Mercure Paris Montmartre Sacré-Cœur,2024,3,10.058736559139787,2.7,21.0,5.971639784946236,-0.2,13.1,77.13306451612904,42.0,97.0,0.12647849462365593,0.0,3.0,0.0,0.0,0.0,11.503360215053764,0.0,40.7,1008.1201612903226,982.0,1027.2,6.759408602150538,0.0,52.0
H0373,Mercure Paris Montmartre Sacré-Cœur,2024,4,12.238888888888889,3.6,26.3,6.503194444444444,-5.1,14.0,69.70555555555555,32.0,97.0,0.0875,0.0,3.0,0.0,0.0,0.0,12.712638888888886,1.8,33.8,1016.1551388888888,994.7,1034.0,8.448611111111111,0.0,54.0
H0373,Mercure Paris Montmartre Sacré-Cœur,2024,5,15.653897849462366,6.8,27.0,10.680510752688171,5.5,16.8,74.12768817204301,35.0,99.0,0.14731182795698924,0.0,8.0,0.0,0.0,0.0,9.555645161290323,0.0,22.3,1013.3689516129032,1001.4,1028.7,8.501344086021506,0.0,58.0
H0373,Mercure Paris Montmartre Sacré-Cœur,2024,6,18.170972222222222,10.0,30.8,11.377777777777776,4.1,19.7,66.39583333333333,36.0,96.0,0.062203626220362615,0.0,6.0,0.0,0.0,0.0,10.800972222222223,1.8,25.2,1015.1454166666666,1004.0,1024.7,13.261111111111111,0.0,60.0
H0373,Mercure Paris Montmartre Sacré-Cœur,2024,7,20.811827956989248,11.4,35.8,13.489650537634411,4.8,22.2,65.00537634408602,31.0,97.0,0.10486486486486486,0.0,6.0,0.0,0.0,0.0,8.917876344086022,0.0,28.8,1015.3512096774194,1004.0,1026.0,12.071236559139784,0.0,58.0
H0373,Mercure Paris Montmartre Sacré-Cœur,2024,8,21.53991935483871,11.9,35.3,14.515860215053765,6.8,22.5,66.41397849462365,29.0,96.0,0.09494382022471909,0.0,10.0,0.0,0.0,0.0,9.261021505376345,0.0,20.5,1015.866935483871,1004.9,1024.4,16.02016129032258,0.0,60.0
H0373,Mercure Paris Montmartre Sacré-Cœur,2024,9,16.325,6.5,28.7,12.122222222222222,4.2,21.3,77.49166666666666,39.0,97.0,0.15509325681492112,0.0,7.2,0.0,0.0,0.0,10.814444444444446,0.0,25.9,1015.0702777777777,992.2,1032.4,9.290277777777778,0.0,60.0
H0373,Mercure Paris Montmartre Sacré-Cœur,2024,10,13.964516129032258,7.4,25.8,11.406586021505376,3.3,17.8,85.33467741935483,47.0,98.0,0.18277254374158816,0.0,13.0,0.0,0.0,0.0,9.005913978494624,0.0,22.3,1015.7119623655914,982.0,1034.9,6.002688172043011,0.0,57.0
H0373,Mercure Paris Montmartre Sacré-Cœur,2024,11,8.581805555555555,-0.7,17.2,5.9705555555555545,-3.1,12.7,84.30833333333334,56.0,98.0,0.07246175243393603,0.0,4.0,0.1276595744680851,0.0,7.0,10.983611111111111,0.0,28.8,1021.7987499999999,989.9,1033.5,3.7416666666666667,0.0,54.0
H0373,Mercure Paris Montmartre Sacré-Cœur,2024,12,6.491397849462366,-1.0,13.5,4.292338709677419,-1.3,11.7,86.26075268817205,59.0,100.0,0.09033613445378151,0.0,8.0,0.0,0.0,0.0,11.376747311827959,1.8,31.7,1024.4004032258063,1000.3,1038.3,3.2903225806451615,0.0,50.0
H0373,Mercure Paris Montmartre Sacré-Cœur,2025,1,4.338978494623656,-4.2,12.8,2.165860215053763,-5.2,10.2,86.26881720430107,59.0,100.0,0.14514824797843667,0.0,4.4,0.0,0.0,0.0,12.795967741935485,1.1,36.0,1016.5650537634409,984.9,1043.0,3.6155913978494625,0.0,60.0
H0373,Mercure Paris Montmartre Sacré-Cœur,2025,2,4.786011904761905,-2.6,15.2,2.2973214285714283,-4.5,10.8,84.55654761904762,58.0,100.0,0.07172619047619049,0.0,5.8,0.0,0.0,0.0,10.59672619047619,1.4,29.2,1022.7398809523809,1009.4,1041.7,7.114583333333333,0.0,60.0
H0373,Mercure Paris Montmartre Sacré-Cœur,2025,3,8.256317204301075,-0.8,20.0,3.816532258064516,-5.1,11.6,75.38709677419355,35.0,100.0,0.029830508474576273,0.0,1.6,0.0,0.0,0.0,10.959946236559139,1.1,25.9,1016.2239247311829,997.3,1034.0,11.385752688172044,0.0,60.0
H0373,Mercure Paris Montmartre Sacré-Cœur,2025,4,13.056527777777779,3.9,28.3,6.291527777777778,-2.8,12.0,66.37361111111112,22.0,99.0,0.03722222222222222,0.0,3.0,0.0,0.0,0.0,10.883472222222222,1.8,26.3,1016.0919444444444,996.4,1029.8,15.797222222222222,0.0,60.0
H0373,Mercure Paris Montmartre Sacré-Cœur,2025,5,16.08051075268817,7.3,30.3,7.8374999999999995,-1.1,18.3,61.2244623655914,23.0,97.0,0.045161290322580636,0.0,4.2,0.0,0.0,0.0,11.871370967741935,1.1,24.5,1017.2741935483871,1007.1,1025.0,14.341397849462366,0.0,60.0
H0373,Mercure Paris Montmartre Sacré-Cœur,2025,6,21.652916666666666,9.9,35.5,12.336250000000003,4.4,19.5,59.209722222222226,16.0,95.0,0.06222222222222223,0.0,8.1,0.0,0.0,0.0,10.969166666666666,1.8,29.5,1018.3161111111112,1007.7,1029.0,20.022222222222222,0.0,60.0
H0373,Mercure Paris Montmartre Sacré-Cœur,2025,7,20.70013440860215,11.2,38.1,12.939650537634408,2.4,19.4,65.19623655913979,19.0,99.0,0.18225806451612905,0.0,12.3,0.0,0.0,0.0,11.110349462365592,1.4,24.5,1016.1400537634408,1002.0,1029.2,18.301075268817204,0.0,60.0
H0373,Mercure Paris Montmartre Sacré-Cœur,2025,8,21.144086021505373,12.3,36.1,12.172983870967743,4.7,19.8,60.079301075268816,22.0,97.0,0.04973118279569892,0.0,4.8,0.0,0.0,0.0,10.214516129032258,1.1,23.8,1016.6184139784948,998.5,1027.9,21.108870967741936,0.0,60.0
H0373,Mercure Paris Montmartre Sacré-Cœur,2025,9,15.730416666666667,7.7,28.8,11.139305555555554,4.7,18.9,75.8375,36.0,100.0,0.07625,0.0,3.0,0.0,0.0,0.0,12.468888888888888,2.2,32.8,1017.3190277777777,1004.9,1027.2,11.644444444444444,0.0,60.0
H0373,Mercure Paris Montmartre Sacré-Cœur,2025,10,12.450940860215054,6.3,18.2,9.042876344086022,2.1,16.4,80.64112903225806,46.0,100.0,0.04731182795698924,0.0,3.4,0.0,0.0,0.0,13.541397849462365,1.1,32.4,1016.6674731182795,984.9,1033.6,9.763440860215054,0.0,59.0
H0373,Mercure Paris Montmartre Sacré-Cœur,2025,11,8.55486111111111,-2.1,17.3,6.29875,-3.8,13.5,86.25694444444444,60.0,100.0,0.09458333333333332,0.0,3.1,0.0,0.0,0.0,12.853888888888887,1.8,24.1,1013.44375,994.2,1030.2,4.618055555555555,0.0,47.0
H0373,Mercure Paris Montmartre Sacré-Cœur,2025,12,6.360618279569893,-3.9,15.8,4.318951612903226,-6.2,12.8,87.28494623655914,49.0,100.0,0.04583333333333334,0.0,2.6,0.0,0.0,0.0,12.455241935483873,1.4,29.2,1017.4399193548388,1001.9,1031.3,5.178763440860215,0.0,60.0
H0373,Mercure Paris Montmartre Sacré-Cœur,2026,1,4.9198924731182805,-5.3,12.6,2.8205645161290325,-6.5,8.9,86.68682795698925,59.0,100.0,0.06370967741935482,0.0,3.2,0.16022099447513813,0.0,7.0,13.743010752688171,1.1,39.2,1006.6094086021506,988.9,1024.6,3.985215053763441,0.0,51.0
H0373,Mercure Paris Montmartre Sacré-Cœur,2026,2,8.523809523809524,-1.3,18.4,6.003571428571429,-4.3,12.4,84.87946428571429,51.0,100.0,0.15416666666666667,0.0,2.4,0.0,0.0,0.0,14.770535714285714,1.4,30.6,1005.7090773809524,979.1,1026.1,5.622023809523809,0.0,60.0
H0373,Mercure Paris Montmartre Sacré-Cœur,2026,3,9.261290322580646,0.5,18.3,4.848790322580646,-3.6,12.0,75.47983870967742,36.0,100.0,0.05591397849462365,0.0,3.7,0.0,0.0,0.0,11.25268817204301,1.4,34.2,1019.9153225806451,1003.8,1032.6,15.435483870967742,0.0,60.0
H0373,Mercure Paris Montmartre Sacré-Cœur,2026,4,13.29361111111111,3.6,25.1,4.753472222222222,-5.3,12.9,60.830555555555556,14.0,99.0,0.011527777777777776,0.0,2.3,0.0,0.0,0.0,11.123472222222222,0.4,25.2,1020.3887500000001,1007.4,1028.9,20.256944444444443,0.0,60.0
H0373,Mercure Paris Montmartre Sacré-Cœur,2026,5,16.671102150537635,4.8,32.7,10.703629032258064,-0.4,19.8,71.37231182795699,23.0,99.0,0.14045698924731184,0.0,4.7,0.0,0.0,0.0,9.56733870967742,1.4,27.4,1016.9116935483871,999.6,1030.3,17.143817204301076,0.0,60.0
H0373,Mercure Paris Montmartre Sacré-Cœur,2026,6,22.685138888888886,9.6,39.6,12.67527777777778,4.7,20.9,57.44583333333333,17.0,94.0,0.04930555555555557,0.0,3.9,0.0,0.0,0.0,11.141666666666667,1.8,27.7,1017.8320833333333,1004.1,1026.7,23.01388888888889,0.0,60.0
H0373,Mercure Paris Montmartre Sacré-Cœur,2026,7,24.941317365269462,13.3,35.7,11.174850299401198,1.3,18.8,45.852295409181636,17.0,91.0,0.005988023952095809,0.0,2.0,0.0,0.0,0.0,11.350898203592815,1.8,20.9,1019.6081836327346,1012.2,1029.4,29.622754491017965,0.0,60.0
H0373,Mercure Paris Montmartre Sacré-Cœur,2026,8,21.144086021505373,12.3,36.1,12.172983870967743,4.7,19.8,60.079301075268816,22.0,97.0,0.04973118279569892,0.0,4.8,0.0,0.0,0.0,10.214516129032258,1.1,23.8,1016.6184139784948,998.5,1027.9,21.108870967741936,0.0,60.0
H0373,Mercure Paris Montmartre Sacré-Cœur,2026,9,15.730416666666667,7.7,28.8,11.139305555555554,4.7,18.9,75.8375,36.0,100.0,0.07625,0.0,3.0,0.0,0.0,0.0,12.468888888888888,2.2,32.8,1017.3190277777777,1004.9,1027.2,11.644444444444444,0.0,60.0
H0373,Mercure Paris Montmartre Sacré-Cœur,2026,10,12.450940860215054,6.3,18.2,9.042876344086022,2.1,16.4,80.64112903225806,46.0,100.0,0.04731182795698924,0.0,3.4,0.0,0.0,0.0,13.541397849462365,1.1,32.4,1016.6674731182795,984.9,1033.6,9.763440860215054,0.0,59.0
H0373,Mercure Paris Montmartre Sacré-Cœur,2026,11,8.55486111111111,-2.1,17.3,6.29875,-3.8,13.5,86.25694444444444,60.0,100.0,0.09458333333333332,0.0,3.1,0.0,0.0,0.0,12.853888888888887,1.8,24.1,1013.44375,994.2,1030.2,4.618055555555555,0.0,47.0
H0373,Mercure Paris Montmartre Sacré-Cœur,2026,12,6.360618279569893,-3.9,15.8,4.318951612903226,-6.2,12.8,87.28494623655914,49.0,100.0,0.04583333333333334,0.0,2.6,0.0,0.0,0.0,12.455241935483873,1.4,29.2,1017.4399193548388,1001.9,1031.3,5.178763440860215,0.0,60.0
H0815,Ibis Styles Roissy CDG,2023,1,5.84731182795699,-2.7,15.4,3.4455645161290325,-4.0,11.9,85.03763440860214,49.0,100.0,0.09233870967741936,0.0,5.0,,,,20.458736559139783,0.0,44.6,1018.4752688172043,977.0,1037.1,3.1653225806451615,0.0,54.0
H0815,Ibis Styles Roissy CDG,2023,2,6.1797619047619055,-3.4,15.3,2.2287202380952382,-9.1,11.0,77.15625,31.0,99.0,0.005357142857142857,0.0,0.4,,,,14.281696428571427,0.0,42.5,1029.2139880952382,1008.4,1042.2,9.683035714285714,0.0,60.0
H0815,Ibis Styles Roissy CDG,2023,3,9.073252688172044,-2.7,20.6,4.06263440860215,-6.4,11.6,72.22446236559139,32.0,97.0,0.11236559139784945,0.0,6.0,,,,21.318413978494622,0.0,51.8,1011.8616935483872,989.4,1028.8,7.01747311827957,0.0,60.0
H0815,Ibis Styles Roissy CDG,2023,4,9.994166666666667,0.3,21.9,5.018888888888889,-6.4,14.5,73.25138888888888,22.0,99.0,0.09277777777777779,0.0,6.0,,,,16.594444444444445,1.8,42.5,1016.6341666666666,1000.8,1028.0,11.595833333333333,0.0,60.0
H0815,Ibis Styles Roissy CDG,2023,5,14.520295698924729,5.0,25.3,9.271102150537635,3.6,15.2,72.94489247311827,36.0,100.0,0.10698924731182795,0.0,16.0,,,,16.31948924731183,3.6,31.7,1020.3432795698925,1011.4,1028.5,18.243279569892472,0.0,60.0
H0815,Ibis Styles Roissy CDG,2023,6,21.039444444444445,9.6,33.5,12.820833333333333,5.8,19.5,62.53055555555556,27.0,97.0,0.05930555555555556,0.0,21.0,,,,13.835277777777778,0.0,38.9,1016.4534722222222,1007.0,1026.3,24.315277777777776,0.0,60.0
H0815,Ibis Styles Roissy CDG,2023,7,20.345026881720432,11.9,32.4,12.513709677419357,7.0,20.8,63.75403225806452,26.0,98.0,0.10188172043010753,0.0,7.0,,,,16.303897849462363,0.0,44.6,1014.2862903225806,1004.5,1023.3,15.530913978494624,0.0,60.0
H0815,Ibis Styles Roissy CDG,2023,8,19.835752688172043,12.0,31.1,14.39758064516129,7.2,21.8,72.56720430107526,42.0,99.0,0.11155913978494623,0.0,6.0,,,,14.49032258064516,1.8,48.2,1015.117876344086,994.4,1025.1,12.850806451612904,0.0,60.0
H0815,Ibis Styles Roissy CDG,2023,9,20.490277777777774,9.2,34.7,14.286527777777776,7.4,19.0,70.14305555555555,30.0,98.0,0.061527777777777785,0.0,5.0,,,,12.75361111111111,0.0,35.3,1015.9830555555557,997.7,1027.9,14.397743300423132,0.0,60.0
H0815,Ibis Styles Roissy CDG,2023,10,14.84005376344086,2.8,28.0,10.44018817204301,-0.6,17.6,77.10349462365592,29.0,100.0,0.11706989247311828,0.0,5.0,,,,15.751209677419357,1.8,48.2,1010.549865591398,977.5,1031.1,8.798387096774194,0.0,60.0
H0815,Ibis Styles Roissy CDG,2023,11,8.89625,-0.2,16.7,6.54263888888889,-1.1,15.3,85.7388888888889,54.0,99.0,0.15319444444444444,0.0,4.0,,,,20.02722222222222,3.6,57.6,1008.9201388888889,970.9,1031.8,4.009722222222222,0.0,55.0
H0815,Ibis Styles Roissy CDG,2023,12,7.533064516129032,-2.7,13.0,5.3788978494623665,-4.8,11.7,86.73790322580645,47.0,100.0,0.09059139784946235,0.0,4.4,,,,19.833333333333332,1.8,46.4,1016.5506720430106,996.0,1044.3,2.913978494623656,0.0,52.0
H0815,Ibis Styles Roissy CDG,2024,1,4.284005376344086,-5.2,14.1,1.5268817204301075,-8.2,11.8,82.84946236559139,52.0,100.0,0.09986559139784948,0.0,5.0,,,,17.92715053763441,0.0,53.6,1020.2899193548386,985.0,1037.7,5.545698924731183,0.0,60.0
H0815,Ibis Styles Roissy CDG,2024,2,8.984051724137931,1.3,17.9,6.72801724137931,0.7,11.8,86.38362068965517,51.0,100.0,0.1442528735632184,0.0,3.3,,,,19.56594827586207,3.6,57.6,1014.021264367816,983.4,1036.3,2.2744252873563218,0.0,44.0
H0815,Ibis Styles Roissy CDG,2024,3,9.637096774193548,1.7,19.6,6.160618279569892,0.6,12.7,80.3225806451613,43.0,100.0,0.14099462365591398,0.0,5.4,,,,15.857392473118281,0.0,48.0,1008.0895161290324,981.0,1027.3,6.189516129032258,0.0,54.0
H0815,Ibis Styles Roissy CDG,2024,4,11.702638888888888,0.9,26.1,6.092083333333332,-6.0,13.8,70.54722222222222,29.0,98.0,0.09611111111111112,0.0,3.3,,,,17.40138888888889,0.0,48.2,1016.0987500000001,994.0,1034.0,8.729166666666666,0.0,54.0
H0815,Ibis Styles Roissy CDG,2024,5,15.109543010752688,7.7,25.6,10.380510752688172,4.4,15.4,75.36021505376344,36.0,99.0,0.15134408602150537,0.0,12.0,,,,13.163306451612904,0.0,33.5,1013.4270161290322,1000.0,1028.8,8.151881720430108,0.0,60.0
H0815,Ibis Styles Roissy CDG,2024,6,17.339444444444442,8.1,30.8,11.075416666666666,3.4,18.9,68.74861111111112,37.0,97.0,0.08833333333333332,0.0,15.0,,,,13.774722222222222,0.0,35.3,1015.2311111111111,1003.9,1024.7,12.975,0.0,60.0
H0815,Ibis Styles Roissy CDG,2024,7,20.40228494623656,11.3,35.4,13.034408602150537,4.6,21.3,65.14112903225806,29.0,98.0,0.09448183041722746,0.0,4.0,,,,12.621505376344086,0.0,33.5,1015.4244623655915,1003.5,1026.2,11.516129032258064,0.0,59.0
H0815,Ibis Styles Roissy CDG,2024,8,21.254973118279565,11.7,37.0,13.959677419354838,6.0,21.0,65.71774193548387,27.0,96.0,0.06694796061884668,0.0,5.7,,,,12.938037634408603,0.0,37.1,1015.9174731182796,1004.9,1024.3,15.134408602150538,0.0,60.0
H0815,Ibis Styles Roissy CDG,2024,9,15.994027777777779,6.3,28.2,11.707916666666668,3.4,20.2,77.28055555555555,37.0,99.0,0.1737300435413643,0.0,15.0,,,,16.158055555555556,0.0,35.3,1015.0940277777777,992.0,1032.5,9.793055555555556,0.0,60.0
H0815,Ibis Styles Roissy CDG,2024,10,13.495295698924732,5.7,24.8,11.081451612903226,3.2,17.6,86.24059139784946,44.0,100.0,0.20270635994587283,0.0,14.0,,,,14.110349462365589,0.0,33.5,1015.7888440860215,982.3,1035.0,6.844086021505376,0.0,60.0
H0815,Ibis Styles Roissy CDG,2024,11,8.127222222222223,-1.6,17.8,5.765138888888888,-2.3,12.6,85.98055555555555,52.0,100.0,0.08050139275766016,0.0,3.0,,,,15.108611111111113,0.0,43.0,1021.7666666666667,991.0,1033.5,4.354166666666667,0.0,60.0
H0815,Ibis Styles Roissy CDG,2024,12,5.778897849462366,-1.3,13.6,4.061559139784946,-1.4,12.1,89.12768817204301,59.0,100.0,0.08123209169054442,0.0,2.5,,,,16.58978494623656,0.0,42.5,1024.310752688172,999.6,1038.0,2.747311827956989,0.0,53.0
H0815,Ibis Styles Roissy CDG,2025,1,4.103763440860215,-4.0,13.0,2.1073924731182796,-6.0,10.4,87.5752688172043,56.0,100.0,0.16437246963562752,0.0,4.1,,,,17.44516129032258,0.0,44.6,1015.9951612903225,984.7,1042.9,3.3413978494623655,0.0,60.0
H0815,Ibis Styles Roissy CDG,2025,2,4.9226190476190474,-3.0,16.0,2.1796130952380954,-5.0,11.1,83.34821428571429,55.0,100.0,0.06101190476190476,0.0,3.1,,,,14.699553571428572,0.0,35.3,1022.0135416666668,1008.0,1041.0,7.230654761904762,0.0,60.0
H0815,Ibis Styles Roissy CDG,2025,3,8.99744623655914,0.0,19.0,3.0780913978494624,-5.0,12.1,68.93145161290323,29.0,100.0,0.0342512908777969,0.0,3.0,,,,15.149596774193549,0.0,37.1,1015.9219086021506,998.0,1033.0,11.288978494623656,0.0,59.0
H0815,Ibis Styles Roissy CDG,2025,4,13.369444444444444,4.0,27.0,5.522777777777778,-5.2,12.1,62.102777777777774,24.0,94.0,0.040138888888888884,0.0,2.8,,,,15.60513888888889,0.0,42.5,1015.7084722222222,996.0,1029.0,15.869444444444444,0.0,60.0
H0815,Ibis Styles Roissy CDG,2025,5,15.67741935483871,5.0,30.0,8.181451612903226,-1.1,19.1,63.549731182795696,28.0,94.0,0.04260752688172043,0.0,4.4,,,,15.200672043010751,0.0,31.7,1017.0833333333334,1008.0,1025.0,13.794354838709678,0.0,60.0
H0815,Ibis Styles Roissy CDG,2025,6,21.101388888888888,12.0,35.0,12.9425,5.1,20.9,62.548611111111114,21.0,94.0,0.0598611111111111,0.0,3.3,,,,13.595555555555555,0.0,48.2,1018.2619444444445,1007.0,1029.0,17.920833333333334,0.0,60.0
H0815,Ibis Styles Roissy CDG,2025,7,20.647849462365592,12.0,38.0,13.393010752688173,4.9,20.1,66.50403225806451,23.0,100.0,0.14260752688172043,0.0,6.4,,,,13.34475806451613,0.0,37.1,1016.1021505376344,1002.0,1029.0,17.14516129032258,0.0,60.0
H0815,Ibis Styles Roissy CDG,2025,8,20.862903225806452,11.0,36.0,12.42997311827957,3.8,20.0,61.721774193548384,20.0,100.0,0.03682795698924731,0.0,3.6,,,,13.604973118279569,0.0,33.0,1016.6209677419355,999.0,1028.0,19.987903225806452,0.0,60.0
H0815,Ibis Styles Roissy CDG,2025,9,16.15972222222222,8.0,31.0,11.153611111111111,4.9,18.0,74.54583333333333,31.0,100.0,0.06513888888888889,0.0,1.7,,,,16.924166666666665,2.0,48.0,1017.0041666666667,1004.0,1027.0,11.493055555555555,0.0,60.0
H0815,Ibis Styles Roissy CDG,2025,10,12.748655913978494,6.0,20.0,9.066397849462366,2.0,17.0,79.44623655913979,37.0,100.0,0.06626344086021504,0.0,3.7,,,,17.216397849462364,2.0,50.0,1016.2244623655914,984.0,1034.0,9.533602150537634,0.0,60.0
H0815,Ibis Styles Roissy CDG,2025,11,8.83611111111111,-3.0,19.0,6.567777777777777,-3.1,13.0,86.50833333333334,52.0,100.0,0.08069444444444444,0.0,2.8,,,,15.936111111111112,0.0,35.0,1012.8902777777778,993.0,1029.0,4.618055555555555,0.0,49.0
H0815,Ibis Styles Roissy CDG,2025,12,6.840725806451613,-4.0,16.0,4.639516129032257,-6.0,13.0,86.41129032258064,57.0,100.0,0.04623655913978495,0.0,3.7,,,,16.3127688172043,0.0,37.0,1016.8362903225806,1002.0,1030.0,4.681451612903226,0.0,58.0
H0815,Ibis Styles Roissy CDG,2026,1,5.184139784946237,-6.0,13.0,3.0057795698924727,-6.9,9.1,86.4502688172043,54.0,100.0,0.07943548387096774,0.0,1.8,,,,17.201612903225808,0.0,65.0,1005.869623655914,987.0,1024.0,3.5846774193548385,0.0,55.0
H0815,Ibis Styles Roissy CDG,2026,2,8.960863095238096,-1.0,21.0,6.183779761904762,-3.0,12.0,83.64583333333333,46.0,100.0,0.18095238095238095,0.0,2.6,,,,16.723065476190477,2.0,43.0,1005.0721726190476,979.7,1026.0,5.096726190476191,0.0,60.0
H0815,Ibis Styles Roissy CDG,2026,3,9.90510752688172,0.0,19.0,4.316263440860214,-4.0,10.1,70.47311827956989,29.0,100.0,0.06505376344086022,0.0,2.3,,,,15.333064516129031,0.0,43.0,1019.225,1000.0,1032.0,15.223118279569892,0.0,60.0
H0815,Ibis Styles Roissy CDG,2026,4,13.07375,3.0,26.0,4.608472222222222,-3.0,12.0,60.23888888888889,20.0,100.0,0.00986111111111111,0.0,0.5,,,,8.580416666666666,0.0,29.6,1020.0193055555555,1007.0,1029.0,19.8,0.0,60.0
H0815,Ibis Styles Roissy CDG,2026,5,16.990591397849464,4.0,32.0,10.336021505376344,-1.0,19.1,68.33467741935483,24.0,100.0,0.12983870967741934,0.0,3.0,,,,7.098252688172043,0.0,18.0,1016.723252688172,999.0,1030.0,16.451612903225808,0.0,60.0
H0815,Ibis Styles Roissy CDG,2026,6,22.254166666666666,10.0,40.0,12.868055555555555,3.8,22.0,58.59444444444444,19.0,100.0,0.0425,0.0,2.3,,,,8.116666666666667,0.0,23.0,1017.6291666666667,1004.0,1027.0,21.247222222222224,0.0,60.0
H0815,Ibis Styles Roissy CDG,2026,7,24.08003992015968,12.0,35.0,11.776447105788423,5.8,17.1,49.70259481037924,18.0,94.0,0.0,0.0,0.0,,,,8.569461077844311,1.0,18.5,1019.833133732535,1013.0,1029.0,28.18363273453094,0.0,60.0
H0815,Ibis Styles Roissy CDG,2026,8,20.862903225806452,11.0,36.0,12.42997311827957,3.8,20.0,61.721774193548384,20.0,100.0,0.03682795698924731,0.0,3.6,,,,13.604973118279569,0.0,33.0,1016.6209677419355,999.0,1028.0,19.987903225806452,0.0,60.0
H0815,Ibis Styles Roissy CDG,2026,9,16.15972222222222,8.0,31.0,11.153611111111111,4.9,18.0,74.54583333333333,31.0,100.0,0.06513888888888889,0.0,1.7,,,,16.924166666666665,2.0,48.0,1017.0041666666667,1004.0,1027.0,11.493055555555555,0.0,60.0
H0815,Ibis Styles Roissy CDG,2026,10,12.748655913978494,6.0,20.0,9.066397849462366,2.0,17.0,79.44623655913979,37.0,100.0,0.06626344086021504,0.0,3.7,,,,17.216397849462364,2.0,50.0,1016.2244623655914,984.0,1034.0,9.533602150537634,0.0,60.0
H0815,Ibis Styles Roissy CDG,2026,11,8.83611111111111,-3.0,19.0,6.567777777777777,-3.1,13.0,86.50833333333334,52.0,100.0,0.08069444444444444,0.0,2.8,,,,15.936111111111112,0.0,35.0,1012.8902777777778,993.0,1029.0,4.618055555555555,0.0,49.0
H0815,Ibis Styles Roissy CDG,2026,12,6.840725806451613,-4.0,16.0,4.639516129032257,-6.0,13.0,86.41129032258064,57.0,100.0,0.04623655913978495,0.0,3.7,,,,16.3127688172043,0.0,37.0,1016.8362903225806,1002.0,1030.0,4.681451612903226,0.0,58.0
H2075,Ibis budget Nice Californie,2023,1,9.648118279569893,2.1,17.0,1.8412634408602149,-13.6,13.5,60.270161290322584,19.0,94.0,0.04475806451612903,0.0,5.0,0.0,0.0,0.0,17.476075268817205,0.0,51.8,1016.2854838709676,984.7,1031.5,11.661290322580646,0.0,60.0
H2075,Ibis budget Nice Californie,2023,2,10.040922619047619,1.0,16.3,2.976190476190476,-9.9,11.2,62.92559523809524,27.0,88.0,0.020535714285714286,0.0,3.4,0.0,0.0,0.0,17.197916666666668,0.0,59.4,1024.4654761904762,993.5,1037.2,14.178571428571429,0.0,60.0
H2075,Ibis budget Nice Californie,2023,3,13.191263440860213,5.6,23.8,5.897043010752688,-9.6,13.4,63.98521505376344,10.0,96.0,0.0038978494623655917,0.0,1.3,0.0,0.0,0.0,15.638440860215054,0.0,55.4,1013.2055107526882,997.6,1025.5,18.635752688172044,0.0,60.0
H2075,Ibis budget Nice Californie,2023,4,14.823055555555554,6.7,22.7,8.02736111111111,-7.6,15.9,65.54722222222222,14.0,94.0,0.036527777777777784,0.0,2.6,0.0,0.0,0.0,14.047083333333333,0.0,59.4,1012.7816666666668,998.8,1023.4,20.6125,0.0,60.0
H2075,Ibis budget Nice Californie,2023,5,18.706720430107527,12.2,25.6,12.735887096774194,6.9,18.8,69.28763440860214,39.0,95.0,0.07594086021505377,0.0,9.9,0.0,0.0,0.0,12.399596774193549,0.0,38.9,1014.0092741935484,1002.5,1021.5,18.606182795698924,0.0,60.0
H2075,Ibis budget Nice Californie,2023,6,23.23611111111111,17.7,29.3,17.63486111111111,10.7,23.0,71.49166666666666,38.0,90.0,0.030972222222222217,0.0,11.0,0.0,0.0,0.0,12.337916666666665,0.0,44.6,1014.1256944444444,1008.0,1017.6,21.105555555555554,0.0,60.0
H2075,Ibis budget Nice Californie,2023,7,26.357930107526887,19.6,33.1,19.443145161290325,3.5,24.7,67.34543010752688,21.0,89.0,0.0032258064516129037,0.0,1.0,0.0,0.0,0.0,13.850672043010752,0.0,55.4,1013.3986559139786,999.2,1020.7,28.5497311827957,0.0,60.0
H2075,Ibis budget Nice Californie,2023,8,25.52271505376344,18.3,32.6,17.46545698924731,5.2,25.7,62.284946236559136,32.0,92.0,0.035483870967741936,0.0,10.0,0.0,0.0,0.0,11.99731182795699,0.0,50.0,1012.615322580645,996.9,1021.4,26.39516129032258,0.0,60.0
H2075,Ibis budget Nice Californie,2023,9,23.14027777777778,16.3,28.8,15.854027777777777,7.9,21.8,64.68055555555556,34.0,92.0,0.07277777777777777,0.0,12.0,0.0,0.0,0.0,13.40638888888889,0.0,42.5,1017.1524999999999,1003.8,1023.0,20.587392550143267,0.0,60.0
H2075,Ibis budget Nice Californie,2023,10,19.931586021505375,12.8,27.8,14.024059139784946,4.0,21.1,69.78494623655914,37.0,95.0,0.12446236559139787,0.0,9.0,0.0,0.0,0.0,15.708198924731185,0.0,46.4,1013.6998655913978,987.9,1025.5,13.778225806451612,0.0,60.0
H2075,Ibis budget Nice Californie,2023,11,13.05736111111111,6.0,24.0,5.067916666666667,-5.3,16.4,60.451388888888886,20.0,95.0,0.06333333333333334,0.0,12.0,0.0,0.0,0.0,18.145694444444445,1.8,48.2,1009.5533333333334,986.9,1023.8,12.025,0.0,60.0
H2075,Ibis budget Nice Californie,2023,12,10.404435483870968,5.3,16.5,4.4770161290322585,-4.2,15.4,68.13306451612904,32.0,98.0,0.0913978494623656,0.0,5.0,0.0,0.0,0.0,16.24704301075269,0.0,44.6,1016.8325268817204,992.0,1038.7,9.473118279569892,0.0,60.0
H2075,Ibis budget Nice Californie,2024,1,10.068145161290323,3.3,19.6,4.19018817204301,-7.7,11.7,68.08602150537635,24.0,96.0,0.09126344086021504,0.0,8.0,0.0,0.0,0.0,15.121639784946236,0.0,44.6,1018.031317204301,996.1,1035.9,8.545698924731182,0.0,60.0
H2075,Ibis budget Nice Californie,2024,2,11.66551724137931,5.5,20.0,6.930316091954023,-0.4,13.3,73.58045977011494,37.0,97.0,0.3125,0.0,21.0,0.0,0.0,0.0,13.15933908045977,0.0,50.0,1015.2843390804599,988.1,1032.1,9.426724137931034,0.0,60.0
H2075,Ibis budget Nice Californie,2024,3,12.772849462365592,7.0,20.7,8.038709677419355,-12.0,14.0,74.22311827956989,10.0,100.0,0.3353494623655914,0.0,10.0,0.0,0.0,0.0,16.005913978494625,0.0,53.6,1010.6951612903225,991.1,1023.8,11.362903225806452,0.0,60.0
H2075,Ibis budget Nice Californie,2024,4,14.939861111111112,4.8,22.6,8.916805555555555,-4.1,16.8,68.625,25.0,96.0,0.10069444444444445,0.0,11.0,0.0,0.0,0.0,15.058194444444444,0.0,51.8,1014.9029166666668,999.7,1029.0,16.181944444444444,0.0,60.0
H2075,Ibis budget Nice Californie,2024,5,17.99650537634409,10.3,26.3,13.143951612903226,5.6,18.1,74.14381720430107,34.0,95.0,0.12916666666666668,0.0,10.0,0.0,0.0,0.0,12.61438172043011,0.0,44.6,1012.891129032258,1001.0,1019.8,17.365591397849464,0.0,60.0
H2075,Ibis budget Nice Californie,2024,6,21.57847222222222,15.5,28.4,16.616944444444446,8.0,20.9,74.0125,45.0,92.0,0.021111111111111112,0.0,2.0,0.0,0.0,0.0,13.681944444444444,0.0,51.8,1013.5540277777776,1004.0,1020.9,18.49861111111111,0.0,60.0
H2075,Ibis budget Nice Californie,2024,7,25.834408602150532,19.4,31.8,19.756451612903223,8.3,25.3,69.94086021505376,32.0,91.0,0.0008064516129032258,0.0,0.6,0.0,0.0,0.0,10.59233870967742,0.0,33.5,1013.0766129032259,1005.2,1019.0,25.22983870967742,0.0,60.0
H2075,Ibis budget Nice Californie,2024,8,27.52567204301075,21.9,34.6,19.851747311827957,12.7,26.4,63.825268817204304,31.0,86.0,0.01767180925666199,0.0,4.0,0.0,0.0,0.0,11.524059139784946,0.0,40.7,1012.9623655913979,1004.3,1018.7,24.543010752688172,0.0,60.0
H2075,Ibis budget Nice Californie,2024,9,21.274166666666666,13.6,32.0,13.828611111111112,-0.9,22.9,63.99444444444445,25.0,94.0,0.202991452991453,0.0,26.0,0.0,0.0,0.0,15.952499999999999,0.0,48.2,1012.5449999999998,999.5,1023.5,15.306944444444444,0.0,60.0
H2075,Ibis budget Nice Californie,2024,10,18.71021505376344,13.4,24.9,14.678225806451616,6.0,19.8,78.13844086021506,41.0,95.0,0.2505376344086021,0.0,16.0,0.0,0.0,0.0,14.925806451612905,0.0,48.2,1016.6408602150539,997.3,1027.9,8.959677419354838,0.0,60.0
H2075,Ibis budget Nice Californie,2024,11,13.987222222222224,6.2,21.0,7.457222222222222,-11.7,17.2,66.75,13.0,94.0,0.022777777777777775,0.0,1.5,0.0,0.0,0.0,16.430694444444445,0.0,61.0,1020.467638888889,993.6,1033.1,11.734722222222222,0.0,60.0
H2075,Ibis budget Nice Californie,2024,12,10.001478494623656,4.5,16.7,1.3907258064516126,-11.2,11.2,57.13709677419355,19.0,89.0,0.008287292817679558,0.0,1.0,0.0,0.0,0.0,17.848790322580644,0.0,55.4,1020.740322580645,997.5,1037.0,11.458333333333334,0.0,60.0
H2075,Ibis budget Nice Californie,2025,1,10.603897849462365,3.0,18.9,4.944220430107527,-7.8,13.8,69.80645161290323,28.0,100.0,0.2013440860215054,0.0,24.9,0.0,0.0,0.0,17.839381720430108,0.0,53.6,1017.613306451613,998.0,1032.4,8.455645161290322,0.0,60.0
H2075,Ibis budget Nice Californie,2025,2,11.307886904761904,5.0,17.0,6.179315476190476,-5.1,13.0,71.73065476190476,29.0,94.0,0.02886904761904762,0.0,2.7,0.0,0.0,0.0,14.192857142857143,0.0,50.0,1021.4674107142857,1007.0,1031.4,9.224702380952381,0.0,60.0
H2075,Ibis budget Nice Californie,2025,3,12.489516129032259,4.0,20.0,6.625268817204302,-2.1,12.1,68.76209677419355,33.0,100.0,0.22169491525423726,0.0,5.8,0.0,0.0,0.0,17.169220430107526,0.0,66.6,1013.2638440860215,995.6,1029.8,12.188172043010752,0.0,60.0
H2075,Ibis budget Nice Californie,2025,4,15.681666666666665,10.0,22.0,10.410555555555554,1.8,16.0,72.13055555555556,32.0,100.0,0.2286111111111111,0.0,12.3,0.0,0.0,0.0,12.69,0.0,53.6,1014.4427777777778,994.0,1024.4,13.725,0.0,60.0
H2075,Ibis budget Nice Californie,2025,5,18.54811827956989,11.0,26.0,13.311962365591398,7.0,19.9,72.41397849462365,39.0,100.0,0.07405913978494624,0.0,14.6,0.0,0.0,0.0,11.887768817204302,0.0,51.8,1013.8604838709676,1000.0,1021.3,19.018817204301076,0.0,60.0
H2075,Ibis budget Nice Californie,2025,6,24.86986111111111,18.0,33.0,19.11722222222222,11.0,25.1,71.38888888888889,37.0,94.0,0.010416666666666666,0.0,2.0,0.0,0.0,0.0,10.792916666666667,0.0,35.3,1017.0658333333333,1012.0,1021.0,27.043055555555554,0.0,60.0
H2075,Ibis budget Nice Californie,2025,7,25.711424731182795,20.0,34.0,17.41733870967742,2.7,25.9,61.706989247311824,22.0,94.0,0.006451612903225807,0.0,1.6,0.0,0.0,0.0,14.154569892473118,0.0,55.4,1011.9756720430106,999.0,1019.0,27.596774193548388,0.0,60.0
H2075,Ibis budget Nice Californie,2025,8,26.0375,19.0,35.0,18.116801075268818,8.8,25.1,62.950268817204304,27.0,89.0,0.013844086021505374,0.0,3.5,0.0,0.0,0.0,13.170698924731182,0.0,55.0,1013.224059139785,1003.0,1020.1,24.947580645161292,0.0,60.0
H2075,Ibis budget Nice Californie,2025,9,21.807638888888892,13.9,27.5,14.84152777777778,4.9,22.1,65.25416666666666,35.0,94.0,0.04791666666666667,0.0,7.1,0.0,0.0,0.0,14.284444444444443,0.0,43.0,1016.0561111111111,1005.0,1026.0,22.502777777777776,0.0,60.0
H2075,Ibis budget Nice Californie,2025,10,18.240456989247313,11.0,24.2,10.928763440860216,-5.2,18.1,64.33333333333333,19.0,100.0,0.06370967741935483,0.0,5.6,0.0,0.0,0.0,15.12231182795699,0.0,46.0,1015.5081989247311,996.0,1027.4,16.432795698924732,0.0,60.0
H2075,Ibis budget Nice Californie,2025,11,12.89236111111111,5.0,21.0,5.716527777777777,-6.2,17.0,63.42777777777778,23.0,94.0,0.11472222222222221,0.0,9.5,0.0,0.0,0.0,16.575,0.0,39.0,1013.6705555555557,998.0,1026.0,13.669444444444444,0.0,60.0
H2075,Ibis budget Nice Californie,2025,12,11.559677419354841,4.9,17.2,5.596639784946236,-5.0,12.0,67.90860215053763,29.0,94.0,0.2263440860215054,0.0,10.2,0.0,0.0,0.0,18.747311827956988,0.0,50.0,1017.2063172043011,1003.0,1028.7,9.961021505376344,0.0,60.0
H2075,Ibis budget Nice Californie,2026,1,9.45483870967742,2.0,16.0,2.3168010752688173,-11.7,10.1,63.10618279569893,17.0,100.0,0.1260752688172043,0.0,5.2,0.0,0.0,0.0,18.81048387096774,0.0,52.0,1007.9903225806452,989.0,1023.4,9.317204301075268,0.0,60.0
H2075,Ibis budget Nice Californie,2026,2,11.853422619047619,6.6,18.4,6.1569940476190474,-5.7,11.9,70.00892857142857,25.0,95.0,0.17366071428571428,0.0,7.8,0.0,0.0,0.0,14.51994047619048,0.0,56.0,1007.6592261904761,985.9,1028.2,11.587797619047619,0.0,60.0
H2075,Ibis budget Nice Californie,2026,3,13.10672043010753,6.9,22.0,5.21760752688172,-14.3,13.0,61.80779569892473,10.0,94.0,0.11801075268817204,0.0,11.1,0.0,0.0,0.0,17.015860215053763,0.0,57.0,1016.1825268817205,994.0,1026.1,14.98252688172043,0.0,60.0
H2075,Ibis budget Nice Californie,2026,4,16.375416666666666,5.8,23.0,10.31611111111111,-8.5,17.0,69.04583333333333,22.0,94.0,0.001388888888888889,0.0,0.3,0.0,0.0,0.0,8.03138888888889,0.0,40.0,1016.0130555555556,1001.0,1026.3,23.079166666666666,0.0,60.0
H2075,Ibis budget Nice Californie,2026,5,19.466532258064515,11.0,29.0,12.308467741935484,0.2,21.1,64.88306451612904,29.0,94.0,0.03803763440860215,0.0,4.2,0.0,0.0,0.0,10.105913978494623,0.0,50.0,1015.8389784946236,996.0,1028.8,25.512096774193548,0.0,60.0
H2075,Ibis budget Nice Californie,2026,6,24.676805555555553,17.0,33.0,17.374166666666667,5.3,25.2,65.3861111111111,21.0,91.0,0.009722222222222222,0.0,6.6,0.08368200836820083,0.0,10.0,7.923611111111111,0.0,45.0,1016.3598611111111,1005.0,1023.5,29.886111111111113,0.0,60.0
H2075,Ibis budget Nice Californie,2026,7,27.595808383233532,21.0,31.0,20.12814371257485,10.8,25.1,64.93013972055888,33.0,85.0,0.0,0.0,0.0,0.0,0.0,0.0,8.592814371257486,0.0,44.0,1014.4147704590819,1007.4,1020.5,29.7125748502994,0.0,60.0
H2075,Ibis budget Nice Californie,2026,8,26.0375,19.0,35.0,18.116801075268818,8.8,25.1,62.950268817204304,27.0,89.0,0.013844086021505374,0.0,3.5,0.0,0.0,0.0,13.170698924731182,0.0,55.0,1013.224059139785,1003.0,1020.1,24.947580645161292,0.0,60.0
H2075,Ibis budget Nice Californie,2026,9,21.807638888888892,13.9,27.5,14.84152777777778,4.9,22.1,65.25416666666666,35.0,94.0,0.04791666666666667,0.0,7.1,0.0,0.0,0.0,14.284444444444443,0.0,43.0,1016.0561111111111,1005.0,1026.0,22.502777777777776,0.0,60.0
H2075,Ibis budget Nice Californie,2026,10,18.240456989247313,11.0,24.2,10.928763440860216,-5.2,18.1,64.33333333333333,19.0,100.0,0.06370967741935483,0.0,5.6,0.0,0.0,0.0,15.12231182795699,0.0,46.0,1015.5081989247311,996.0,1027.4,16.432795698924732,0.0,60.0
H2075,Ibis budget Nice Californie,2026,11,12.89236111111111,5.0,21.0,5.716527777777777,-6.2,17.0,63.42777777777778,23.0,94.0,0.11472222222222221,0.0,9.5,0.0,0.0,0.0,16.575,0.0,39.0,1013.6705555555557,998.0,1026.0,13.669444444444444,0.0,60.0
H2075,Ibis budget Nice Californie,2026,12,11.559677419354841,4.9,17.2,5.596639784946236,-5.0,12.0,67.90860215053763,29.0,94.0,0.2263440860215054,0.0,10.2,0.0,0.0,0.0,18.747311827956988,0.0,50.0,1017.2063172043011,1003.0,1028.7,9.961021505376344,0.0,60.0
H3546,Novotel Paris Centre Tour Eiffel,2023,1,6.456048387096773,-2.7,15.0,3.5486559139784943,-4.4,12.1,82.06586021505376,53.0,97.0,0.08540540540540541,0.0,4.0,0.05508474576271186,0.0,3.0,14.212096774193547,1.8,31.7,1018.5962365591397,978.2,1036.9,3.5336021505376345,0.0,51.0
H3546,Novotel Paris Centre Tour Eiffel,2023,2,7.1433035714285715,-4.3,16.4,2.3523809523809525,-9.5,11.2,72.79613095238095,29.0,96.0,0.004790419161676647,0.0,0.6,0.0,0.0,0.0,10.724702380952381,0.0,31.7,1029.15,1008.3,1042.6,9.78422619047619,0.0,60.0
H3546,Novotel Paris Centre Tour Eiffel,2023,3,9.63239247311828,-0.7,21.0,4.238575268817204,-6.5,11.6,70.27150537634408,33.0,96.0,0.0927027027027027,0.0,5.0,0.0,0.0,0.0,14.561827956989248,0.0,35.3,1011.9834677419354,989.9,1028.7,7.725806451612903,0.0,59.0
H3546,Novotel Paris Centre Tour Eiffel,2023,4,11.007083333333334,2.9,22.5,5.036527777777778,-5.4,14.7,68.57777777777778,26.0,96.0,0.09663865546218488,0.0,7.0,0.0,0.0,0.0,11.913194444444445,0.0,25.9,1016.5401388888888,1001.0,1027.6,12.165277777777778,0.0,60.0
H3546,Novotel Paris Centre Tour Eiffel,2023,5,15.768548387096773,7.3,27.2,9.140456989247312,3.6,16.0,66.84408602150538,31.0,96.0,0.07755376344086022,0.0,8.0,0.0,0.0,0.0,12.9991935483871,1.8,24.1,1020.1611559139785,1011.6,1028.1,18.93951612903226,0.0,60.0
H3546,Novotel Paris Centre Tour Eiffel,2023,6,22.139861111111113,10.9,33.6,12.516666666666667,4.9,20.2,57.422222222222224,25.0,97.0,0.048122392211404734,0.0,5.7,0.0,0.0,0.0,10.776388888888889,1.8,24.1,1016.2244444444444,1007.0,1026.0,24.431944444444444,0.0,60.0
H3546,Novotel Paris Centre Tour Eiffel,2023,7,20.954166666666662,12.3,33.5,12.399193548387096,6.4,21.9,60.674731182795696,26.0,96.0,0.15040322580645163,0.0,24.0,0.0,0.0,0.0,11.055510752688173,0.0,28.4,1014.3138440860215,1005.0,1023.3,16.384408602150536,0.0,60.0
H3546,Novotel Paris Centre Tour Eiffel,2023,8,20.434408602150537,12.9,31.6,14.39233870967742,7.5,23.2,69.8252688172043,38.0,97.0,0.08064516129032258,0.0,7.0,0.0,0.0,0.0,9.69717741935484,0.0,31.7,1015.132123655914,994.9,1024.8,12.775537634408602,0.0,57.0
H3546,Novotel Paris Centre Tour Eiffel,2023,9,20.809722222222224,8.6,35.3,14.369444444444444,7.7,19.3,69.15416666666667,26.0,96.0,0.05138888888888889,0.0,5.0,0.0,0.0,0.0,8.597083333333332,0.0,27.7,1015.8698611111112,997.6,1027.8,14.008462623413259,0.0,60.0
H3546,Novotel Paris Centre Tour Eiffel,2023,10,15.050672043010751,5.7,28.2,10.597983870967742,0.0,17.6,76.64247311827957,33.0,98.0,0.11765498652291102,0.0,9.0,0.0,0.0,0.0,10.21760752688172,0.0,33.5,1010.5669354838709,978.1,1031.2,8.725806451612904,0.0,57.0
H3546,Novotel Paris Centre Tour Eiffel,2023,11,9.430555555555555,1.7,17.1,6.645277777777778,-1.2,15.2,83.275,54.0,98.0,0.12671328671328672,0.0,5.0,0.0,0.0,0.0,13.30402777777778,1.8,33.5,1009.1077777777778,971.2,1031.7,3.7944444444444443,0.0,54.0
H3546,Novotel Paris Centre Tour Eiffel,2023,12,8.028494623655913,-1.9,12.9,5.325,-5.4,11.9,83.57795698924731,48.0,98.0,0.08286099865047232,0.0,4.1,0.0,0.0,0.0,12.99220430107527,1.8,33.5,1016.7572580645161,996.2,1044.2,2.702956989247312,0.0,54.0
H3546,Novotel Paris Centre Tour Eiffel,2024,1,5.0055107526881715,-3.6,14.4,1.6491935483870968,-7.9,12.0,79.5725806451613,41.0,97.0,0.08481182795698926,0.0,2.0,0.07860262008733625,0.0,2.0,12.601075268817205,1.8,37.1,1020.3170698924731,984.5,1037.6,5.376344086021505,0.0,60.0
H3546,Novotel Paris Centre Tour Eiffel,2024,2,9.438362068965517,3.0,18.5,6.685057471264367,0.9,11.8,83.53591954022988,48.0,99.0,0.11867816091954024,0.0,5.0,0.0,0.0,0.0,13.026580459770114,0.0,37.1,1014.1521551724137,983.0,1036.7,2.382183908045977,0.0,45.0
H3546,Novotel Paris Centre Tour Eiffel,2024,3,10.058736559139787,2.7,21.0,5.971639784946236,-0.2,13.1,77.13306451612904,42.0,97.0,0.12163978494623656,0.0,3.0,0.0,0.0,0.0,11.503360215053764,0.0,40.7,1008.1201612903226,982.0,1027.2,6.759408602150538,0.0,52.0
H3546,Novotel Paris Centre Tour Eiffel,2024,4,12.238888888888889,3.6,26.3,6.503194444444444,-5.1,14.0,69.70555555555555,32.0,97.0,0.08361111111111112,0.0,2.5,0.0,0.0,0.0,12.712638888888886,1.8,33.8,1016.1551388888888,994.7,1034.0,8.448611111111111,0.0,54.0
H3546,Novotel Paris Centre Tour Eiffel,2024,5,15.653897849462366,6.8,27.0,10.680510752688171,5.5,16.8,74.12768817204301,35.0,99.0,0.13830645161290323,0.0,8.0,0.0,0.0,0.0,9.555645161290323,0.0,22.3,1013.3689516129032,1001.4,1028.7,8.501344086021506,0.0,58.0
H3546,Novotel Paris Centre Tour Eiffel,2024,6,18.170972222222222,10.0,30.8,11.377777777777776,4.1,19.7,66.39583333333333,36.0,96.0,0.061366806136680614,0.0,6.0,0.0,0.0,0.0,10.800972222222223,1.8,25.2,1015.1454166666666,1004.0,1024.7,13.261111111111111,0.0,60.0
H3546,Novotel Paris Centre Tour Eiffel,2024,7,20.811827956989248,11.4,35.8,13.489650537634411,4.8,22.2,65.00537634408602,31.0,97.0,0.10135135135135136,0.0,6.0,0.0,0.0,0.0,8.917876344086022,0.0,28.8,1015.3512096774194,1004.0,1026.0,12.071236559139784,0.0,58.0
H3546,Novotel Paris Centre Tour Eiffel,2024,8,21.53991935483871,11.9,35.3,14.515860215053765,6.8,22.5,66.41397849462365,29.0,96.0,0.09634831460674156,0.0,10.0,0.0,0.0,0.0,9.261021505376345,0.0,20.5,1015.866935483871,1004.9,1024.4,16.02016129032258,0.0,60.0
H3546,Novotel Paris Centre Tour Eiffel,2024,9,16.325,6.5,28.7,12.122222222222222,4.2,21.3,77.49166666666666,39.0,97.0,0.15595408895265425,0.0,7.2,0.0,0.0,0.0,10.814444444444446,0.0,25.9,1015.0702777777777,992.2,1032.4,9.290277777777778,0.0,60.0
H3546,Novotel Paris Centre Tour Eiffel,2024,10,13.964516129032258,7.4,25.8,11.406586021505376,3.3,17.8,85.33467741935483,47.0,98.0,0.17792732166890982,0.0,13.0,0.0,0.0,0.0,9.005913978494624,0.0,22.3,1015.7119623655914,982.0,1034.9,6.002688172043011,0.0,57.0
H3546,Novotel Paris Centre Tour Eiffel,2024,11,8.581805555555555,-0.7,17.2,5.9705555555555545,-3.1,12.7,84.30833333333334,56.0,98.0,0.0682892906815021,0.0,4.0,0.1276595744680851,0.0,7.0,10.983611111111111,0.0,28.8,1021.7987499999999,989.9,1033.5,3.7416666666666667,0.0,54.0
H3546,Novotel Paris Centre Tour Eiffel,2024,12,6.491397849462366,-1.0,13.5,4.292338709677419,-1.3,11.7,86.26075268817205,59.0,100.0,0.09061624649859942,0.0,8.0,0.0,0.0,0.0,11.376747311827959,1.8,31.7,1024.4004032258063,1000.3,1038.3,3.2903225806451615,0.0,50.0
H3546,Novotel Paris Centre Tour Eiffel,2025,1,4.338978494623656,-4.2,12.8,2.165860215053763,-5.2,10.2,86.26881720430107,59.0,100.0,0.1454177897574124,0.0,4.4,0.0,0.0,0.0,12.795967741935485,1.1,36.0,1016.5650537634409,984.9,1043.0,3.6155913978494625,0.0,60.0
H3546,Novotel Paris Centre Tour Eiffel,2025,2,4.786011904761905,-2.6,15.2,2.2973214285714283,-4.5,10.8,84.55654761904762,58.0,100.0,0.07172619047619049,0.0,5.8,0.0,0.0,0.0,10.59672619047619,1.4,29.2,1022.7398809523809,1009.4,1041.7,7.114583333333333,0.0,60.0
H3546,Novotel Paris Centre Tour Eiffel,2025,3,8.272446236559139,-0.8,19.4,3.867741935483871,-4.9,11.6,75.375,39.0,100.0,0.029830508474576273,0.0,1.6,0.0,0.0,0.0,11.291532258064516,1.1,31.7,1016.2239247311829,997.3,1034.0,11.385752688172044,0.0,60.0
H3546,Novotel Paris Centre Tour Eiffel,2025,4,13.056527777777779,3.9,28.3,6.291527777777778,-2.8,12.0,66.37361111111112,22.0,99.0,0.03722222222222222,0.0,3.0,0.0,0.0,0.0,10.883472222222222,1.8,26.3,1016.0919444444444,996.4,1029.8,15.797222222222222,0.0,60.0
H3546,Novotel Paris Centre Tour Eiffel,2025,5,16.08051075268817,7.3,30.3,7.8374999999999995,-1.1,18.3,61.2244623655914,23.0,97.0,0.045161290322580636,0.0,4.2,0.0,0.0,0.0,11.871370967741935,1.1,24.5,1017.2741935483871,1007.1,1025.0,14.341397849462366,0.0,60.0
H3546,Novotel Paris Centre Tour Eiffel,2025,6,21.652916666666666,9.9,35.5,12.336250000000003,4.4,19.5,59.209722222222226,16.0,95.0,0.06222222222222223,0.0,8.1,0.0,0.0,0.0,10.969166666666666,1.8,29.5,1018.3161111111112,1007.7,1029.0,20.022222222222222,0.0,60.0
H3546,Novotel Paris Centre Tour Eiffel,2025,7,20.70013440860215,11.2,38.1,12.939650537634408,2.4,19.4,65.19623655913979,19.0,99.0,0.18225806451612905,0.0,12.3,0.0,0.0,0.0,11.110349462365592,1.4,24.5,1016.1400537634408,1002.0,1029.2,18.301075268817204,0.0,60.0
H3546,Novotel Paris Centre Tour Eiffel,2025,8,21.144086021505373,12.3,36.1,12.172983870967743,4.7,19.8,60.079301075268816,22.0,97.0,0.04973118279569892,0.0,4.8,0.0,0.0,0.0,10.214516129032258,1.1,23.8,1016.6184139784948,998.5,1027.9,21.108870967741936,0.0,60.0
H3546,Novotel Paris Centre Tour Eiffel,2025,9,15.730416666666667,7.7,28.8,11.139305555555554,4.7,18.9,75.8375,36.0,100.0,0.07625,0.0,3.0,0.0,0.0,0.0,12.468888888888888,2.2,32.8,1017.3190277777777,1004.9,1027.2,11.644444444444444,0.0,60.0
H3546,Novotel Paris Centre Tour Eiffel,2025,10,12.450940860215054,6.3,18.2,9.042876344086022,2.1,16.4,80.64112903225806,46.0,100.0,0.04731182795698924,0.0,3.4,0.0,0.0,0.0,13.541397849462365,1.1,32.4,1016.6674731182795,984.9,1033.6,9.763440860215054,0.0,59.0
H3546,Novotel Paris Centre Tour Eiffel,2025,11,8.55486111111111,-2.1,17.3,6.29875,-3.8,13.5,86.25694444444444,60.0,100.0,0.09458333333333332,0.0,3.1,0.0,0.0,0.0,12.853888888888887,1.8,24.1,1013.44375,994.2,1030.2,4.618055555555555,0.0,47.0
H3546,Novotel Paris Centre Tour Eiffel,2025,12,6.360618279569893,-3.9,15.8,4.318951612903226,-6.2,12.8,87.28494623655914,49.0,100.0,0.04583333333333334,0.0,2.6,0.0,0.0,0.0,12.455241935483873,1.4,29.2,1017.4399193548388,1001.9,1031.3,5.178763440860215,0.0,60.0
H3546,Novotel Paris Centre Tour Eiffel,2026,1,4.9198924731182805,-5.3,12.6,2.8205645161290325,-6.5,8.9,86.68682795698925,59.0,100.0,0.06370967741935482,0.0,3.2,0.16022099447513813,0.0,7.0,13.743010752688171,1.1,39.2,1006.6094086021506,988.9,1024.6,3.985215053763441,0.0,51.0
H3546,Novotel Paris Centre Tour Eiffel,2026,2,8.488095238095237,-1.3,18.4,6.001488095238095,-4.3,12.4,85.08630952380952,51.0,100.0,0.15416666666666667,0.0,2.4,0.0,0.0,0.0,14.764583333333333,1.4,30.6,1005.6986607142857,979.1,1026.1,5.622023809523809,0.0,60.0
H3546,Novotel Paris Centre Tour Eiffel,2026,3,9.261290322580646,0.5,18.3,4.848790322580646,-3.6,12.0,75.47983870967742,36.0,100.0,0.05591397849462365,0.0,3.7,0.0,0.0,0.0,11.25268817204301,1.4,34.2,1019.9153225806451,1003.8,1032.6,15.435483870967742,0.0,60.0
H3546,Novotel Paris Centre Tour Eiffel,2026,4,13.29361111111111,3.6,25.1,4.753472222222222,-5.3,12.9,60.830555555555556,14.0,99.0,0.011527777777777776,0.0,2.3,0.0,0.0,0.0,11.123472222222222,0.4,25.2,1020.3887500000001,1007.4,1028.9,20.256944444444443,0.0,60.0
H3546,Novotel Paris Centre Tour Eiffel,2026,5,16.671102150537635,4.8,32.7,10.703629032258064,-0.4,19.8,71.37231182795699,23.0,99.0,0.14045698924731184,0.0,4.7,0.0,0.0,0.0,9.56733870967742,1.4,27.4,1016.9116935483871,999.6,1030.3,17.143817204301076,0.0,60.0
H3546,Novotel Paris Centre Tour Eiffel,2026,6,22.685138888888886,9.6,39.6,12.67527777777778,4.7,20.9,57.44583333333333,17.0,94.0,0.04930555555555557,0.0,3.9,0.0,0.0,0.0,11.141666666666667,1.8,27.7,1017.8320833333333,1004.1,1026.7,23.01388888888889,0.0,60.0
H3546,Novotel Paris Centre Tour Eiffel,2026,7,24.941317365269462,13.3,35.7,11.174850299401198,1.3,18.8,45.852295409181636,17.0,91.0,0.005988023952095809,0.0,2.0,0.0,0.0,0.0,11.350898203592815,1.8,20.9,1019.6081836327346,1012.2,1029.4,29.622754491017965,0.0,60.0
H3546,Novotel Paris Centre Tour Eiffel,2026,8,21.144086021505373,12.3,36.1,12.172983870967743,4.7,19.8,60.079301075268816,22.0,97.0,0.04973118279569892,0.0,4.8,0.0,0.0,0.0,10.214516129032258,1.1,23.8,1016.6184139784948,998.5,1027.9,21.108870967741936,0.0,60.0
H3546,Novotel Paris Centre Tour Eiffel,2026,9,15.730416666666667,7.7,28.8,11.139305555555554,4.7,18.9,75.8375,36.0,100.0,0.07625,0.0,3.0,0.0,0.0,0.0,12.468888888888888,2.2,32.8,1017.3190277777777,1004.9,1027.2,11.644444444444444,0.0,60.0
H3546,Novotel Paris Centre Tour Eiffel,2026,10,12.450940860215054,6.3,18.2,9.042876344086022,2.1,16.4,80.64112903225806,46.0,100.0,0.04731182795698924,0.0,3.4,0.0,0.0,0.0,13.541397849462365,1.1,32.4,1016.6674731182795,984.9,1033.6,9.763440860215054,0.0,59.0
H3546,Novotel Paris Centre Tour Eiffel,2026,11,8.55486111111111,-2.1,17.3,6.29875,-3.8,13.5,86.25694444444444,60.0,100.0,0.09458333333333332,0.0,3.1,0.0,0.0,0.0,12.853888888888887,1.8,24.1,1013.44375,994.2,1030.2,4.618055555555555,0.0,47.0
H3546,Novotel Paris Centre Tour Eiffel,2026,12,6.360618279569893,-3.9,15.8,4.318951612903226,-6.2,12.8,87.28494623655914,49.0,100.0,0.04583333333333334,0.0,2.6,0.0,0.0,0.0,12.455241935483873,1.4,29.2,1017.4399193548388,1001.9,1031.3,5.178763440860215,0.0,60.0
H6188,Mercure Paris Boulogne,2023,1,6.456048387096773,-2.7,15.0,3.5486559139784943,-4.4,12.1,82.06586021505376,53.0,97.0,0.08532608695652173,0.0,4.0,0.05508474576271186,0.0,3.0,14.212096774193547,1.8,31.7,1018.5962365591397,978.2,1036.9,3.5336021505376345,0.0,51.0
H6188,Mercure Paris Boulogne,2023,2,7.1433035714285715,-4.3,16.4,2.3523809523809525,-9.5,11.2,72.79613095238095,29.0,96.0,0.004769001490312966,0.0,0.6,0.0,0.0,0.0,10.724702380952381,0.0,31.7,1029.15,1008.3,1042.6,9.78422619047619,0.0,60.0
H6188,Mercure Paris Boulogne,2023,3,9.63239247311828,-0.7,21.0,4.238575268817204,-6.5,11.6,70.27150537634408,33.0,96.0,0.09172320217096336,0.0,5.0,0.0,0.0,0.0,14.561827956989248,0.0,35.3,1011.9834677419354,989.9,1028.7,7.725806451612903,0.0,59.0
H6188,Mercure Paris Boulogne,2023,4,11.007083333333334,2.9,22.5,5.036527777777778,-5.4,14.7,68.57777777777778,26.0,96.0,0.09664804469273744,0.0,7.0,0.0,0.0,0.0,11.913194444444445,0.0,25.9,1016.5401388888888,1001.0,1027.6,12.165277777777778,0.0,60.0
H6188,Mercure Paris Boulogne,2023,5,15.768548387096773,7.3,27.2,9.140456989247312,3.6,16.0,66.84408602150538,31.0,96.0,0.0765814266487214,0.0,8.0,0.0,0.0,0.0,12.9991935483871,1.8,24.1,1020.1611559139785,1011.6,1028.1,18.93951612903226,0.0,60.0
H6188,Mercure Paris Boulogne,2023,6,22.139861111111113,10.9,33.6,12.516666666666667,4.9,20.2,57.422222222222224,25.0,97.0,0.048122392211404734,0.0,5.7,0.0,0.0,0.0,10.776388888888889,1.8,24.1,1016.2244444444444,1007.0,1026.0,24.431944444444444,0.0,60.0
H6188,Mercure Paris Boulogne,2023,7,20.954166666666662,12.3,33.5,12.399193548387096,6.4,21.9,60.674731182795696,26.0,96.0,0.15120967741935484,0.0,24.0,0.0,0.0,0.0,11.055510752688173,0.0,28.4,1014.3138440860215,1005.0,1023.3,16.384408602150536,0.0,60.0
H6188,Mercure Paris Boulogne,2023,8,20.434408602150537,12.9,31.6,14.39233870967742,7.5,23.2,69.8252688172043,38.0,97.0,0.08064516129032258,0.0,7.0,0.0,0.0,0.0,9.69717741935484,0.0,31.7,1015.132123655914,994.9,1024.8,12.775537634408602,0.0,57.0
H6188,Mercure Paris Boulogne,2023,9,20.809722222222224,8.6,35.3,14.369444444444444,7.7,19.3,69.15416666666667,26.0,96.0,0.0506258692628651,0.0,5.0,0.0,0.0,0.0,8.597083333333332,0.0,27.7,1015.8698611111112,997.6,1027.8,14.008462623413259,0.0,60.0
H6188,Mercure Paris Boulogne,2023,10,15.050672043010751,5.7,28.2,10.597983870967742,0.0,17.6,76.64247311827957,33.0,98.0,0.11760752688172044,0.0,9.0,0.0,0.0,0.0,10.21760752688172,0.0,33.5,1010.5669354838709,978.1,1031.2,8.725806451612904,0.0,57.0
H6188,Mercure Paris Boulogne,2023,11,9.430555555555555,1.7,17.1,6.645277777777778,-1.2,15.2,83.275,54.0,98.0,0.12611111111111112,0.0,5.0,0.0,0.0,0.0,13.30402777777778,1.8,33.5,1009.1077777777778,971.2,1031.7,3.7944444444444443,0.0,54.0
H6188,Mercure Paris Boulogne,2023,12,8.028494623655913,-1.9,12.9,5.325,-5.4,11.9,83.57795698924731,48.0,98.0,0.08333333333333333,0.0,4.1,0.0,0.0,0.0,12.99220430107527,1.8,33.5,1016.7572580645161,996.2,1044.2,2.702956989247312,0.0,54.0
H6188,Mercure Paris Boulogne,2024,1,5.0055107526881715,-3.6,14.4,1.6491935483870968,-7.9,12.0,79.5725806451613,41.0,97.0,0.08454301075268818,0.0,2.0,0.07860262008733625,0.0,2.0,12.601075268817205,1.8,37.1,1020.3170698924731,984.5,1037.6,5.376344086021505,0.0,60.0
H6188,Mercure Paris Boulogne,2024,2,9.438362068965517,3.0,18.5,6.685057471264367,0.9,11.8,83.53591954022988,48.0,99.0,0.11867816091954024,0.0,5.0,0.0,0.0,0.0,13.026580459770114,0.0,37.1,1014.1521551724137,983.0,1036.7,2.382183908045977,0.0,45.0
H6188,Mercure Paris Boulogne,2024,3,10.058736559139787,2.7,21.0,5.971639784946236,-0.2,13.1,77.13306451612904,42.0,97.0,0.12163978494623656,0.0,3.0,0.0,0.0,0.0,11.503360215053764,0.0,40.7,1008.1201612903226,982.0,1027.2,6.759408602150538,0.0,52.0
H6188,Mercure Paris Boulogne,2024,4,12.238888888888889,3.6,26.3,6.503194444444444,-5.1,14.0,69.70555555555555,32.0,97.0,0.08361111111111112,0.0,2.5,0.0,0.0,0.0,12.712638888888886,1.8,33.8,1016.1551388888888,994.7,1034.0,8.448611111111111,0.0,54.0
H6188,Mercure Paris Boulogne,2024,5,15.653897849462366,6.8,27.0,10.680510752688171,5.5,16.8,74.12768817204301,35.0,99.0,0.13830645161290323,0.0,8.0,0.0,0.0,0.0,9.555645161290323,0.0,22.3,1013.3689516129032,1001.4,1028.7,8.501344086021506,0.0,58.0
H6188,Mercure Paris Boulogne,2024,6,18.170972222222222,10.0,30.8,11.377777777777776,4.1,19.7,66.39583333333333,36.0,96.0,0.060251046025104595,0.0,6.0,0.0,0.0,0.0,10.800972222222223,1.8,25.2,1015.1454166666666,1004.0,1024.7,13.261111111111111,0.0,60.0
H6188,Mercure Paris Boulogne,2024,7,20.811827956989248,11.4,35.8,13.489650537634411,4.8,22.2,65.00537634408602,31.0,97.0,0.10148048452220727,0.0,6.0,0.0,0.0,0.0,8.917876344086022,0.0,28.8,1015.3512096774194,1004.0,1026.0,12.071236559139784,0.0,58.0
H6188,Mercure Paris Boulogne,2024,8,21.53991935483871,11.9,35.3,14.515860215053765,6.8,22.5,66.41397849462365,29.0,96.0,0.09634831460674156,0.0,10.0,0.0,0.0,0.0,9.261021505376345,0.0,20.5,1015.866935483871,1004.9,1024.4,16.02016129032258,0.0,60.0
H6188,Mercure Paris Boulogne,2024,9,16.325,6.5,28.7,12.122222222222222,4.2,21.3,77.49166666666666,39.0,97.0,0.15642857142857142,0.0,7.2,0.0,0.0,0.0,10.814444444444446,0.0,25.9,1015.0702777777777,992.2,1032.4,9.290277777777778,0.0,60.0
H6188,Mercure Paris Boulogne,2024,10,13.964516129032258,7.4,25.8,11.406586021505376,3.3,17.8,85.33467741935483,47.0,98.0,0.17846567967698518,0.0,13.0,0.0,0.0,0.0,9.005913978494624,0.0,22.3,1015.7119623655914,982.0,1034.9,6.002688172043011,0.0,57.0
H6188,Mercure Paris Boulogne,2024,11,8.581805555555555,-0.7,17.2,5.9705555555555545,-3.1,12.7,84.30833333333334,56.0,98.0,0.06838440111420611,0.0,4.0,0.1276595744680851,0.0,7.0,10.983611111111111,0.0,28.8,1021.7987499999999,989.9,1033.5,3.7416666666666667,0.0,54.0
H6188,Mercure Paris Boulogne,2024,12,6.491397849462366,-1.0,13.5,4.292338709677419,-1.3,11.7,86.26075268817205,59.0,100.0,0.09138418079096043,0.0,8.0,0.0,0.0,0.0,11.376747311827959,1.8,31.7,1024.4004032258063,1000.3,1038.3,3.2903225806451615,0.0,50.0
H6188,Mercure Paris Boulogne,2025,1,4.338978494623656,-4.2,12.8,2.165860215053763,-5.2,10.2,86.26881720430107,59.0,100.0,0.14549125168236876,0.0,4.4,0.0,0.0,0.0,12.795967741935485,1.1,36.0,1016.5650537634409,984.9,1043.0,3.6155913978494625,0.0,60.0
H6188,Mercure Paris Boulogne,2025,2,4.786011904761905,-2.6,15.2,2.2973214285714283,-4.5,10.8,84.55654761904762,58.0,100.0,0.07172619047619049,0.0,5.8,0.0,0.0,0.0,10.59672619047619,1.4,29.2,1022.7398809523809,1009.4,1041.7,7.114583333333333,0.0,60.0
H6188,Mercure Paris Boulogne,2025,3,8.272446236559139,-0.8,19.4,3.867741935483871,-4.9,11.6,75.375,39.0,100.0,0.029830508474576273,0.0,1.6,0.0,0.0,0.0,11.291532258064516,1.1,31.7,1016.2239247311829,997.3,1034.0,11.385752688172044,0.0,60.0
H6188,Mercure Paris Boulogne,2025,4,13.056527777777779,3.9,28.3,6.291527777777778,-2.8,12.0,66.37361111111112,22.0,99.0,0.03722222222222222,0.0,3.0,0.0,0.0,0.0,10.883472222222222,1.8,26.3,1016.0919444444444,996.4,1029.8,15.797222222222222,0.0,60.0
H6188,Mercure Paris Boulogne,2025,5,16.08051075268817,7.3,30.3,7.8374999999999995,-1.1,18.3,61.2244623655914,23.0,97.0,0.045161290322580636,0.0,4.2,0.0,0.0,0.0,11.871370967741935,1.1,24.5,1017.2741935483871,1007.1,1025.0,14.341397849462366,0.0,60.0
H6188,Mercure Paris Boulogne,2025,6,21.652916666666666,9.9,35.5,12.336250000000003,4.4,19.5,59.209722222222226,16.0,95.0,0.06222222222222223,0.0,8.1,0.0,0.0,0.0,10.969166666666666,1.8,29.5,1018.3161111111112,1007.7,1029.0,20.022222222222222,0.0,60.0
H6188,Mercure Paris Boulogne,2025,7,20.70013440860215,11.2,38.1,12.939650537634408,2.4,19.4,65.19623655913979,19.0,99.0,0.18225806451612905,0.0,12.3,0.0,0.0,0.0,11.110349462365592,1.4,24.5,1016.1400537634408,1002.0,1029.2,18.301075268817204,0.0,60.0
H6188,Mercure Paris Boulogne,2025,8,21.144086021505373,12.3,36.1,12.172983870967743,4.7,19.8,60.079301075268816,22.0,97.0,0.04973118279569892,0.0,4.8,0.0,0.0,0.0,10.214516129032258,1.1,23.8,1016.6184139784948,998.5,1027.9,21.108870967741936,0.0,60.0
H6188,Mercure Paris Boulogne,2025,9,15.730416666666667,7.7,28.8,11.139305555555554,4.7,18.9,75.8375,36.0,100.0,0.07625,0.0,3.0,0.0,0.0,0.0,12.468888888888888,2.2,32.8,1017.3190277777777,1004.9,1027.2,11.644444444444444,0.0,60.0
H6188,Mercure Paris Boulogne,2025,10,12.450940860215054,6.3,18.2,9.042876344086022,2.1,16.4,80.64112903225806,46.0,100.0,0.04731182795698924,0.0,3.4,0.0,0.0,0.0,13.541397849462365,1.1,32.4,1016.6674731182795,984.9,1033.6,9.763440860215054,0.0,59.0
H6188,Mercure Paris Boulogne,2025,11,8.55486111111111,-2.1,17.3,6.29875,-3.8,13.5,86.25694444444444,60.0,100.0,0.09458333333333332,0.0,3.1,0.0,0.0,0.0,12.853888888888887,1.8,24.1,1013.44375,994.2,1030.2,4.618055555555555,0.0,47.0
H6188,Mercure Paris Boulogne,2025,12,6.360618279569893,-3.9,15.8,4.318951612903226,-6.2,12.8,87.28494623655914,49.0,100.0,0.04583333333333334,0.0,2.6,0.0,0.0,0.0,12.455241935483873,1.4,29.2,1017.4399193548388,1001.9,1031.3,5.178763440860215,0.0,60.0
H6188,Mercure Paris Boulogne,2026,1,4.9198924731182805,-5.3,12.6,2.8205645161290325,-6.5,8.9,86.68682795698925,59.0,100.0,0.06370967741935482,0.0,3.2,0.16022099447513813,0.0,7.0,13.743010752688171,1.1,39.2,1006.6094086021506,988.9,1024.6,3.985215053763441,0.0,51.0
H6188,Mercure Paris Boulogne,2026,2,8.488095238095237,-1.3,18.4,6.001488095238095,-4.3,12.4,85.08630952380952,51.0,100.0,0.15416666666666667,0.0,2.4,0.0,0.0,0.0,14.764583333333333,1.4,30.6,1005.6986607142857,979.1,1026.1,5.622023809523809,0.0,60.0
H6188,Mercure Paris Boulogne,2026,3,9.261290322580646,0.5,18.3,4.848790322580646,-3.6,12.0,75.47983870967742,36.0,100.0,0.05591397849462365,0.0,3.7,0.0,0.0,0.0,11.25268817204301,1.4,34.2,1019.9153225806451,1003.8,1032.6,15.435483870967742,0.0,60.0
H6188,Mercure Paris Boulogne,2026,4,13.29361111111111,3.6,25.1,4.753472222222222,-5.3,12.9,60.830555555555556,14.0,99.0,0.011527777777777776,0.0,2.3,0.0,0.0,0.0,11.123472222222222,0.4,25.2,1020.3887500000001,1007.4,1028.9,20.256944444444443,0.0,60.0
H6188,Mercure Paris Boulogne,2026,5,16.671102150537635,4.8,32.7,10.703629032258064,-0.4,19.8,71.37231182795699,23.0,99.0,0.14045698924731184,0.0,4.7,0.0,0.0,0.0,9.56733870967742,1.4,27.4,1016.9116935483871,999.6,1030.3,17.143817204301076,0.0,60.0
H6188,Mercure Paris Boulogne,2026,6,22.685138888888886,9.6,39.6,12.67527777777778,4.7,20.9,57.44583333333333,17.0,94.0,0.04930555555555557,0.0,3.9,0.0,0.0,0.0,11.141666666666667,1.8,27.7,1017.8320833333333,1004.1,1026.7,23.01388888888889,0.0,60.0
H6188,Mercure Paris Boulogne,2026,7,24.941317365269462,13.3,35.7,11.174850299401198,1.3,18.8,45.852295409181636,17.0,91.0,0.005988023952095809,0.0,2.0,0.0,0.0,0.0,11.350898203592815,1.8,20.9,1019.6081836327346,1012.2,1029.4,29.622754491017965,0.0,60.0
H6188,Mercure Paris Boulogne,2026,8,21.144086021505373,12.3,36.1,12.172983870967743,4.7,19.8,60.079301075268816,22.0,97.0,0.04973118279569892,0.0,4.8,0.0,0.0,0.0,10.214516129032258,1.1,23.8,1016.6184139784948,998.5,1027.9,21.108870967741936,0.0,60.0
H6188,Mercure Paris Boulogne,2026,9,15.730416666666667,7.7,28.8,11.139305555555554,4.7,18.9,75.8375,36.0,100.0,0.07625,0.0,3.0,0.0,0.0,0.0,12.468888888888888,2.2,32.8,1017.3190277777777,1004.9,1027.2,11.644444444444444,0.0,60.0
H6188,Mercure Paris Boulogne,2026,10,12.450940860215054,6.3,18.2,9.042876344086022,2.1,16.4,80.64112903225806,46.0,100.0,0.04731182795698924,0.0,3.4,0.0,0.0,0.0,13.541397849462365,1.1,32.4,1016.6674731182795,984.9,1033.6,9.763440860215054,0.0,59.0
H6188,Mercure Paris Boulogne,2026,11,8.55486111111111,-2.1,17.3,6.29875,-3.8,13.5,86.25694444444444,60.0,100.0,0.09458333333333332,0.0,3.1,0.0,0.0,0.0,12.853888888888887,1.8,24.1,1013.44375,994.2,1030.2,4.618055555555555,0.0,47.0
H6188,Mercure Paris Boulogne,2026,12,6.360618279569893,-3.9,15.8,4.318951612903226,-6.2,12.8,87.28494623655914,49.0,100.0,0.04583333333333334,0.0,2.6,0.0,0.0,0.0,12.455241935483873,1.4,29.2,1017.4399193548388,1001.9,1031.3,5.178763440860215,0.0,60.0
HB5I0,Novotel Megève Mont-Blanc,2023,1,-1.1438172043010753,-16.4,9.5,-6.0005376344086025,-23.8,6.6,72.29166666666667,24.0,99.0,0.20994623655913977,0.0,4.5,,,,4.830779569892473,0.0,9.7,1019.3663978494624,987.8,1032.4,8.35483870967742,0.0,59.0
HB5I0,Novotel Megève Mont-Blanc,2023,2,2.1589285714285715,-9.4,13.6,-5.353571428571429,-20.1,4.6,62.50297619047619,14.0,99.0,0.01755952380952381,0.0,0.9,,,,5.487946428571428,0.0,25.2,1026.051488095238,999.6,1038.5,16.0,0.0,60.0
HB5I0,Novotel Megève Mont-Blanc,2023,3,3.1071236559139783,-7.6,13.4,-1.2111559139784944,-15.4,7.5,76.26612903225806,26.0,100.0,0.4098118279569892,0.0,7.1,,,,6.113709677419355,0.0,18.0,1015.4767473118279,1002.7,1031.4,11.393817204301076,0.0,60.0
HB5I0,Novotel Megève Mont-Blanc,2023,4,3.7533333333333334,-7.2,13.4,0.5877777777777778,-14.4,11.0,81.5875,27.0,100.0,0.195,0.0,5.0,,,,5.329305555555556,0.0,10.4,1016.8027777777778,1007.5,1025.7,12.0875,0.0,60.0
HB5I0,Novotel Megève Mont-Blanc,2023,5,9.110887096774194,2.8,16.8,6.6040322580645165,-4.9,11.4,85.44489247311827,36.0,100.0,0.11478494623655915,0.0,3.8,,,,4.718951612903226,0.0,32.4,1017.8537634408601,1011.6,1023.8,14.288978494623656,0.0,60.0
HB5I0,Novotel Megève Mont-Blanc,2023,6,15.228472222222223,7.4,23.7,11.814027777777778,4.2,17.6,81.4486111111111,42.0,100.0,0.12263888888888888,0.0,2.5,,,,5.241944444444445,0.0,25.2,1018.6368055555556,1010.4,1027.1,18.288888888888888,0.0,60.0
HB5I0,Novotel Megève Mont-Blanc,2023,7,16.020833333333332,4.5,28.2,11.777150537634409,-3.5,18.3,78.1774193548387,32.0,100.0,0.11155913978494623,0.0,4.2,,,,6.689381720430107,0.0,14.8,1020.0518817204303,1010.4,1028.1,20.18951612903226,0.0,60.0
HB5I0,Novotel Megève Mont-Blanc,2023,8,16.13225806451613,4.3,29.6,11.420295698924733,-1.6,17.5,76.60752688172043,29.0,100.0,0.1631720430107527,0.0,6.5,,,,5.989650537634409,0.0,15.8,1019.9270161290322,1008.3,1028.6,17.29032258064516,0.0,60.0
HB5I0,Novotel Megève Mont-Blanc,2023,9,15.657499999999999,2.8,25.7,11.025972222222222,-6.4,17.8,76.74583333333334,22.0,100.0,0.058750000000000004,0.0,3.6,,,,5.081666666666667,0.0,11.2,1021.2423611111111,1005.8,1028.9,14.191977077363896,0.0,60.0
HB5I0,Novotel Megève Mont-Blanc,2023,10,10.941397849462366,-1.3,23.4,6.0,-5.3,13.9,75.34274193548387,28.0,100.0,0.2032258064516129,0.0,5.6,,,,6.389247311827957,0.0,36.0,1016.3595430107526,984.6,1030.8,6.505376344086022,0.0,60.0
HB5I0,Novotel Megève Mont-Blanc,2023,11,2.2426388888888886,-9.8,9.8,-0.5443055555555556,-19.7,9.8,83.92361111111111,28.0,100.0,0.6001388888888889,0.0,6.4,,,,7.715694444444443,0.0,13.3,1013.7205555555556,990.0,1029.7,4.315277777777778,0.0,60.0
HB5I0,Novotel Megève Mont-Blanc,2023,12,2.619220430107527,-8.9,10.2,-3.0642473118279567,-21.2,7.4,71.80376344086021,13.0,100.0,0.44973118279569896,0.0,5.5,,,,7.470161290322581,0.0,18.0,1019.4102150537634,994.5,1037.1,6.85752688172043,0.0,60.0
HB5I0,Novotel Megève Mont-Blanc,2024,1,1.9278225806451612,-9.5,12.3,-4.59516129032258,-29.7,7.8,69.50537634408602,7.0,100.0,0.22943548387096774,0.0,4.3,,,,7.098924731182796,2.2,11.9,1020.0370967741935,993.2,1038.7,7.31989247311828,0.0,60.0
HB5I0,Novotel Megève Mont-Blanc,2024,2,3.5620689655172413,-7.4,14.1,-0.7471264367816091,-18.7,6.9,75.64511494252874,18.0,100.0,0.17284482758620692,0.0,7.2,,,,6.5166666666666675,1.8,11.9,1016.8798850574711,987.0,1035.2,9.011494252873563,0.0,60.0
HB5I0,Novotel Megève Mont-Blanc,2024,3,3.3802419354838706,-7.1,12.5,0.13064516129032253,-16.8,7.4,81.08064516129032,19.0,100.0,0.23360215053763442,0.0,3.8,,,,7.1271505376344075,1.8,15.1,1012.1053763440859,988.6,1028.0,5.716397849462366,0.0,51.0
HB5I0,Novotel Megève Mont-Blanc,2024,4,5.098888888888889,-10.0,19.2,0.7547222222222223,-15.9,10.0,76.8375,22.0,100.0,0.16416666666666668,0.0,3.2,,,,7.129444444444445,2.2,13.0,1019.2501388888888,995.1,1033.1,7.379166666666666,0.0,51.0
HB5I0,Novotel Megève Mont-Blanc,2024,5,8.433467741935484,-1.5,16.3,6.147446236559141,-5.3,11.7,86.46236559139786,49.0,100.0,0.15067204301075268,0.0,2.4,,,,5.159139784946236,2.2,9.0,1015.3465053763441,1002.3,1023.9,5.908602150537634,0.0,49.0
HB5I0,Novotel Megève Mont-Blanc,2024,6,13.346111111111112,4.7,24.2,10.768472222222222,3.7,17.7,85.5375,48.0,100.0,0.13944444444444445,0.0,3.8,,,,6.175833333333334,0.0,15.5,1017.4108333333334,1008.5,1023.8,9.595833333333333,0.0,60.0
HB5I0,Novotel Megève Mont-Blanc,2024,7,17.431048387096777,6.1,27.7,13.153091397849463,4.9,18.0,78.56048387096774,35.0,100.0,0.10806451612903224,0.0,5.3,,,,5.70497311827957,1.8,11.9,1019.3864247311828,1012.5,1026.5,14.751344086021506,0.0,60.0
HB5I0,Novotel Megève Mont-Blanc,2024,8,18.623924731182797,10.9,28.3,13.331586021505377,5.6,19.9,74.13709677419355,33.0,100.0,0.06147919876733437,0.0,3.8,,,,5.21008064516129,0.0,10.4,1019.4065860215054,1013.8,1026.5,16.719086021505376,0.0,60.0
HB5I0,Novotel Megève Mont-Blanc,2024,9,11.316666666666666,1.0,27.0,8.268055555555557,-4.5,16.7,83.49583333333334,38.0,100.0,0.24378881987577639,0.0,4.9,,,,6.455,0.0,11.9,1017.5788888888887,1004.9,1028.4,7.8069444444444445,0.0,60.0
HB5I0,Novotel Megève Mont-Blanc,2024,10,10.654301075268815,2.2,20.6,8.071774193548386,-8.2,15.2,85.47983870967742,29.0,100.0,0.16532258064516128,0.0,5.9,,,,6.093145161290323,0.0,14.4,1018.766935483871,998.1,1031.3,5.581989247311828,0.0,60.0
HB5I0,Novotel Megève Mont-Blanc,2024,11,5.118611111111111,-11.0,18.3,-2.3315277777777776,-22.9,9.1,63.30833333333333,12.0,99.0,0.1759722222222222,0.0,6.3,,,,5.579027777777778,0.0,19.8,1021.8901388888887,989.6,1030.5,8.502777777777778,0.0,60.0
HB5I0,Novotel Megève Mont-Blanc,2024,12,0.9946236559139785,-7.9,10.6,-5.9275537634408595,-23.2,5.9,65.125,12.0,99.0,0.31671686746987954,0.0,6.3,,,,5.318279569892473,0.0,20.2,1023.6282258064515,1005.6,1035.1,7.853494623655914,0.0,57.0
HB5I0,Novotel Megève Mont-Blanc,2025,1,0.6228494623655914,-7.3,9.8,-5.025940860215054,-23.9,7.3,70.67204301075269,16.0,99.0,0.34233870967741936,0.0,7.9,,,,6.36008064516129,0.0,18.0,1018.5112903225806,999.7,1033.7,7.057795698924731,0.0,60.0
HB5I0,Novotel Megève Mont-Blanc,2025,2,1.7278273809523808,-7.7,10.3,-5.251785714285714,-21.7,5.5,65.22767857142857,17.0,98.0,0.0668154761904762,0.0,2.0,,,,4.670535714285714,0.0,25.2,1022.2568452380954,1011.6,1031.9,10.001488095238095,0.0,59.0
HB5I0,Novotel Megève Mont-Blanc,2025,3,3.3051075268817205,-5.6,12.6,-1.89005376344086,-13.8,5.4,71.43145161290323,25.0,100.0,0.05938037865748709,0.0,2.0,,,,5.837634408602152,0.0,36.0,1015.1619623655914,995.1,1029.0,10.583333333333334,0.0,60.0
HB5I0,Novotel Megève Mont-Blanc,2025,4,7.325277777777777,-0.4,14.7,2.3825000000000003,-10.2,7.3,73.05694444444444,32.0,99.0,0.1802777777777778,0.0,7.0,,,,4.899305555555555,0.0,28.8,1015.83125,1002.4,1026.2,10.180555555555555,0.0,57.0
HB5I0,Novotel Megève Mont-Blanc,2025,5,9.192607526881721,2.1,18.9,5.495833333333334,-2.1,10.6,79.65188172043011,37.0,100.0,0.153494623655914,0.0,4.2,,,,4.514784946236559,0.7,9.7,1017.1864247311827,1003.0,1027.2,9.146505376344086,0.0,57.0
HB5I0,Novotel Megève Mont-Blanc,2025,6,15.409027777777778,3.5,26.0,10.697083333333333,-2.9,18.6,75.9625,33.0,100.0,0.06347222222222222,0.0,3.0,,,,5.092777777777778,0.0,18.0,1023.0131944444445,1014.6,1029.6,17.495833333333334,0.0,60.0
HB5I0,Novotel Megève Mont-Blanc,2025,7,14.236424731182797,2.9,23.4,10.924327956989249,1.0,16.4,82.26612903225806,44.0,100.0,0.12284946236559141,0.0,4.8,,,,5.9870967741935495,0.0,13.3,1019.2240591397849,1009.8,1027.5,18.0752688172043,0.0,60.0
HB5I0,Novotel Megève Mont-Blanc,2025,8,16.12298387096774,6.1,26.3,10.919354838709678,-3.1,16.5,74.31989247311827,32.0,100.0,0.0907258064516129,0.0,4.0,,,,5.5572580645161285,0.0,11.9,1019.9353494623655,1007.3,1028.7,19.463709677419356,0.0,60.0
HB5I0,Novotel Megève Mont-Blanc,2025,9,12.089722222222223,2.0,24.8,7.9184722222222215,-7.5,15.2,78.69583333333334,28.0,100.0,0.18902777777777777,0.0,5.3,,,,5.087916666666667,1.1,12.2,1020.0665277777778,1010.3,1029.9,14.025,0.0,60.0
HB5I0,Novotel Megève Mont-Blanc,2025,10,8.104569892473119,-0.5,19.4,4.179704301075269,-11.6,13.4,78.78763440860214,30.0,100.0,0.31868279569892477,0.0,7.6,,,,5.806048387096774,1.1,16.9,1018.4283602150537,999.1,1029.5,12.165322580645162,0.0,60.0
HB5I0,Novotel Megève Mont-Blanc,2025,11,2.563333333333333,-12.2,13.9,-3.5025000000000004,-22.6,7.7,68.3236111111111,22.0,99.0,0.24611111111111114,0.0,4.3,,,,5.075972222222222,0.7,10.4,1015.8602777777778,999.2,1026.7,8.7625,0.0,60.0
HB5I0,Novotel Megève Mont-Blanc,2025,12,2.6680107526881724,-4.8,11.1,-3.713306451612903,-20.5,6.7,67.46774193548387,14.0,98.0,0.05161290322580645,0.0,2.9,,,,5.097983870967742,0.7,12.6,1017.9454301075269,1004.8,1026.7,9.077956989247312,0.0,60.0
HB5I0,Novotel Megève Mont-Blanc,2026,1,-1.768010752688172,-15.0,8.1,-6.830241935483871,-27.9,2.1,71.14784946236558,20.0,97.0,0.1838709677419355,0.0,4.1,,,,6.1375,0.7,14.4,1010.4186827956989,991.5,1026.2,7.901881720430108,0.0,60.0
HB5I0,Novotel Megève Mont-Blanc,2026,2,1.950297619047619,-6.1,12.7,-2.1943452380952384,-15.3,5.4,76.83035714285714,27.0,100.0,0.3385416666666667,0.0,4.4,,,,5.683482142857143,0.4,17.6,1010.2860119047618,988.3,1032.9,7.7351190476190474,0.0,60.0
HB5I0,Novotel Megève Mont-Blanc,2026,3,1.9080645161290324,-7.3,9.9,-2.835752688172043,-18.3,3.7,72.81182795698925,29.0,98.0,0.13373655913978494,0.0,2.5,,,,5.678225806451613,0.7,15.1,1020.2583333333333,1001.8,1029.9,14.794354838709678,0.0,60.0
HB5I0,Novotel Megève Mont-Blanc,2026,4,8.072222222222223,-6.1,15.5,1.751527777777778,-12.9,8.5,66.52916666666667,30.0,99.0,0.01902777777777778,0.0,1.4,,,,3.8613888888888894,0.7,8.6,1018.9901388888887,1006.9,1027.3,21.37638888888889,0.0,60.0
HB5I0,Novotel Megève Mont-Blanc,2026,5,9.798924731182796,-4.6,20.4,5.258198924731183,-6.2,12.6,75.27688172043011,40.0,100.0,0.1282258064516129,0.0,3.9,,,,4.385752688172043,0.7,12.6,1019.727688172043,1001.5,1034.3,17.762096774193548,0.0,60.0
HB5I0,Novotel Megève Mont-Blanc,2026,6,16.099305555555556,4.7,25.8,10.49875,-1.1,18.1,71.77222222222223,39.0,100.0,0.08833333333333333,0.0,3.4,,,,4.474027777777778,1.1,9.7,1022.9884722222223,1011.0,1032.0,22.2875,0.0,60.0
HB5I0,Novotel Megève Mont-Blanc,2026,7,18.20319361277445,9.8,26.4,11.064271457085828,4.0,17.7,66.12175648702595,26.0,100.0,0.0906187624750499,0.0,3.5,,,,5.791616766467065,1.8,13.0,1022.6816367265469,1016.4,1029.6,23.840319361277444,0.0,60.0
HB5I0,Novotel Megève Mont-Blanc,2026,8,16.12298387096774,6.1,26.3,10.919354838709678,-3.1,16.5,74.31989247311827,32.0,100.0,0.0907258064516129,0.0,4.0,,,,5.5572580645161285,0.0,11.9,1019.9353494623655,1007.3,1028.7,19.463709677419356,0.0,60.0
HB5I0,Novotel Megève Mont-Blanc,2026,9,12.089722222222223,2.0,24.8,7.9184722222222215,-7.5,15.2,78.69583333333334,28.0,100.0,0.18902777777777777,0.0,5.3,,,,5.087916666666667,1.1,12.2,1020.0665277777778,1010.3,1029.9,14.025,0.0,60.0
HB5I0,Novotel Megève Mont-Blanc,2026,10,8.104569892473119,-0.5,19.4,4.179704301075269,-11.6,13.4,78.78763440860214,30.0,100.0,0.31868279569892477,0.0,7.6,,,,5.806048387096774,1.1,16.9,1018.4283602150537,999.1,1029.5,12.165322580645162,0.0,60.0
HB5I0,Novotel Megève Mont-Blanc,2026,11,2.563333333333333,-12.2,13.9,-3.5025000000000004,-22.6,7.7,68.3236111111111,22.0,99.0,0.24611111111111114,0.0,4.3,,,,5.075972222222222,0.7,10.4,1015.8602777777778,999.2,1026.7,8.7625,0.0,60.0
HB5I0,Novotel Megève Mont-Blanc,2026,12,2.6680107526881724,-4.8,11.1,-3.713306451612903,-20.5,6.7,67.46774193548387,14.0,98.0,0.05161290322580645,0.0,2.9,,,,5.097983870967742,0.7,12.6,1017.9454301075269,1004.8,1026.7,9.077956989247312,0.0,60.0
HB6A3,Ibis budget Strasbourg Centre République,2023,1,5.114247311827957,-4.1,16.9,1.8580645161290323,-5.5,9.8,80.14247311827957,44.0,98.0,0.06330645161290321,0.0,5.7,0.0,0.0,0.0,15.285349462365591,2.5,36.7,1019.0875,984.8,1035.1,2.5416666666666665,0.0,51.0
HB6A3,Ibis budget Strasbourg Centre République,2023,2,4.5598214285714285,-4.5,14.4,0.8078869047619046,-9.3,9.2,77.84077380952381,33.0,99.0,0.022023809523809525,0.0,2.1,0.0,0.0,0.0,12.525892857142857,1.4,31.0,1028.5066964285713,1005.3,1041.1,9.05952380952381,0.0,60.0
HB6A3,Ibis budget Strasbourg Centre République,2023,3,8.152956989247311,-3.0,21.1,3.490725806451613,-5.2,11.3,73.65053763440861,38.0,99.0,0.09865591397849463,0.0,6.8,0.0,0.0,0.0,14.64771505376344,2.9,33.5,1013.1147849462366,993.2,1030.2,8.831989247311828,0.0,58.0
HB6A3,Ibis budget Strasbourg Centre République,2023,4,9.645555555555555,-1.6,19.8,4.98625,-5.3,14.8,74.52222222222223,38.0,100.0,0.07180555555555555,0.0,3.2,0.0,0.0,0.0,12.70513888888889,2.9,25.9,1016.3256944444445,1002.1,1026.8,12.126388888888888,0.0,60.0
HB6A3,Ibis budget Strasbourg Centre République,2023,5,15.431586021505376,6.2,26.0,9.83225806451613,3.4,18.2,71.61155913978494,30.0,99.0,0.07110215053763441,0.0,8.2,0.0,0.0,0.0,12.84516129032258,2.5,24.5,1018.008870967742,1010.0,1026.0,19.642473118279568,0.0,60.0
HB6A3,Ibis budget Strasbourg Centre République,2023,6,22.08236111111111,12.8,32.5,10.900694444444444,-0.8,20.1,52.68472222222222,15.0,94.0,0.07041666666666667,0.0,14.4,0.0,0.0,0.0,11.613055555555558,2.2,23.4,1015.4479166666666,1008.4,1025.4,28.315277777777776,0.0,60.0
HB6A3,Ibis budget Strasbourg Centre République,2023,7,21.164112903225806,12.4,34.7,13.875403225806451,6.7,20.6,65.83467741935483,27.0,99.0,0.14139784946236558,0.0,17.1,0.0,0.0,0.0,12.149596774193547,2.2,27.7,1014.6006720430106,1005.0,1023.2,16.13037634408602,0.0,60.0
HB6A3,Ibis budget Strasbourg Centre République,2023,8,20.38938172043011,11.5,31.4,16.10994623655914,8.5,23.6,77.7997311827957,47.0,100.0,0.14798387096774193,0.0,17.1,0.0,0.0,0.0,10.2872311827957,2.2,33.5,1014.8662634408602,997.2,1022.5,13.547043010752688,0.0,60.0
HB6A3,Ibis budget Strasbourg Centre République,2023,9,18.96527777777778,7.5,30.0,14.398888888888889,7.1,22.0,76.48472222222222,38.0,99.0,0.04013888888888889,0.0,4.2,0.0,0.0,0.0,9.092916666666666,1.1,22.7,1017.4305555555555,998.3,1028.0,18.72361111111111,0.0,60.0
HB6A3,Ibis budget Strasbourg Centre République,2023,10,13.952822580645162,2.9,26.5,9.629569892473118,0.9,17.7,76.88306451612904,36.0,99.0,0.12876344086021507,0.0,4.3,0.0,0.0,0.0,11.892069892473119,2.2,34.2,1012.8086021505376,978.9,1031.0,9.415322580645162,0.0,60.0
HB6A3,Ibis budget Strasbourg Centre République,2023,11,7.91986111111111,-1.9,16.5,4.642916666666666,-3.3,13.1,80.40833333333333,50.0,96.0,0.18930555555555556,0.0,4.5,0.0,0.0,0.0,17.153472222222224,3.6,33.1,1010.2022222222223,978.6,1031.5,2.298611111111111,0.0,48.0
HB6A3,Ibis budget Strasbourg Centre République,2023,12,5.790456989247312,-4.4,13.1,3.121236559139785,-6.4,10.8,83.70295698924731,39.0,100.0,0.10174731182795699,0.0,5.6,0.044534412955465584,0.0,1.0,15.608064516129032,2.9,31.7,1017.7153225806451,999.7,1044.2,2.047043010752688,0.0,56.0
HB6A3,Ibis budget Strasbourg Centre République,2024,1,3.02997311827957,-6.4,13.1,-0.5717741935483872,-12.9,10.2,78.44489247311827,29.0,98.0,0.0864247311827957,0.0,4.2,0.0,0.0,0.0,14.29018817204301,2.9,36.0,1020.9665322580646,988.0,1038.5,3.564516129032258,0.0,51.0
HB6A3,Ibis budget Strasbourg Centre République,2024,2,8.267528735632183,0.0,16.2,4.739080459770115,-1.9,11.3,79.34770114942529,44.0,100.0,0.10186781609195403,0.0,3.4,0.0,0.0,0.0,14.50933908045977,2.9,34.6,1015.5099137931035,984.4,1035.7,4.597701149425287,0.0,46.0
HB6A3,Ibis budget Strasbourg Centre République,2024,3,9.156989247311827,-0.2,19.1,5.493548387096774,-1.2,11.8,79.24462365591398,41.0,99.0,0.10846774193548385,0.0,3.1,0.0,0.0,0.0,11.410349462365591,2.2,30.6,1009.7126344086021,986.0,1026.1,6.307795698924731,0.0,53.0
HB6A3,Ibis budget Strasbourg Centre République,2024,4,11.102083333333333,0.5,26.1,6.089305555555556,-2.2,17.1,73.08194444444445,32.0,96.0,0.10430555555555555,0.0,4.7,0.0,0.0,0.0,12.80638888888889,2.2,33.1,1016.2423611111111,993.6,1034.8,7.954166666666667,0.0,59.0
HB6A3,Ibis budget Strasbourg Centre République,2024,5,15.431048387096775,5.6,25.6,11.108736559139787,4.7,15.1,77.09274193548387,42.0,98.0,0.32123655913978494,0.0,19.3,0.0,0.0,0.0,10.806720430107529,2.2,29.2,1013.2153225806451,998.6,1026.3,9.044354838709678,0.0,60.0
HB6A3,Ibis budget Strasbourg Centre République,2024,6,18.50166666666667,8.4,30.6,13.795416666666668,4.7,23.2,75.3861111111111,42.0,99.0,0.1461111111111111,0.0,7.6,0.0,0.0,0.0,11.061111111111112,1.8,28.1,1014.3123611111109,1001.7,1020.2,12.719444444444445,0.0,57.0
HB6A3,Ibis budget Strasbourg Centre République,2024,7,20.62997311827957,12.0,32.6,15.765322580645163,10.3,22.6,75.22177419354838,44.0,98.0,0.12486559139784945,0.0,8.5,0.0,0.0,0.0,8.960349462365592,2.5,23.4,1015.3407258064516,1005.6,1025.5,15.256720430107526,0.0,60.0
HB6A3,Ibis budget Strasbourg Centre République,2024,8,21.893279569892474,12.0,33.6,16.441666666666666,8.7,24.7,72.98521505376344,40.0,98.0,0.0907258064516129,0.0,11.5,0.0,0.0,0.0,8.53010752688172,0.0,20.5,1015.5551075268817,1007.7,1024.1,17.411290322580644,0.0,60.0
HB6A3,Ibis budget Strasbourg Centre République,2024,9,16.441805555555554,5.6,30.8,12.311250000000001,4.6,20.3,77.85,45.0,99.0,0.2113888888888889,0.0,17.3,0.0,0.0,0.0,12.011666666666668,0.0,31.0,1015.2843055555555,997.2,1029.6,9.581944444444444,0.0,60.0
HB6A3,Ibis budget Strasbourg Centre République,2024,10,12.938844086021506,3.9,21.0,10.56706989247312,3.6,17.0,86.21774193548387,49.0,100.0,0.11115591397849463,0.0,5.7,0.0,0.0,0.0,10.13736559139785,2.2,40.3,1017.1911290322581,986.7,1034.4,4.751344086021505,0.0,60.0
HB6A3,Ibis budget Strasbourg Centre République,2024,11,6.454722222222221,-2.5,18.2,3.9126388888888886,-5.5,11.5,85.1,39.0,100.0,0.08236111111111111,0.0,8.6,0.0425531914893617,0.0,2.0,11.134305555555555,1.1,32.4,1022.7616666666665,992.4,1033.1,2.9430555555555555,0.0,41.0
HB6A3,Ibis budget Strasbourg Centre République,2024,12,3.3334677419354843,-4.6,13.7,0.7986559139784947,-6.0,9.3,84.2513440860215,38.0,100.0,0.06935483870967742,0.0,4.5,0.005681818181818182,0.0,1.0,12.007123655913977,1.1,32.8,1024.650672043011,1000.8,1038.8,2.189516129032258,0.0,35.0
HB6A3,Ibis budget Strasbourg Centre République,2025,1,3.2924731182795703,-6.6,14.4,-0.24838709677419332,-7.7,8.4,79.42204301075269,31.0,100.0,0.10161290322580645,0.0,3.1,0.028925619834710745,0.0,4.0,12.551747311827956,0.7,33.8,1018.4241935483872,994.1,1041.6,3.420698924731183,0.0,47.0
HB6A3,Ibis budget Strasbourg Centre République,2025,2,3.3625,-5.1,16.2,0.6626488095238096,-6.3,9.5,83.51636904761905,49.0,100.0,0.08720238095238095,0.0,2.5,0.026785714285714284,0.0,2.0,9.374255952380953,1.4,25.2,1024.368898809524,1010.7,1040.8,4.668154761904762,0.0,44.0
HB6A3,Ibis budget Strasbourg Centre République,2025,3,6.74260752688172,-3.2,20.0,2.471505376344086,-6.9,13.9,76.4475806451613,26.0,99.0,0.019623655913978494,0.0,3.3,0.0,0.0,0.0,9.443682795698924,0.0,35.3,1016.4263440860215,995.9,1033.8,10.415322580645162,0.0,58.0
HB6A3,Ibis budget Strasbourg Centre République,2025,4,11.439722222222223,-0.8,23.4,6.331666666666665,-3.8,13.8,72.88055555555556,35.0,100.0,0.07722222222222223,0.0,5.3,0.0,0.0,0.0,11.028194444444445,1.1,28.4,1016.681111111111,1000.0,1027.6,13.265277777777778,0.0,60.0
HB6A3,Ibis budget Strasbourg Centre République,2025,5,15.140725806451615,4.9,29.7,8.149193548387096,-1.1,18.3,65.56451612903226,30.0,97.0,0.05793010752688171,0.0,11.4,0.0,0.0,0.0,10.993951612903226,2.5,25.9,1016.4122311827956,1007.4,1025.8,13.76747311827957,0.0,60.0
HB6A3,Ibis budget Strasbourg Centre République,2025,6,21.080694444444443,8.8,32.9,15.036944444444446,7.1,22.2,70.71944444444445,31.0,98.0,0.10875,0.0,6.1,0.0,0.0,0.0,10.939305555555555,1.8,27.0,1018.3711111111111,1009.7,1027.2,20.273611111111112,0.0,60.0
HB6A3,Ibis budget Strasbourg Centre République,2025,7,20.145833333333332,11.5,35.1,14.310483870967742,7.7,20.7,71.45833333333333,33.0,98.0,0.19637096774193552,0.0,10.9,0.0,0.0,0.0,9.1002688172043,1.8,22.3,1015.3103494623655,1004.1,1026.3,16.033602150537636,0.0,60.0
HB6A3,Ibis budget Strasbourg Centre République,2025,8,19.82809139784946,10.3,31.8,14.673655913978495,7.2,23.6,73.95698924731182,39.0,99.0,0.09395161290322582,0.0,8.8,0.0,0.0,0.0,8.824059139784946,1.1,23.4,1016.1822580645161,1002.9,1026.4,19.86962365591398,0.0,60.0
HB6A3,Ibis budget Strasbourg Centre République,2025,9,15.659444444444443,7.5,28.1,12.464861111111112,7.0,19.1,82.41111111111111,51.0,100.0,0.17055555555555554,0.0,8.9,0.0,0.0,0.0,10.733333333333333,1.1,25.6,1017.9154166666666,1007.0,1025.9,9.738888888888889,0.0,60.0
HB6A3,Ibis budget Strasbourg Centre République,2025,10,11.109677419354837,3.5,18.4,8.065322580645162,1.3,14.5,82.41801075268818,48.0,100.0,0.1043010752688172,0.0,11.5,0.0,0.0,0.0,13.12244623655914,0.7,34.9,1017.45,988.7,1034.0,9.120967741935484,0.0,60.0
HB6A3,Ibis budget Strasbourg Centre République,2025,11,6.025,-6.8,19.5,3.543055555555556,-12.9,13.1,85.21111111111111,27.0,100.0,0.0963888888888889,0.0,2.6,0.0,0.0,0.0,9.28388888888889,1.1,24.1,1015.5205555555556,998.5,1030.3,4.538888888888889,0.0,56.0
HB6A3,Ibis budget Strasbourg Centre République,2025,12,3.1936827956989253,-6.8,15.2,1.2400537634408602,-9.8,11.0,87.71370967741936,41.0,100.0,0.01841397849462366,0.0,2.0,0.0,0.0,0.0,9.643010752688172,1.1,31.7,1020.040188172043,1007.2,1031.7,4.088709677419355,0.0,50.0
HB6A3,Ibis budget Strasbourg Centre République,2026,1,1.3290322580645162,-7.1,12.8,-1.2846774193548387,-11.2,6.4,83.80376344086021,40.0,100.0,0.06182795698924731,0.0,1.7,0.05241935483870968,0.0,2.0,10.10295698924731,1.1,33.5,1009.6416666666667,992.1,1027.7,3.2795698924731185,0.0,50.0
HB6A3,Ibis budget Strasbourg Centre République,2026,2,6.1086309523809526,-2.3,20.3,3.5718749999999995,-7.2,12.0,84.84375,41.0,100.0,0.12574404761904762,0.0,4.9,0.0,0.0,0.0,12.304761904761904,0.4,30.6,1007.7549107142858,981.6,1027.5,5.133928571428571,0.0,59.0
HB6A3,Ibis budget Strasbourg Centre République,2026,3,7.057526881720429,-2.8,17.7,2.809811827956989,-5.3,9.6,76.41263440860214,36.0,100.0,0.06075268817204302,0.0,3.0,0.0,0.0,0.0,10.061559139784945,1.4,36.0,1020.227688172043,1000.4,1030.4,15.181451612903226,0.0,60.0
HB6A3,Ibis budget Strasbourg Centre République,2026,4,11.524583333333332,-0.5,23.3,5.09875,-3.9,15.0,67.76805555555555,23.0,97.0,0.024444444444444442,0.0,2.3,0.0,0.0,0.0,10.57388888888889,2.2,25.2,1020.3815277777777,1009.3,1028.9,20.602777777777778,0.0,60.0
HB6A3,Ibis budget Strasbourg Centre République,2026,5,16.100134408602152,3.8,31.1,9.955913978494625,-1.7,19.1,69.77284946236558,28.0,98.0,0.07876344086021506,0.0,3.8,0.0,0.0,0.0,9.713037634408602,1.8,23.0,1017.0366935483871,999.3,1031.1,19.137096774193548,0.0,60.0
HB6A3,Ibis budget Strasbourg Centre République,2026,6,22.263472222222223,9.9,37.9,14.227222222222222,6.2,21.9,63.72083333333333,24.0,98.0,0.05652777777777778,0.0,8.1,0.0,0.0,0.0,9.530833333333334,1.8,25.6,1017.960138888889,1006.7,1025.2,22.87638888888889,0.0,60.0
HB6A3,Ibis budget Strasbourg Centre République,2026,7,23.43932135728543,12.7,34.0,12.916367265469063,3.7,20.8,55.74451097804391,19.0,98.0,0.10099800399201597,0.0,13.9,0.0,0.0,0.0,10.72375249500998,1.4,23.8,1018.4301397205588,1012.6,1027.4,26.842315369261478,0.0,60.0
HB6A3,Ibis budget Strasbourg Centre République,2026,8,19.82809139784946,10.3,31.8,14.673655913978495,7.2,23.6,73.95698924731182,39.0,99.0,0.09395161290322582,0.0,8.8,0.0,0.0,0.0,8.824059139784946,1.1,23.4,1016.1822580645161,1002.9,1026.4,19.86962365591398,0.0,60.0
HB6A3,Ibis budget Strasbourg Centre République,2026,9,15.659444444444443,7.5,28.1,12.464861111111112,7.0,19.1,82.41111111111111,51.0,100.0,0.17055555555555554,0.0,8.9,0.0,0.0,0.0,10.733333333333333,1.1,25.6,1017.9154166666666,1007.0,1025.9,9.738888888888889,0.0,60.0
HB6A3,Ibis budget Strasbourg Centre République,2026,10,11.109677419354837,3.5,18.4,8.065322580645162,1.3,14.5,82.41801075268818,48.0,100.0,0.1043010752688172,0.0,11.5,0.0,0.0,0.0,13.12244623655914,0.7,34.9,1017.45,988.7,1034.0,9.120967741935484,0.0,60.0
HB6A3,Ibis budget Strasbourg Centre République,2026,11,6.025,-6.8,19.5,3.543055555555556,-12.9,13.1,85.21111111111111,27.0,100.0,0.0963888888888889,0.0,2.6,0.0,0.0,0.0,9.28388888888889,1.1,24.1,1015.5205555555556,998.5,1030.3,4.538888888888889,0.0,56.0
HB6A3,Ibis budget Strasbourg Centre République,2026,12,3.1936827956989253,-6.8,15.2,1.2400537634408602,-9.8,11.0,87.71370967741936,41.0,100.0,0.01841397849462366,0.0,2.0,0.0,0.0,0.0,9.643010752688172,1.1,31.7,1020.040188172043,1007.2,1031.7,4.088709677419355,0.0,50.0
