id,titre,description,severite,statut,module,reproductibilite,etapes_repro,comportement_attendu,comportement_observe,cause_racine,correctif,tests_ajoutes,detectee_le,assignee,date_maj,date_cloture,feature_liee,notes
A0001,fastapi manquant apres pip install -e .,"Apres installation du package renatus (pip install -e .), renatus-gui echoue car fastapi n est pas installe. fastapi/uvicorn sont en extra [api] alors que les entrypoints renatus-api et renatus-gui sont toujours declares.",majeure,terminee,packaging / renatus.gui / renatus.api,toujours,pip install -e . ; renatus-gui db pipelines,renatus-gui demarre (fastapi et uvicorn presents),ModuleNotFoundError: fastapi,deps fastapi/uvicorn en optional-dependencies api seulement,fastapi+uvicorn en dependencies principales; requirements.txt; tests A0001,tests/test_a0001_packaging_deps.py,2026-08-07,gestionnaire,2026-08-07,2026-08-07,"F0009,F0010",signale console utilisateur; corrige A0001
A0002,arborescence data/ models hotels dans le package renatus,"Le depot renatus contient data/ (duckdb, files/input/output avec sim_v1, sim_v2, ml, common) et models/ (catboost, xgboost, ml1, ml2, super) specifiques au projet hotels d origine. Paths.ensure() recree ces dossiers vides. Contraire a la regle: rien de specifique hotels dans le coeur renatus; ne pas versionner d arborescences vides metier.",majeure,terminee,paths.py / data/ / models/,toujours,ls data/files/output ; ls models ; lire Paths.ensure,depot sans data/ hotels; Paths generique sans sim_v1/sim_v2,data/ et models/ hotels presents et assures par ensure(),copie arborescence hotels + Paths.ensure() metier,suppression data/models hotels; Paths generique; gitignore; tests A0002,tests/test_a0002_no_hotel_data_tree.py,2026-08-07,gestionnaire,2026-08-07,2026-08-07,"F0001,F0006",signale console utilisateur
A0003,renatus-gui plante si chemins absents,"renatus-gui workspace/pipelines workspace/databases/main/main.duckdb plante si les dossiers/fichiers n existent pas. Attendu: creer arborescence, base vide, UI vide sans YAML.",majeure,terminee,gui/server + pipeline load,toujours,renatus-gui chemins_inexistants,creation dirs + demarrage UI vide,Erreur pipeline_path introuvable / crash,server refuse path absent; load_pipeline refuse zero YAML,prepare_workspace; pipeline vide OK; ordre args flexible; gui/api server,tests/test_a0003_gui_bootstrap.py,2026-08-07,gestionnaire,2026-08-07,2026-08-07,F0010,console utilisateur
A0004,renatus-gui port 8000 already in use,renatus-gui echoue avec Errno 98 address already in use sur 127.0.0.1:8000 si un process occupe deja le port (instance precedente). Attendu: message clair et/ou choix automatique d un port libre.,mineure,terminee,gui/server + api/server,quand port 8000 occupe,lancer gui deux fois sans liberer 8000,port libre auto ou erreur actionnable,Errno 98 bind failed puis shutdown,port fixe 8000 sans detection occupation,find_free_port auto; --strict-port; message Attention port occupe,tests/test_a0004_port_busy.py,2026-08-07,gestionnaire,2026-08-07,2026-08-07,F0010,console utilisateur; pid 455871 sur 8000
A0005,build dataframe extension non supportee apres selection fichier,"Apres ajout dataframe, selection fichier xlsx, Build echoue: Extension non supportee (suffixe vide). Capture: gestion_projet/agentic/captures/A0005_build_extension_non_supportee.png. Cause probable: build sans save (file encore vide cote serveur) + openpyxl absent.",majeure,terminee,gui build + df_from_file,toujours,"creer df, picker xlsx, Build sans Save",save auto puis build xlsx/csv OK,Extension non supportee,build lit YAML serveur non sauvegarde; openpyxl extra only,save auto avant build; messages file vide/xlsx; openpyxl dep principale,tests/test_a0005_dataframe_file.py,2026-08-08,gestionnaire,2026-08-08,2026-08-08,"F0014,F0017",console + capture
A0006,renatus-gui sans argument echoue,Lancer renatus-gui sans chemin echoue: Arguments attendus db pipelines ou projet.renatus.yaml. Warnings pandas numexpr/bottleneck si env anaconda. Attendu: demarrage workspace par defaut ou message d aide clair.,majeure,terminee,gui/server,toujours,renatus-gui,demarrage workspace/main.duckdb + workspace/pipelines ou detection projet,Erreur Arguments attendus...,resolve_startup_paths refuse 0 args apres F0026,defaut workspace/; auto .renatus.yaml; help; filtre warnings pandas,tests/test_a0006_gui_no_args.py,2026-08-08,gestionnaire,2026-08-08,2026-08-08,F0026,console utilisateur
A0007,Demande refactor OOP deja traitee via F0053/F0054,"Demande console: refactor hierarchie classes backend/frontend, placer chaque fonction dans la bonne classe, rejouer tests, maj docs. Enregistre a tort comme anomalie incomplete (champs vides).",mineure,terminee,architecture / pipeline.steps / gui,n/a,demande utilisateur console,hierarchie OOP claire + tests verts + docs,demande saisie comme anomalie incomplete,demande feature saisie dans anomalies.csv au lieu de features.csv,"Deja realise: epic F0053 (Step ABC, factory, ES modules, registry) et F0054 (GuiService split, ConfigPanel, controllers). Full pytest vert; docs ARCHITECTURE/CORE. Cloture A0007 sans redev.",tests F0053/F0054 + full suite existante,2026-08-08,gestionnaire,2026-08-09,2026-08-09,"F0053,F0054",cloturee 2026-08-09: backlog deja livre; pas de double refactor
A0008,renatus-gui commande introuvable apres rename,"Apres F0087/F0088 (renatus-studio → renatus-gui), la commande renatus-gui est introuvable dans le shell malgre (.venv) actif. Cause: entrypoints console_scripts non regeneres dans le venv (install editable obsolete) et/ou PATH pointant vers un ancien venv. Correctif: pip install -e . dans le venv du depot renatus puis deactivate/activate. Alternative: python -m renatus.gui",mineure,terminee,packaging / renatus.gui entrypoints,apres rename sans reinstall,cd renatus; source .venv/bin/activate; renatus-gui,renatus-gui --help affiche l aide,renatus-gui : commande introuvable,console_scripts non installes dans le venv actif (editable out of date),pip install -e . ; re-activer le venv; PATH=.venv/bin en tete; python -m renatus.gui fallback,test_f0088_gui_only entrypoints; verification manuelle pip install -e .,2026-08-09,gestionnaire,2026-08-09,2026-08-09,"F0087,F0088",console utilisateur 2026-08-09; binaire present apres reinstall dans .venv/bin
A0009,Flux affiche Pipeline vide malgre des noeuds,"Le message ""Pipeline vide"" restait visible par-dessus le graphe meme avec des composants. Cause: CSS #graph-empty { display:flex } ecrasait l attribut HTML hidden. Correctif: retrait du message empty state.",mineure,terminee,gui/graph empty state,toujours avec noeuds sur le flux,"ouvrir renatus-gui avec des steps; voir ""Pipeline vide"" centre",pas de message Pipeline vide,Pipeline vide affiche par-dessus les noeuds,display:flex override [hidden],supprimer empty state graph; CSS display none; tests F0044,test_f0044 + test_a0009_no_pipeline_vide,2026-08-09,gestionnaire,2026-08-09,2026-08-09,F0044,console + capture 2026-08-09
A0010,Delete objet casse le projet si des requires pointent dessus,"Apres suppression d un objet encore reference dans requires d autres steps, renatus-gui refuse d ouvrir (ValueError Dependance absente). Correctif: detacher des requires/objects des dependants a la suppression; heal des requires orphelins au load_pipeline.",majeure,terminee,gui delete_step + pipeline load_pipeline,supprimer un objet require par d autres puis relancer gui,creer src+child(requires src); delete src; renatus-gui,child.requires sans src; projet ouvre,ValueError Dependance absente; crash demarrage,delete ne nettoie pas les requires inverses; validate stricte au load,_detach_deleted_from_dependents; heal_missing_requires + persist,tests/test_a0010_delete_detaches_requires.py,2026-08-09,gestionnaire,2026-08-09,2026-08-09,"F0041,F0063",console 2026-08-09 execute_2026... requires dataframe supprime
A0011,zone et composants attributs incoherents (file source),"Une zone (et d autres types) pouvaient exposer/persister des attributs hors modele (ex: file / Fichier source, script, mode). Attendu: allow-list stricte par type; zone = type+label+objects uniquement.",majeure,terminee,pipeline.steps ALLOWED_CONFIG_KEYS + gui put/get,toujours si YAML pollue ou fuite formulaire,creer/selectionner zone; verifier config sans file,config zone sans file/script/mode/requires; UI sans Fichier source,file visible ou present dans YAML zone,pas de filtre allow-list a la serialisation/exposition,ALLOWED_CONFIG_KEYS par Step; sanitize create_step/to_config/get_step/put_step; UI clear champs masques,tests/test_a0011_coherent_step_attrs.py,2026-08-09,agent,2026-08-09,2026-08-09,F0053,console utilisateur 2026-08-09 zone source file
A0012,champs config hidden ecrases par CSS grid + label Name,"Les .field[hidden] restaient visibles car .config-form .field { display:grid } ecrase l attribut HTML hidden (meme classe de bug A0009). Zone montrait Name/Fichier. Label Name (SQL) renomme Name.",majeure,terminee,gui/static style + index.html,toujours sur zone et types sans le champ,selectionner une zone; verifier absence Name et Fichier source,zone: pas de Name ni Fichier source; vues/tables: label Name,Name (SQL) et Fichier source visibles sur zone,display:grid override [hidden],.config-form .field[hidden]{display:none!important}; label Name,tests/test_a0012_config_field_hidden.py,2026-08-09,agent,2026-08-09,2026-08-09,A0011,console utilisateur Name zone
A0013,requires popup OK n applique pas les aretes Flux,"Apres validation popup Requires, le graphe Flux ne montrait pas les nouvelles aretes. Cause: flushAutoSave non await + pas de refreshGraph; persist lisait YAML stale.",majeure,terminee,gui requires editor + persistCurrentStep,toujours apres OK popup requires,editer requires via popup OK; verifier aretes dans Flux,aretes requires visibles dans le graphe apres OK,graphe inchange apres validation,save fire-and-forget sans refresh; YAML prioritaire stale,await persistCurrentStep(refreshGraph); miroir requires/objects prioritaires,tests/test_a0013_requires_popup_graph.py,2026-08-09,agent,2026-08-09,2026-08-09,F0095,console utilisateur 2026-08-09
A0014,apres Renatus View config sans schema shape renatus_time,"Apres Renatus sur dataframe (bouton View), la table saffiche mais Config ne montrait pas schema, shape, renatus_time. Cause: preview build via process sans chrono; loadDataView ne rafraichissait pas les champs calculees.",majeure,terminee,gui preview + dataview + buildStep,toujours apres Renatus View sur dataframe,choisir fichier df; Renatus; lire Config schema/shape/time,schema shape renatus_time a jour dans Config,View OK, Config calculee vide,preview process non chronometre; pas de refresh Config,preview build_if_missing=build unifie; refreshCalculatedConfigFields,tests/test_a0014_renatus_updates_config.py,2026-08-10,agent,2026-08-10,2026-08-10,"F0091,F0092,F0093",console utilisateur 2026-08-10
A0015,zone main Objects affiche 0 malgre composants presents,"La zone main (et zones) avec objects:{} dans le YAML montrait 0 objet en Config alors que le graphe listait les composants du dossier FS (flow/main/*.yaml). Bouton edit popup Objects inutilisable pour voir/ajouter/retirer. Cause: get_step/Config ne lisait que config.objects YAML, pas les membres FS (steps_in_tab) utilises par le graphe.",majeure,terminee,gui/service zone objects / F0056 F0097,toujours,selectionner zone main en Config; observer Objects,liste chips des composants (YAML ∪ FS); crayon ouvre popup add/remove,Objects affiche tiret ou 0,objects YAML vide non enrichi par FS,effective_zone_objects (YAML ∪ FS) dans get_step put_step zone_build graph_ops,tests/test_a0015_zone_objects_effective.py,2026-08-10,gestionnaire,2026-08-10,2026-08-10,"F0056,F0097",console utilisateur; main.objects heal a la sauvegarde
A0016,vider Objects zone main echoue seules copies,"Retirer tous les objets de main (popup Objects OK) echouait: Impossible de retirer X (seule copie). Les objets restaient. Cause: detach_from_tab refuse la seule presence. Correctif: seule copie → suppression cascade (sous-zones videes d abord).",majeure,terminee,gui/service zone objects membership F0060,toujours,Config main > Objects > retirer tout > OK,zone vide objects {} et composants supprimes (ou detaches si partages),erreur notification et objets toujours la,detach refuse seule copie et put_step abort,_evict_members_from_zone + _delete_step_cascade_unlocked,tests/test_a0016_empty_zone_objects.py,2026-08-10,gestionnaire,2026-08-10,2026-08-10,"F0056,F0097,A0015",console utilisateur vider main
