nom_hotel,annee,mois,categorie,sous_categorie,nombre_ventes,montant_ventes,nombre_paniers,nombre_produits,hotel_code
Ibis budget Nice,2023,8,N_F_B,ACCESSOIRES,32.0,383.0,25.0,11.0,H2075
Ibis budget Nice,2023,8,N_F_B,COSMETIQUE,1.0,10.0,1.0,1.0,H2075
Ibis budget Nice,2023,8,N_F_B,PAP,7.0,74.0,7.0,5.0,H2075
Ibis budget Nice,2023,8,N_F_B,SOS,1.0,8.0,1.0,1.0,H2075
Ibis budget Nice,2023,9,N_F_B,ACCESSOIRES,16.0,186.0,13.0,9.0,H2075
Ibis budget Nice,2023,9,N_F_B,COSMETIQUE,3.0,30.0,3.0,1.0,H2075
Ibis budget Nice,2023,9,N_F_B,PAP,10.0,98.0,10.0,5.0,H2075
Ibis budget Nice,2023,9,N_F_B,SOS,1.0,8.0,1.0,1.0,H2075
Ibis budget Nice,2023,10,N_F_B,ACCESSOIRES,17.0,161.0,14.0,8.0,H2075
Ibis budget Nice,2023,10,N_F_B,PAP,5.0,45.0,5.0,3.0,H2075
Ibis budget Nice,2023,11,N_F_B,PAP,1.0,9.0,1.0,1.0,H2075
Ibis budget Nice,2024,3,N_F_B,ACCESSOIRES,2.0,16.0,2.0,2.0,H2075
Ibis budget Nice,2024,4,N_F_B,ACCESSOIRES,9.0,117.0,9.0,5.0,H2075
Ibis budget Nice,2024,4,N_F_B,COSMETIQUE,2.0,20.0,2.0,1.0,H2075
Ibis budget Nice,2024,4,N_F_B,SOS,1.0,8.0,1.0,1.0,H2075
Ibis budget Nice,2024,5,F_B,SANS ALCOOL,36.0,87.80000000000001,30.0,8.0,H2075
Ibis budget Nice,2024,5,N_F_B,ACCESSOIRES,8.0,97.0,8.0,8.0,H2075
Ibis budget Nice,2024,5,N_F_B,PAP,9.0,86.0,7.0,8.0,H2075
Ibis budget Nice,2024,6,F_B,FOOD SALEE,21.0,46.0,18.0,3.0,H2075
Ibis budget Nice,2024,6,F_B,SANS ALCOOL,196.0,454.40000000000003,143.0,15.0,H2075
Ibis budget Nice,2024,6,N_F_B,ACCESSOIRES,20.0,208.1,20.0,12.0,H2075
Ibis budget Nice,2024,6,N_F_B,COSMETIQUE,1.0,10.0,1.0,1.0,H2075
Ibis budget Nice,2024,6,N_F_B,JEUX / ENFANTS,1.0,18.0,1.0,1.0,H2075
Ibis budget Nice,2024,6,N_F_B,PAP,7.0,89.0,7.0,7.0,H2075
Ibis budget Nice,2024,6,N_F_B,SOS,1.0,16.0,1.0,1.0,H2075
Ibis budget Nice,2024,7,F_B,FOOD SALEE,24.0,59.0,21.0,5.0,H2075
Ibis budget Nice,2024,7,F_B,SANS ALCOOL,281.0,662.6,174.0,16.0,H2075
Ibis budget Nice,2024,7,N_F_B,ACCESSOIRES,21.0,188.5,20.0,12.0,H2075
Ibis budget Nice,2024,7,N_F_B,COSMETIQUE,2.0,20.0,2.0,1.0,H2075
Ibis budget Nice,2024,7,N_F_B,JEUX / ENFANTS,3.0,54.0,3.0,1.0,H2075
Ibis budget Nice,2024,7,N_F_B,PAP,6.0,60.0,5.0,2.0,H2075
Ibis budget Nice,2024,7,N_F_B,SOS,1.0,8.0,1.0,1.0,H2075
Ibis budget Nice,2024,8,F_B,FOOD SALEE,17.0,47.0,12.0,4.0,H2075
Ibis budget Nice,2024,8,F_B,SANS ALCOOL,322.0,764.0,207.0,16.0,H2075
Ibis budget Nice,2024,8,N_F_B,ACCESSOIRES,23.0,259.0,18.0,11.0,H2075
Ibis budget Nice,2024,8,N_F_B,COSMETIQUE,3.0,29.0,3.0,2.0,H2075
Ibis budget Nice,2024,8,N_F_B,JEUX / ENFANTS,3.0,54.0,3.0,1.0,H2075
Ibis budget Nice,2024,8,N_F_B,PAP,2.0,20.0,2.0,2.0,H2075
Ibis budget Nice,2024,9,F_B,FOOD SALEE,17.0,36.5,15.0,4.0,H2075
Ibis budget Nice,2024,9,F_B,FOOD SUCREE,25.0,47.5,21.0,6.0,H2075
Ibis budget Nice,2024,9,F_B,SANS ALCOOL,194.0,457.20000000000005,130.0,15.0,H2075
Ibis budget Nice,2024,9,N_F_B,ACCESSOIRES,14.0,151.0,12.0,8.0,H2075
Ibis budget Nice,2024,9,N_F_B,COSMETIQUE,1.0,10.0,1.0,1.0,H2075
Ibis budget Nice,2024,9,N_F_B,PAP,7.0,69.0,7.0,5.0,H2075
Ibis budget Nice,2024,10,F_B,FOOD SALEE,14.0,30.5,13.0,3.0,H2075
Ibis budget Nice,2024,10,F_B,FOOD SUCREE,20.0,40.0,14.0,7.0,H2075
Ibis budget Nice,2024,10,F_B,SANS ALCOOL,147.0,336.8,103.0,16.0,H2075
Ibis budget Nice,2024,10,N_F_B,ACCESSOIRES,11.0,98.0,8.0,9.0,H2075
Ibis budget Nice,2024,10,N_F_B,PAP,4.0,35.0,4.0,3.0,H2075
Ibis budget Nice,2024,10,N_F_B,SOS,4.0,56.0,3.0,1.0,H2075
Ibis budget Nice,2024,11,F_B,FOOD SALEE,6.0,13.0,5.0,4.0,H2075
Ibis budget Nice,2024,11,F_B,FOOD SUCREE,13.0,20.5,13.0,5.0,H2075
Ibis budget Nice,2024,11,F_B,SANS ALCOOL,79.0,189.70000000000002,59.0,15.0,H2075
Ibis budget Nice,2024,11,N_F_B,ACCESSOIRES,2.0,12.0,2.0,2.0,H2075
Ibis budget Nice,2024,11,N_F_B,PAP,1.0,6.0,1.0,1.0,H2075
Ibis budget Nice,2024,12,F_B,FOOD SALEE,7.0,15.0,6.0,3.0,H2075
Ibis budget Nice,2024,12,F_B,FOOD SUCREE,15.0,26.5,9.0,6.0,H2075
Ibis budget Nice,2024,12,F_B,SANS ALCOOL,86.0,194.5,60.0,14.0,H2075
Ibis budget Nice,2024,12,N_F_B,ACCESSOIRES,1.0,13.0,1.0,1.0,H2075
Ibis budget Nice,2025,1,F_B,FOOD SALEE,14.0,28.5,10.0,4.0,H2075
Ibis budget Nice,2025,1,F_B,FOOD SUCREE,15.0,25.0,12.0,5.0,H2075
Ibis budget Nice,2025,1,F_B,SANS ALCOOL,111.0,258.1,78.0,15.0,H2075
Ibis budget Nice,2025,1,N_F_B,ACCESSOIRES,2.0,20.0,2.0,2.0,H2075
Ibis budget Nice,2025,1,N_F_B,SOS,1.0,14.0,1.0,1.0,H2075
Ibis budget Nice,2025,2,F_B,FOOD SALEE,10.0,20.0,6.0,3.0,H2075
Ibis budget Nice,2025,2,F_B,FOOD SUCREE,9.0,17.5,8.0,4.0,H2075
Ibis budget Nice,2025,2,F_B,SANS ALCOOL,89.0,214.8,65.0,15.0,H2075
Ibis budget Nice,2025,2,N_F_B,ACCESSOIRES,1.0,10.0,1.0,1.0,H2075
Ibis budget Nice,2025,2,N_F_B,PAP,1.0,6.0,1.0,1.0,H2075
Ibis budget Nice,2025,3,F_B,FOOD SALEE,9.0,19.5,7.0,4.0,H2075
Ibis budget Nice,2025,3,F_B,FOOD SUCREE,23.0,41.0,18.0,5.0,H2075
Ibis budget Nice,2025,3,F_B,SANS ALCOOL,211.0,518.1,170.0,18.0,H2075
Ibis budget Nice,2025,3,N_F_B,#REF!,0.0,22.0,2.0,0.0,H2075
Ibis budget Nice,2025,3,N_F_B,ACCESSOIRES,2.0,25.0,2.0,2.0,H2075
Ibis budget Nice,2025,4,F_B,FOOD SALEE,20.0,55.5,15.0,7.0,H2075
Ibis budget Nice,2025,4,F_B,FOOD SUCREE,18.0,39.6,16.0,5.0,H2075
Ibis budget Nice,2025,4,F_B,SANS ALCOOL,209.0,498.1,158.0,17.0,H2075
Ibis budget Nice,2025,4,N_F_B,#REF!,1.0,12.0,1.0,1.0,H2075
Ibis budget Nice,2025,4,N_F_B,ACCESSOIRES,12.0,144.1,9.0,11.0,H2075
Ibis budget Nice,2025,4,N_F_B,COSMETIQUE,1.0,9.0,1.0,1.0,H2075
Ibis budget Nice,2025,4,N_F_B,PAP,4.0,44.0,3.0,4.0,H2075
Ibis budget Nice,2025,4,N_F_B,SOS,1.0,14.0,1.0,1.0,H2075
Ibis budget Nice,2025,5,F_B,FOOD SALEE,21.0,70.5,14.0,6.0,H2075
Ibis budget Nice,2025,5,F_B,SANS ALCOOL,350.0,819.7,224.0,18.0,H2075
Ibis budget Nice,2025,5,N_F_B,#REF!,13.0,167.0,13.0,6.0,H2075
Ibis budget Nice,2025,5,N_F_B,ACCESSOIRES,20.0,207.0,17.0,12.0,H2075
Ibis budget Nice,2025,5,N_F_B,JEUX / ENFANTS,1.0,18.0,1.0,1.0,H2075
Ibis budget Nice,2025,5,N_F_B,PAP,5.0,50.0,5.0,4.0,H2075
Ibis budget Nice,2025,5,N_F_B,SOS,1.0,14.0,1.0,1.0,H2075
Ibis budget Nice,2025,6,F_B,FOOD SALEE,25.0,67.5,19.0,6.0,H2075
Ibis budget Nice,2025,6,F_B,SANS ALCOOL,382.0,894.2,242.0,18.0,H2075
Ibis budget Nice,2025,6,N_F_B,#REF!,23.0,295.0,19.0,8.0,H2075
Ibis budget Nice,2025,6,N_F_B,ACCESSOIRES,31.0,220.0,27.0,12.0,H2075
Ibis budget Nice,2025,6,N_F_B,JEUX / ENFANTS,2.0,36.0,2.0,1.0,H2075
Ibis budget Nice,2025,6,N_F_B,PAP,9.0,113.0,11.0,5.0,H2075
Ibis budget Nice,2025,6,N_F_B,SOS,1.0,8.0,1.0,1.0,H2075
Ibis budget Nice,2025,7,F_B,FOOD SALEE,42.0,121.0,34.0,9.0,H2075
Ibis budget Nice,2025,7,F_B,SANS ALCOOL,343.0,818.6,236.0,18.0,H2075
Ibis budget Nice,2025,7,N_F_B,#REF!,33.0,425.0,26.0,13.0,H2075
Ibis budget Nice,2025,7,N_F_B,ACCESSOIRES,22.0,202.0,21.0,9.0,H2075
Ibis budget Nice,2025,7,N_F_B,JEUX / ENFANTS,2.0,36.0,2.0,1.0,H2075
Ibis budget Nice,2025,7,N_F_B,PAP,9.0,88.0,9.0,4.0,H2075
Ibis budget Nice,2025,8,F_B,FOOD SALEE,26.0,83.0,20.0,8.0,H2075
Ibis budget Nice,2025,8,F_B,SANS ALCOOL,369.0,868.8000000000001,231.0,18.0,H2075
Ibis budget Nice,2025,8,N_F_B,#REF!,30.0,360.0,29.0,15.0,H2075
Ibis budget Nice,2025,8,N_F_B,ACCESSOIRES,53.0,453.0,36.0,14.0,H2075
Ibis budget Nice,2025,8,N_F_B,JEUX / ENFANTS,2.0,36.0,2.0,1.0,H2075
Ibis budget Nice,2025,9,F_B,FOOD SALEE,35.0,94.5,29.0,8.0,H2075
Ibis budget Nice,2025,9,F_B,SANS ALCOOL,314.0,733.1,211.0,18.0,H2075
Ibis budget Nice,2025,9,N_F_B,#REF!,32.0,424.0,31.0,12.0,H2075
Ibis budget Nice,2025,9,N_F_B,ACCESSOIRES,32.0,232.0,30.0,14.0,H2075
Ibis budget Nice,2025,9,N_F_B,PAP,2.0,23.0,2.0,2.0,H2075
Ibis budget Nice,2025,10,F_B,FOOD SALEE,32.0,91.5,27.0,8.0,H2075
Ibis budget Nice,2025,10,F_B,SANS ALCOOL,253.0,603.5,168.0,18.0,H2075
Ibis budget Nice,2025,10,N_F_B,#REF!,11.0,116.0,10.0,7.0,H2075
Ibis budget Nice,2025,10,N_F_B,ACCESSOIRES,20.0,155.0,16.0,12.0,H2075
Ibis budget Nice,2025,10,N_F_B,PAP,3.0,30.0,3.0,2.0,H2075
Ibis budget Nice,2025,11,F_B,FOOD SALEE,17.0,46.0,14.0,8.0,H2075
Ibis budget Nice,2025,11,F_B,SANS ALCOOL,173.0,403.1,118.0,18.0,H2075
Ibis budget Nice,2025,11,NAN,,3.0,6.0,2.0,1.0,H2075
Ibis budget Nice,2025,11,N_F_B,#REF!,7.0,84.0,7.0,3.0,H2075
Ibis budget Nice,2025,11,N_F_B,ACCESSOIRES,2.0,12.0,2.0,2.0,H2075
Ibis budget Nice,2025,12,F_B,FOOD SALEE,8.0,22.0,7.0,5.0,H2075
Ibis budget Nice,2025,12,F_B,SANS ALCOOL,129.0,311.90000000000003,82.0,16.0,H2075
Ibis budget Nice,2025,12,NAN,,18.0,58.0,17.0,3.0,H2075
Ibis budget Nice,2025,12,N_F_B,#REF!,3.0,32.0,3.0,2.0,H2075
Ibis budget Nice,2025,12,N_F_B,ACCESSOIRES,3.0,24.0,3.0,3.0,H2075
Ibis budget Nice,2025,12,N_F_B,PAP,1.0,16.0,1.0,1.0,H2075
Ibis budget Nice,2025,12,N_F_B,SOS,1.0,4.0,1.0,1.0,H2075
Ibis budget Strasbourg Centre République,2024,10,F_B,FOOD SALEE,15.0,142.5,13.0,4.0,HB6A3
Ibis budget Strasbourg Centre République,2024,10,F_B,FOOD SUCREE,39.0,138.5,26.0,6.0,HB6A3
Ibis budget Strasbourg Centre République,2024,10,F_B,SANS ALCOOL,97.0,337.5,73.0,12.0,HB6A3
Ibis budget Strasbourg Centre République,2024,11,F_B,FOOD SALEE,27.0,265.0,23.0,4.0,HB6A3
Ibis budget Strasbourg Centre République,2024,11,F_B,FOOD SUCREE,91.0,274.0,73.0,11.0,HB6A3
Ibis budget Strasbourg Centre République,2024,11,F_B,SANS ALCOOL,134.0,404.5,114.0,14.0,HB6A3
Ibis budget Strasbourg Centre République,2024,12,F_B,FOOD SALEE,31.0,95.0,29.0,4.0,HB6A3
Ibis budget Strasbourg Centre République,2024,12,F_B,FOOD SUCREE,101.0,322.5,76.0,10.0,HB6A3
Ibis budget Strasbourg Centre République,2024,12,F_B,SANS ALCOOL,251.0,918.0,189.0,13.0,HB6A3
Ibis budget Strasbourg Centre République,2025,1,F_B,FOOD SALEE,21.0,82.5,18.0,2.0,HB6A3
Ibis budget Strasbourg Centre République,2025,1,F_B,FOOD SUCREE,55.0,176.0,41.0,8.0,HB6A3
Ibis budget Strasbourg Centre République,2025,1,F_B,SANS ALCOOL,141.0,442.0,109.0,13.0,HB6A3
Ibis budget Strasbourg Centre République,2025,2,F_B,FOOD SALEE,21.0,85.0,16.0,3.0,HB6A3
Ibis budget Strasbourg Centre République,2025,2,F_B,FOOD SUCREE,57.0,193.5,28.0,8.0,HB6A3
Ibis budget Strasbourg Centre République,2025,2,F_B,SANS ALCOOL,118.0,466.5,85.0,13.0,HB6A3
Ibis budget Strasbourg Centre République,2025,3,F_B,FOOD SALEE,22.0,166.5,19.0,5.0,HB6A3
Ibis budget Strasbourg Centre République,2025,3,F_B,FOOD SUCREE,98.0,320.0,65.0,10.0,HB6A3
Ibis budget Strasbourg Centre République,2025,3,F_B,SANS ALCOOL,150.0,438.0,121.0,12.0,HB6A3
Ibis budget Strasbourg Centre République,2025,4,F_B,FOOD SALEE,25.0,202.5,22.0,5.0,HB6A3
Ibis budget Strasbourg Centre République,2025,4,F_B,FOOD SUCREE,67.0,231.0,50.0,9.0,HB6A3
Ibis budget Strasbourg Centre République,2025,4,F_B,SANS ALCOOL,201.0,644.5,149.0,11.0,HB6A3
Ibis budget Strasbourg Centre République,2025,5,F_B,FOOD SALEE,12.0,45.0,11.0,4.0,HB6A3
Ibis budget Strasbourg Centre République,2025,5,F_B,FOOD SUCREE,41.0,123.0,31.0,9.0,HB6A3
Ibis budget Strasbourg Centre République,2025,5,F_B,SANS ALCOOL,160.0,486.0,124.0,10.0,HB6A3
Ibis budget Strasbourg Centre République,2025,6,F_B,FOOD SALEE,41.0,163.5,33.0,4.0,HB6A3
Ibis budget Strasbourg Centre République,2025,6,F_B,FOOD SUCREE,87.0,235.5,74.0,10.0,HB6A3
Ibis budget Strasbourg Centre République,2025,6,F_B,SANS ALCOOL,352.0,1310.0,251.0,11.0,HB6A3
Ibis budget Strasbourg Centre République,2025,7,F_B,FOOD SALEE,47.0,270.5,30.0,4.0,HB6A3
Ibis budget Strasbourg Centre République,2025,7,F_B,FOOD SUCREE,96.0,309.5,63.0,8.0,HB6A3
Ibis budget Strasbourg Centre République,2025,7,F_B,SANS ALCOOL,267.0,895.5,192.0,11.0,HB6A3
Ibis budget Strasbourg Centre République,2025,8,F_B,FOOD SALEE,41.0,205.5,34.0,4.0,HB6A3
Ibis budget Strasbourg Centre République,2025,8,F_B,FOOD SUCREE,80.0,222.5,61.0,8.0,HB6A3
Ibis budget Strasbourg Centre République,2025,8,F_B,SANS ALCOOL,425.0,1340.5,296.0,11.0,HB6A3
Ibis budget Strasbourg Centre République,2025,9,F_B,FOOD SALEE,17.0,80.0,14.0,3.0,HB6A3
Ibis budget Strasbourg Centre République,2025,9,F_B,FOOD SUCREE,47.0,130.5,40.0,8.0,HB6A3
Ibis budget Strasbourg Centre République,2025,9,F_B,SANS ALCOOL,143.0,428.5,124.0,11.0,HB6A3
Ibis budget Strasbourg Centre République,2025,10,F_B,FOOD SALEE,32.0,125.0,25.0,3.0,HB6A3
Ibis budget Strasbourg Centre République,2025,10,F_B,FOOD SUCREE,66.0,198.0,52.0,9.0,HB6A3
Ibis budget Strasbourg Centre République,2025,10,F_B,SANS ALCOOL,211.0,667.5,169.0,11.0,HB6A3
Ibis budget Strasbourg Centre République,2025,11,F_B,FOOD SALEE,44.0,185.0,34.0,3.0,HB6A3
Ibis budget Strasbourg Centre République,2025,11,F_B,FOOD SUCREE,93.0,287.0,64.0,8.0,HB6A3
Ibis budget Strasbourg Centre République,2025,11,F_B,SANS ALCOOL,217.0,720.5,164.0,11.0,HB6A3
Ibis budget Strasbourg Centre République,2025,12,F_B,FOOD SALEE,51.0,200.0,40.0,3.0,HB6A3
Ibis budget Strasbourg Centre République,2025,12,F_B,FOOD SUCREE,143.0,407.0,101.0,8.0,HB6A3
Ibis budget Strasbourg Centre République,2025,12,F_B,SANS ALCOOL,433.0,1507.5,324.0,11.0,HB6A3
Mercure Paris Montmartre Sacré-Cœur,2024,1,N_F_B,COSMETIQUE,2.0,1.0,2.0,1.0,H0373
Mercure Paris Montmartre Sacré-Cœur,2024,2,F_B,ALCOOL,46.0,435.0,37.0,8.0,H0373
Mercure Paris Montmartre Sacré-Cœur,2024,2,F_B,FOOD SALEE,45.0,208.0,35.0,11.0,H0373
Mercure Paris Montmartre Sacré-Cœur,2024,2,F_B,FOOD SUCREE,31.0,170.0,28.0,13.0,H0373
Mercure Paris Montmartre Sacré-Cœur,2024,2,F_B,SANS ALCOOL,243.0,1791.5,177.0,8.0,H0373
Mercure Paris Montmartre Sacré-Cœur,2024,2,N_F_B,COSMETIQUE,7.0,290.0,4.0,5.0,H0373
Mercure Paris Montmartre Sacré-Cœur,2024,2,N_F_B,SOS,4.0,88.0,4.0,2.0,H0373
Mercure Paris Montmartre Sacré-Cœur,2024,3,F_B,ALCOOL,71.0,584.0,57.0,9.0,H0373
Mercure Paris Montmartre Sacré-Cœur,2024,3,F_B,FOOD SALEE,31.0,189.0,26.0,7.0,H0373
Mercure Paris Montmartre Sacré-Cœur,2024,3,F_B,FOOD SUCREE,107.0,397.0,85.0,11.0,H0373
Mercure Paris Montmartre Sacré-Cœur,2024,3,F_B,SANS ALCOOL,423.0,2765.0,320.0,8.0,H0373
Mercure Paris Montmartre Sacré-Cœur,2024,3,N_F_B,COSMETIQUE,7.0,160.0,6.0,6.0,H0373
Mercure Paris Montmartre Sacré-Cœur,2024,3,N_F_B,SOS,12.0,418.0,9.0,3.0,H0373
Mercure Paris Montmartre Sacré-Cœur,2024,3,N_F_B,SOUVENIRS,2.0,44.0,2.0,1.0,H0373
Mercure Paris Montmartre Sacré-Cœur,2024,4,F_B,ALCOOL,113.0,1054.0,87.0,9.0,H0373
Mercure Paris Montmartre Sacré-Cœur,2024,4,F_B,FOOD SALEE,55.0,279.0,54.0,11.0,H0373
Mercure Paris Montmartre Sacré-Cœur,2024,4,F_B,FOOD SUCREE,86.0,366.0,59.0,8.0,H0373
Mercure Paris Montmartre Sacré-Cœur,2024,4,F_B,SANS ALCOOL,462.0,3003.0,352.0,11.0,H0373
Mercure Paris Montmartre Sacré-Cœur,2024,4,F_B,SOUVENIRS,6.0,168.0,4.0,1.0,H0373
Mercure Paris Montmartre Sacré-Cœur,2024,4,N_F_B,COSMETIQUE,13.0,341.0,10.0,8.0,H0373
Mercure Paris Montmartre Sacré-Cœur,2024,4,N_F_B,SOS,9.0,236.0,7.0,5.0,H0373
Mercure Paris Montmartre Sacré-Cœur,2024,4,N_F_B,SOUVENIRS,5.0,224.0,4.0,1.0,H0373
Mercure Paris Montmartre Sacré-Cœur,2024,5,F_B,ALCOOL,99.0,1039.0,68.0,4.0,H0373
Mercure Paris Montmartre Sacré-Cœur,2024,5,F_B,FOOD SALEE,68.0,431.0,60.0,10.0,H0373
Mercure Paris Montmartre Sacré-Cœur,2024,5,F_B,FOOD SUCREE,67.0,299.0,45.0,6.0,H0373
Mercure Paris Montmartre Sacré-Cœur,2024,5,F_B,SANS ALCOOL,384.0,2760.0,273.0,9.0,H0373
Mercure Paris Montmartre Sacré-Cœur,2024,5,N_F_B,COSMETIQUE,7.0,163.0,6.0,5.0,H0373
Mercure Paris Montmartre Sacré-Cœur,2024,5,N_F_B,SOS,14.0,124.0,10.0,6.0,H0373
Mercure Paris Montmartre Sacré-Cœur,2024,5,N_F_B,SOUVENIRS,1.0,32.0,1.0,1.0,H0373
Mercure Paris Montmartre Sacré-Cœur,2024,6,F_B,ALCOOL,71.0,674.0,49.0,4.0,H0373
Mercure Paris Montmartre Sacré-Cœur,2024,6,F_B,FOOD SALEE,56.0,296.0,49.0,10.0,H0373
Mercure Paris Montmartre Sacré-Cœur,2024,6,F_B,FOOD SUCREE,107.0,391.0,80.0,4.0,H0373
Mercure Paris Montmartre Sacré-Cœur,2024,6,F_B,SANS ALCOOL,563.0,4324.0,394.0,10.0,H0373
Mercure Paris Montmartre Sacré-Cœur,2024,6,F_B,SOUVENIRS,3.0,45.0,3.0,1.0,H0373
Mercure Paris Montmartre Sacré-Cœur,2024,6,N_F_B,COSMETIQUE,5.0,157.0,3.0,2.0,H0373
Mercure Paris Montmartre Sacré-Cœur,2024,6,N_F_B,SOS,1.0,8.0,1.0,1.0,H0373
Mercure Paris Montmartre Sacré-Cœur,2024,6,N_F_B,SOUVENIRS,1.0,42.0,1.0,1.0,H0373
Mercure Paris Montmartre Sacré-Cœur,2024,7,F_B,ALCOOL,96.0,1221.0,63.0,5.0,H0373
Mercure Paris Montmartre Sacré-Cœur,2024,7,F_B,FOOD SALEE,58.0,340.0,49.0,6.0,H0373
Mercure Paris Montmartre Sacré-Cœur,2024,7,F_B,FOOD SUCREE,128.0,451.0,91.0,6.0,H0373
Mercure Paris Montmartre Sacré-Cœur,2024,7,F_B,SANS ALCOOL,363.0,4635.0,229.0,9.0,H0373
Mercure Paris Montmartre Sacré-Cœur,2024,7,F_B,SOUVENIRS,1.0,15.0,1.0,1.0,H0373
Mercure Paris Montmartre Sacré-Cœur,2024,7,N_F_B,COSMETIQUE,4.0,108.0,2.0,4.0,H0373
Mercure Paris Montmartre Sacré-Cœur,2024,7,N_F_B,SOS,3.0,34.0,3.0,2.0,H0373
Mercure Paris Montmartre Sacré-Cœur,2024,7,N_F_B,SOUVENIRS,1.0,22.0,1.0,1.0,H0373
Mercure Paris Montmartre Sacré-Cœur,2024,8,F_B,ALCOOL,98.0,1321.0,67.0,4.0,H0373
Mercure Paris Montmartre Sacré-Cœur,2024,8,F_B,FOOD SALEE,53.0,293.0,46.0,3.0,H0373
Mercure Paris Montmartre Sacré-Cœur,2024,8,F_B,FOOD SUCREE,122.0,568.0,72.0,6.0,H0373
Mercure Paris Montmartre Sacré-Cœur,2024,8,F_B,SANS ALCOOL,342.0,3000.0,213.0,9.0,H0373
Mercure Paris Montmartre Sacré-Cœur,2024,8,N_F_B,SOS,5.0,61.0,4.0,2.0,H0373
Mercure Paris Montmartre Sacré-Cœur,2024,8,N_F_B,SOUVENIRS,1.0,42.0,1.0,1.0,H0373
Mercure Paris Montmartre Sacré-Cœur,2024,9,F_B,ALCOOL,185.0,2750.0,135.0,4.0,H0373
Mercure Paris Montmartre Sacré-Cœur,2024,9,F_B,FOOD SALEE,96.0,564.0,83.0,3.0,H0373
Mercure Paris Montmartre Sacré-Cœur,2024,9,F_B,FOOD SUCREE,107.0,494.0,75.0,7.0,H0373
Mercure Paris Montmartre Sacré-Cœur,2024,9,F_B,SANS ALCOOL,512.0,4130.0,333.0,9.0,H0373
Mercure Paris Montmartre Sacré-Cœur,2024,9,N_F_B,SOS,2.0,12.0,2.0,2.0,H0373
Mercure Paris Montmartre Sacré-Cœur,2024,9,N_F_B,SOUVENIRS,1.0,42.0,1.0,1.0,H0373
Mercure Paris Montmartre Sacré-Cœur,2024,10,F_B,ALCOOL,182.0,2857.0,123.0,4.0,H0373
Mercure Paris Montmartre Sacré-Cœur,2024,10,F_B,FOOD SALEE,116.0,742.0,96.0,3.0,H0373
Mercure Paris Montmartre Sacré-Cœur,2024,10,F_B,FOOD SUCREE,98.0,499.0,69.0,4.0,H0373
Mercure Paris Montmartre Sacré-Cœur,2024,10,F_B,SANS ALCOOL,650.0,5110.0,400.0,9.0,H0373
Mercure Paris Montmartre Sacré-Cœur,2024,10,N_F_B,SOS,7.0,91.0,5.0,3.0,H0373
Mercure Paris Montmartre Sacré-Cœur,2024,10,N_F_B,SOUVENIRS,5.0,219.0,2.0,4.0,H0373
Mercure Paris Montmartre Sacré-Cœur,2024,11,F_B,ALCOOL,96.0,1458.0,66.0,5.0,H0373
Mercure Paris Montmartre Sacré-Cœur,2024,11,F_B,FOOD SALEE,77.0,539.0,57.0,4.0,H0373
Mercure Paris Montmartre Sacré-Cœur,2024,11,F_B,FOOD SUCREE,94.0,386.0,65.0,4.0,H0373
Mercure Paris Montmartre Sacré-Cœur,2024,11,F_B,SANS ALCOOL,437.0,3275.0,277.0,9.0,H0373
Mercure Paris Montmartre Sacré-Cœur,2024,11,F_B,SOUVENIRS,1.0,15.0,1.0,1.0,H0373
Mercure Paris Montmartre Sacré-Cœur,2024,11,N_F_B,COSMETIQUE,2.0,25.0,2.0,2.0,H0373
Mercure Paris Montmartre Sacré-Cœur,2024,11,N_F_B,SOS,1.0,8.0,1.0,1.0,H0373
Mercure Paris Montmartre Sacré-Cœur,2024,12,F_B,ALCOOL,113.0,2039.0,76.0,4.0,H0373
Mercure Paris Montmartre Sacré-Cœur,2024,12,F_B,FOOD SALEE,58.0,338.0,47.0,4.0,H0373
Mercure Paris Montmartre Sacré-Cœur,2024,12,F_B,FOOD SUCREE,98.0,432.0,60.0,4.0,H0373
Mercure Paris Montmartre Sacré-Cœur,2024,12,F_B,SANS ALCOOL,344.0,2620.0,240.0,9.0,H0373
Mercure Paris Montmartre Sacré-Cœur,2024,12,N_F_B,COSMETIQUE,5.0,80.0,4.0,3.0,H0373
Mercure Paris Montmartre Sacré-Cœur,2025,1,F_B,ALCOOL,81.0,1514.0,63.0,4.0,H0373
Mercure Paris Montmartre Sacré-Cœur,2025,1,F_B,FOOD SALEE,54.0,274.0,46.0,4.0,H0373
Mercure Paris Montmartre Sacré-Cœur,2025,1,F_B,FOOD SUCREE,131.0,621.0,71.0,4.0,H0373
Mercure Paris Montmartre Sacré-Cœur,2025,1,F_B,SANS ALCOOL,320.0,2630.0,220.0,9.0,H0373
Mercure Paris Montmartre Sacré-Cœur,2025,1,F_B,SOUVENIRS,2.0,29.0,2.0,2.0,H0373
Mercure Paris Montmartre Sacré-Cœur,2025,1,N_F_B,COSMETIQUE,6.0,72.0,6.0,1.0,H0373
Mercure Paris Montmartre Sacré-Cœur,2025,1,N_F_B,SOS,3.0,38.0,3.0,2.0,H0373
Mercure Paris Montmartre Sacré-Cœur,2025,2,F_B,ALCOOL,75.0,1803.0,50.0,4.0,H0373
Mercure Paris Montmartre Sacré-Cœur,2025,2,F_B,FOOD SALEE,67.0,347.0,52.0,4.0,H0373
Mercure Paris Montmartre Sacré-Cœur,2025,2,F_B,FOOD SUCREE,83.0,271.0,65.0,4.0,H0373
Mercure Paris Montmartre Sacré-Cœur,2025,2,F_B,SANS ALCOOL,272.0,1790.0,213.0,9.0,H0373
Mercure Paris Montmartre Sacré-Cœur,2025,2,F_B,SOUVENIRS,2.0,29.0,2.0,2.0,H0373
Mercure Paris Montmartre Sacré-Cœur,2025,2,N_F_B,COSMETIQUE,5.0,60.0,5.0,1.0,H0373
Mercure Paris Montmartre Sacré-Cœur,2025,2,N_F_B,SOS,4.0,53.0,4.0,2.0,H0373
Mercure Paris Montmartre Sacré-Cœur,2025,2,N_F_B,SOUVENIRS,5.0,378.0,3.0,2.0,H0373
Mercure Paris Montmartre Sacré-Cœur,2025,3,F_B,ALCOOL,88.0,1601.0,67.0,5.0,H0373
Mercure Paris Montmartre Sacré-Cœur,2025,3,F_B,FOOD SALEE,64.0,338.0,52.0,3.0,H0373
Mercure Paris Montmartre Sacré-Cœur,2025,3,F_B,FOOD SUCREE,99.0,367.0,69.0,4.0,H0373
Mercure Paris Montmartre Sacré-Cœur,2025,3,F_B,SANS ALCOOL,309.0,2255.0,224.0,9.0,H0373
Mercure Paris Montmartre Sacré-Cœur,2025,3,F_B,SOUVENIRS,1.0,14.0,1.0,1.0,H0373
Mercure Paris Montmartre Sacré-Cœur,2025,3,N_F_B,COSMETIQUE,5.0,78.0,5.0,2.0,H0373
Mercure Paris Montmartre Sacré-Cœur,2025,3,N_F_B,SOS,3.0,16.0,3.0,2.0,H0373
Mercure Paris Montmartre Sacré-Cœur,2025,4,F_B,ALCOOL,108.0,1841.0,73.0,5.0,H0373
Mercure Paris Montmartre Sacré-Cœur,2025,4,F_B,FOOD SALEE,39.0,169.0,38.0,3.0,H0373
Mercure Paris Montmartre Sacré-Cœur,2025,4,F_B,FOOD SUCREE,100.0,397.0,68.0,3.0,H0373
Mercure Paris Montmartre Sacré-Cœur,2025,4,F_B,SANS ALCOOL,256.0,1980.0,184.0,9.0,H0373
Mercure Paris Montmartre Sacré-Cœur,2025,4,N_F_B,COSMETIQUE,5.0,63.0,5.0,3.0,H0373
Mercure Paris Montmartre Sacré-Cœur,2025,5,F_B,ALCOOL,55.0,1016.0,43.0,5.0,H0373
Mercure Paris Montmartre Sacré-Cœur,2025,5,F_B,FOOD SALEE,27.0,117.0,25.0,3.0,H0373
Mercure Paris Montmartre Sacré-Cœur,2025,5,F_B,FOOD SUCREE,81.0,238.0,62.0,4.0,H0373
Mercure Paris Montmartre Sacré-Cœur,2025,5,F_B,SANS ALCOOL,186.0,1680.0,125.0,9.0,H0373
Mercure Paris Montmartre Sacré-Cœur,2025,5,N_F_B,COSMETIQUE,3.0,36.0,3.0,1.0,H0373
Mercure Paris Montmartre Sacré-Cœur,2025,6,F_B,ALCOOL,37.0,741.0,30.0,7.0,H0373
Mercure Paris Montmartre Sacré-Cœur,2025,6,F_B,FOOD SALEE,40.0,190.0,34.0,3.0,H0373
Mercure Paris Montmartre Sacré-Cœur,2025,6,F_B,FOOD SUCREE,116.0,395.0,92.0,4.0,H0373
Mercure Paris Montmartre Sacré-Cœur,2025,6,F_B,SANS ALCOOL,262.0,1920.0,196.0,9.0,H0373
Mercure Paris Montmartre Sacré-Cœur,2025,6,N_F_B,COSMETIQUE,7.0,109.0,5.0,2.0,H0373
Mercure Paris Montmartre Sacré-Cœur,2025,6,N_F_B,SOS,4.0,90.0,3.0,1.0,H0373
Mercure Paris Montmartre Sacré-Cœur,2025,7,F_B,ALCOOL,31.0,513.0,27.0,6.0,H0373
Mercure Paris Montmartre Sacré-Cœur,2025,7,F_B,FOOD SALEE,37.0,273.0,29.0,3.0,H0373
Mercure Paris Montmartre Sacré-Cœur,2025,7,F_B,FOOD SUCREE,64.0,270.0,46.0,4.0,H0373
Mercure Paris Montmartre Sacré-Cœur,2025,7,F_B,SANS ALCOOL,149.0,995.0,115.0,10.0,H0373
Mercure Paris Montmartre Sacré-Cœur,2025,7,N_F_B,COSMETIQUE,2.0,42.0,2.0,2.0,H0373
Mercure Paris Montmartre Sacré-Cœur,2025,7,N_F_B,SOS,1.0,15.0,1.0,1.0,H0373
Mercure Paris Montmartre Sacré-Cœur,2025,7,N_F_B,SOUVENIRS,2.0,44.0,2.0,1.0,H0373
Mercure Paris Montmartre Sacré-Cœur,2025,8,F_B,ALCOOL,33.0,542.0,25.0,7.0,H0373
Mercure Paris Montmartre Sacré-Cœur,2025,8,F_B,FOOD SALEE,27.0,135.0,24.0,3.0,H0373
Mercure Paris Montmartre Sacré-Cœur,2025,8,F_B,FOOD SUCREE,53.0,185.0,38.0,4.0,H0373
Mercure Paris Montmartre Sacré-Cœur,2025,8,F_B,SANS ALCOOL,98.0,858.0,66.0,5.0,H0373
Mercure Paris Montmartre Sacré-Cœur,2025,8,N_F_B,COSMETIQUE,1.0,12.0,1.0,1.0,H0373
Mercure Paris Montmartre Sacré-Cœur,2025,8,N_F_B,SOS,1.0,15.0,1.0,1.0,H0373
Mercure Paris Montmartre Sacré-Cœur,2025,8,N_F_B,SOUVENIRS,1.0,42.0,1.0,1.0,H0373
Mercure Paris Montmartre Sacré-Cœur,2025,9,F_B,ALCOOL,69.0,1411.0,49.0,5.0,H0373
Mercure Paris Montmartre Sacré-Cœur,2025,9,F_B,FOOD SALEE,52.0,234.0,48.0,3.0,H0373
Mercure Paris Montmartre Sacré-Cœur,2025,9,F_B,FOOD SUCREE,129.0,496.0,85.0,4.0,H0373
Mercure Paris Montmartre Sacré-Cœur,2025,9,F_B,SANS ALCOOL,247.0,1781.0,189.0,5.0,H0373
Mercure Paris Montmartre Sacré-Cœur,2025,9,N_F_B,COSMETIQUE,1.0,30.0,1.0,1.0,H0373
Mercure Paris Montmartre Sacré-Cœur,2025,9,N_F_B,SOS,2.0,30.0,2.0,1.0,H0373
Mercure Paris Montmartre Sacré-Cœur,2025,9,N_F_B,SOUVENIRS,1.0,42.0,1.0,1.0,H0373
Mercure Paris Montmartre Sacré-Cœur,2025,10,F_B,ALCOOL,102.0,1444.0,76.0,5.0,H0373
Mercure Paris Montmartre Sacré-Cœur,2025,10,F_B,FOOD SALEE,40.0,214.0,36.0,3.0,H0373
Mercure Paris Montmartre Sacré-Cœur,2025,10,F_B,FOOD SUCREE,97.0,331.0,73.0,4.0,H0373
Mercure Paris Montmartre Sacré-Cœur,2025,10,F_B,SANS ALCOOL,344.0,2520.0,250.0,4.0,H0373
Mercure Paris Montmartre Sacré-Cœur,2025,10,N_F_B,COSMETIQUE,5.0,70.7,4.0,4.0,H0373
Mercure Paris Montmartre Sacré-Cœur,2025,10,N_F_B,SOS,2.0,27.8,2.0,1.0,H0373
Mercure Paris Montmartre Sacré-Cœur,2025,11,F_B,ALCOOL,65.0,1192.0,54.0,5.0,H0373
Mercure Paris Montmartre Sacré-Cœur,2025,11,F_B,FOOD SALEE,38.0,202.0,31.0,4.0,H0373
Mercure Paris Montmartre Sacré-Cœur,2025,11,F_B,FOOD SUCREE,105.0,384.0,71.0,4.0,H0373
Mercure Paris Montmartre Sacré-Cœur,2025,11,F_B,SANS ALCOOL,188.0,1430.0,142.0,4.0,H0373
Mercure Paris Montmartre Sacré-Cœur,2025,11,N_F_B,COSMETIQUE,5.0,55.7,5.0,3.0,H0373
Mercure Paris Montmartre Sacré-Cœur,2025,11,N_F_B,SOS,4.0,57.8,4.0,3.0,H0373
Mercure Paris Montmartre Sacré-Cœur,2025,12,F_B,ALCOOL,57.0,1072.0,44.0,5.0,H0373
Mercure Paris Montmartre Sacré-Cœur,2025,12,F_B,FOOD SALEE,55.0,277.0,45.0,3.0,H0373
Mercure Paris Montmartre Sacré-Cœur,2025,12,F_B,FOOD SUCREE,69.0,377.0,46.0,2.0,H0373
Mercure Paris Montmartre Sacré-Cœur,2025,12,F_B,SANS ALCOOL,235.0,1705.0,175.0,4.0,H0373
Mercure Paris Montmartre Sacré-Cœur,2025,12,N_F_B,COSMETIQUE,13.0,148.4,13.0,4.0,H0373
Mercure Paris Montmartre Sacré-Cœur,2025,12,N_F_B,SOS,6.0,62.9,5.0,4.0,H0373
Mercure Paris Montmartre Sacré-Cœur,2025,12,N_F_B,SOUVENIRS,1.0,22.0,1.0,1.0,H0373
Novotel Megève Mont-Blanc,2024,3,F_B,FOOD SALEE,15.0,92.0,4.0,6.0,HB5I0
Novotel Megève Mont-Blanc,2024,3,F_B,FOOD SUCREE,10.0,68.0,9.0,7.0,HB5I0
Novotel Megève Mont-Blanc,2024,3,N_F_B,ACCESSOIRES,3.0,59.0,3.0,2.0,HB5I0
Novotel Megève Mont-Blanc,2024,3,N_F_B,COSMETIQUE,9.0,118.0,7.0,5.0,HB5I0
Novotel Megève Mont-Blanc,2024,3,N_F_B,JEUX / ENFANTS,13.0,226.0,14.0,13.0,HB5I0
Novotel Megève Mont-Blanc,2024,3,N_F_B,PAP,3.0,105.0,3.0,3.0,HB5I0
Novotel Megève Mont-Blanc,2024,3,N_F_B,SOUVENIRS,1.0,18.0,1.0,0.0,HB5I0
Novotel Megève Mont-Blanc,2024,4,F_B,FOOD SALEE,7.0,39.0,6.0,4.0,HB5I0
Novotel Megève Mont-Blanc,2024,4,F_B,FOOD SUCREE,23.0,167.5,12.0,11.0,HB5I0
Novotel Megève Mont-Blanc,2024,4,F_B,SANS ALCOOL,8.0,18.5,7.0,2.0,HB5I0
Novotel Megève Mont-Blanc,2024,4,N_F_B,ACCESSOIRES,5.0,73.0,5.0,3.0,HB5I0
Novotel Megève Mont-Blanc,2024,4,N_F_B,COSMETIQUE,14.0,248.5,10.0,8.0,HB5I0
Novotel Megève Mont-Blanc,2024,4,N_F_B,JEUX / ENFANTS,11.0,133.0,7.0,10.0,HB5I0
Novotel Megève Mont-Blanc,2024,4,N_F_B,SOS,4.0,90.0,4.0,0.0,HB5I0
Novotel Megève Mont-Blanc,2024,4,N_F_B,SOUVENIRS,8.0,130.0,4.0,5.0,HB5I0
Novotel Megève Mont-Blanc,2024,5,F_B,ALCOOL,6.0,60.0,4.0,3.0,HB5I0
Novotel Megève Mont-Blanc,2024,5,F_B,FOOD SALEE,4.0,27.0,4.0,4.0,HB5I0
Novotel Megève Mont-Blanc,2024,5,F_B,FOOD SUCREE,22.0,152.5,15.0,10.0,HB5I0
Novotel Megève Mont-Blanc,2024,5,F_B,SANS ALCOOL,34.0,88.0,22.0,8.0,HB5I0
Novotel Megève Mont-Blanc,2024,5,F_B,SOUVENIRS,2.0,14.0,1.0,2.0,HB5I0
Novotel Megève Mont-Blanc,2024,5,N_F_B,ACCESSOIRES,9.0,365.0,8.0,4.0,HB5I0
Novotel Megève Mont-Blanc,2024,5,N_F_B,COSMETIQUE,17.0,380.9,13.0,8.0,HB5I0
Novotel Megève Mont-Blanc,2024,5,N_F_B,JEUX / ENFANTS,6.0,89.0,5.0,6.0,HB5I0
Novotel Megève Mont-Blanc,2024,5,N_F_B,PAP,2.0,60.0,1.0,2.0,HB5I0
Novotel Megève Mont-Blanc,2024,5,N_F_B,SOS,6.0,112.0,4.0,4.0,HB5I0
Novotel Megève Mont-Blanc,2024,5,N_F_B,SOUVENIRS,2.0,32.0,1.0,2.0,HB5I0
Novotel Megève Mont-Blanc,2024,6,F_B,ALCOOL,12.0,112.0,7.0,3.0,HB5I0
Novotel Megève Mont-Blanc,2024,6,F_B,FOOD SALEE,12.0,66.0,7.0,4.0,HB5I0
Novotel Megève Mont-Blanc,2024,6,F_B,FOOD SUCREE,17.0,116.5,11.0,9.0,HB5I0
Novotel Megève Mont-Blanc,2024,6,F_B,SANS ALCOOL,32.0,82.5,24.0,8.0,HB5I0
Novotel Megève Mont-Blanc,2024,6,F_B,SOUVENIRS,1.0,7.0,1.0,1.0,HB5I0
Novotel Megève Mont-Blanc,2024,6,N_F_B,ACCESSOIRES,6.0,75.0,6.0,2.0,HB5I0
Novotel Megève Mont-Blanc,2024,6,N_F_B,COSMETIQUE,8.0,165.8,8.0,4.0,HB5I0
Novotel Megève Mont-Blanc,2024,6,N_F_B,JEUX / ENFANTS,14.0,187.0,8.0,7.0,HB5I0
Novotel Megève Mont-Blanc,2024,6,N_F_B,PAP,1.0,45.0,1.0,1.0,HB5I0
Novotel Megève Mont-Blanc,2024,6,N_F_B,SOS,6.0,117.0,6.0,2.0,HB5I0
Novotel Megève Mont-Blanc,2024,7,F_B,ALCOOL,5.0,44.0,3.0,3.0,HB5I0
Novotel Megève Mont-Blanc,2024,7,F_B,FOOD SALEE,12.0,64.0,9.0,3.0,HB5I0
Novotel Megève Mont-Blanc,2024,7,F_B,FOOD SUCREE,23.0,154.0,17.0,10.0,HB5I0
Novotel Megève Mont-Blanc,2024,7,F_B,SANS ALCOOL,58.0,152.5,39.0,8.0,HB5I0
Novotel Megève Mont-Blanc,2024,7,F_B,SOUVENIRS,1.0,6.0,1.0,1.0,HB5I0
Novotel Megève Mont-Blanc,2024,7,N_F_B,ACCESSOIRES,7.0,197.0,6.0,4.0,HB5I0
Novotel Megève Mont-Blanc,2024,7,N_F_B,COSMETIQUE,13.0,154.9,11.0,8.0,HB5I0
Novotel Megève Mont-Blanc,2024,7,N_F_B,JEUX / ENFANTS,6.0,105.0,6.0,4.0,HB5I0
Novotel Megève Mont-Blanc,2024,7,N_F_B,PAP,5.0,99.0,4.0,4.0,HB5I0
Novotel Megève Mont-Blanc,2024,7,N_F_B,SOS,11.0,213.0,11.0,3.0,HB5I0
Novotel Megève Mont-Blanc,2024,7,N_F_B,SOUVENIRS,7.0,112.0,3.0,5.0,HB5I0
Novotel Megève Mont-Blanc,2024,8,F_B,ALCOOL,4.0,32.0,3.0,2.0,HB5I0
Novotel Megève Mont-Blanc,2024,8,F_B,FOOD SALEE,18.0,119.7,16.0,6.0,HB5I0
Novotel Megève Mont-Blanc,2024,8,F_B,FOOD SUCREE,39.0,252.1,31.0,14.0,HB5I0
Novotel Megève Mont-Blanc,2024,8,F_B,SANS ALCOOL,63.0,168.5,40.0,11.0,HB5I0
Novotel Megève Mont-Blanc,2024,8,F_B,SOUVENIRS,3.0,36.7,3.0,2.0,HB5I0
Novotel Megève Mont-Blanc,2024,8,N_F_B,ACCESSOIRES,12.0,323.0,9.0,7.0,HB5I0
Novotel Megève Mont-Blanc,2024,8,N_F_B,COSMETIQUE,9.0,118.4,9.0,6.0,HB5I0
Novotel Megève Mont-Blanc,2024,8,N_F_B,JEUX / ENFANTS,19.0,241.0,15.0,11.0,HB5I0
Novotel Megève Mont-Blanc,2024,8,N_F_B,PAP,10.0,277.0,9.0,8.0,HB5I0
Novotel Megève Mont-Blanc,2024,8,N_F_B,SOS,7.0,136.0,7.0,3.0,HB5I0
Novotel Megève Mont-Blanc,2024,8,N_F_B,SOUVENIRS,4.0,66.0,2.0,1.0,HB5I0
Novotel Megève Mont-Blanc,2024,9,F_B,ALCOOL,5.0,52.0,4.0,2.0,HB5I0
Novotel Megève Mont-Blanc,2024,9,F_B,FOOD SALEE,1.0,8.5,1.0,1.0,HB5I0
Novotel Megève Mont-Blanc,2024,9,F_B,FOOD SUCREE,19.0,118.3,14.0,9.0,HB5I0
Novotel Megève Mont-Blanc,2024,9,F_B,SANS ALCOOL,28.0,73.0,24.0,10.0,HB5I0
Novotel Megève Mont-Blanc,2024,9,F_B,SOUVENIRS,2.0,33.0,2.0,0.0,HB5I0
Novotel Megève Mont-Blanc,2024,9,N_F_B,ACCESSOIRES,11.0,718.0,10.0,7.0,HB5I0
Novotel Megève Mont-Blanc,2024,9,N_F_B,COSMETIQUE,16.0,187.6,10.0,4.0,HB5I0
Novotel Megève Mont-Blanc,2024,9,N_F_B,JEUX / ENFANTS,5.0,80.0,5.0,2.0,HB5I0
Novotel Megève Mont-Blanc,2024,9,N_F_B,PAP,6.0,122.0,4.0,6.0,HB5I0
Novotel Megève Mont-Blanc,2024,9,N_F_B,SOS,4.0,81.0,4.0,2.0,HB5I0
Novotel Megève Mont-Blanc,2024,9,N_F_B,SOUVENIRS,5.0,82.0,3.0,4.0,HB5I0
Novotel Megève Mont-Blanc,2024,10,F_B,ALCOOL,17.0,140.0,11.0,4.0,HB5I0
Novotel Megève Mont-Blanc,2024,10,F_B,FOOD SALEE,5.0,40.5,4.0,4.0,HB5I0
Novotel Megève Mont-Blanc,2024,10,F_B,FOOD SUCREE,12.0,90.3,9.0,7.0,HB5I0
Novotel Megève Mont-Blanc,2024,10,F_B,SANS ALCOOL,18.0,50.0,12.0,10.0,HB5I0
Novotel Megève Mont-Blanc,2024,10,N_F_B,ACCESSOIRES,6.0,240.0,5.0,4.0,HB5I0
Novotel Megève Mont-Blanc,2024,10,N_F_B,COSMETIQUE,4.0,43.9,4.0,3.0,HB5I0
Novotel Megève Mont-Blanc,2024,10,N_F_B,JEUX / ENFANTS,2.0,14.0,2.0,2.0,HB5I0
Novotel Megève Mont-Blanc,2024,10,N_F_B,PAP,2.0,50.0,2.0,2.0,HB5I0
Novotel Megève Mont-Blanc,2024,10,N_F_B,SOS,2.0,37.0,2.0,2.0,HB5I0
Novotel Megève Mont-Blanc,2024,10,N_F_B,SOUVENIRS,5.0,84.0,3.0,3.0,HB5I0
Novotel Megève Mont-Blanc,2024,11,F_B,ALCOOL,2.0,16.0,2.0,2.0,HB5I0
Novotel Megève Mont-Blanc,2024,11,F_B,FOOD SALEE,3.0,24.3,3.0,2.0,HB5I0
Novotel Megève Mont-Blanc,2024,11,F_B,FOOD SUCREE,26.0,162.6,14.0,11.0,HB5I0
Novotel Megève Mont-Blanc,2024,11,F_B,SANS ALCOOL,12.0,31.5,8.0,6.0,HB5I0
Novotel Megève Mont-Blanc,2024,11,N_F_B,ACCESSOIRES,12.0,693.0,12.0,6.0,HB5I0
Novotel Megève Mont-Blanc,2024,11,N_F_B,COSMETIQUE,8.0,205.4,7.0,5.0,HB5I0
Novotel Megève Mont-Blanc,2024,11,N_F_B,JEUX / ENFANTS,2.0,24.0,2.0,2.0,HB5I0
Novotel Megève Mont-Blanc,2024,11,N_F_B,PAP,2.0,65.0,2.0,2.0,HB5I0
Novotel Megève Mont-Blanc,2024,11,N_F_B,SOS,4.0,64.0,4.0,1.0,HB5I0
Novotel Megève Mont-Blanc,2024,11,N_F_B,SOUVENIRS,1.0,16.0,1.0,1.0,HB5I0
Novotel Megève Mont-Blanc,2024,12,F_B,ALCOOL,1.0,8.0,1.0,1.0,HB5I0
Novotel Megève Mont-Blanc,2024,12,F_B,FOOD SALEE,8.0,64.0,8.0,5.0,HB5I0
Novotel Megève Mont-Blanc,2024,12,F_B,FOOD SUCREE,95.0,433.8,50.0,22.0,HB5I0
Novotel Megève Mont-Blanc,2024,12,F_B,SANS ALCOOL,48.0,125.0,43.0,9.0,HB5I0
Novotel Megève Mont-Blanc,2024,12,F_B,SOUVENIRS,2.0,33.0,1.0,0.0,HB5I0
Novotel Megève Mont-Blanc,2024,12,N_F_B,#REF!,4.0,60.0,4.0,0.0,HB5I0
Novotel Megève Mont-Blanc,2024,12,N_F_B,ACCESSOIRES,10.0,329.0,10.0,4.0,HB5I0
Novotel Megève Mont-Blanc,2024,12,N_F_B,COSMETIQUE,5.0,71.9,5.0,2.0,HB5I0
Novotel Megève Mont-Blanc,2024,12,N_F_B,JEUX / ENFANTS,22.0,232.3,15.0,14.0,HB5I0
Novotel Megève Mont-Blanc,2024,12,N_F_B,PAP,14.0,310.0,10.0,3.0,HB5I0
Novotel Megève Mont-Blanc,2024,12,N_F_B,SOS,2.0,59.0,2.0,2.0,HB5I0
Novotel Megève Mont-Blanc,2024,12,N_F_B,SOUVENIRS,6.0,98.0,5.0,3.0,HB5I0
Novotel Megève Mont-Blanc,2025,1,F_B,ALCOOL,2.0,16.0,1.0,2.0,HB5I0
Novotel Megève Mont-Blanc,2025,1,F_B,FOOD SALEE,10.0,78.0,6.0,5.0,HB5I0
Novotel Megève Mont-Blanc,2025,1,F_B,FOOD SUCREE,86.0,544.9,41.0,23.0,HB5I0
Novotel Megève Mont-Blanc,2025,1,F_B,SANS ALCOOL,42.0,108.0,27.0,7.0,HB5I0
Novotel Megève Mont-Blanc,2025,1,F_B,SOUVENIRS,1.0,16.5,1.0,0.0,HB5I0
Novotel Megève Mont-Blanc,2025,1,N_F_B,#REF!,8.0,120.0,6.0,0.0,HB5I0
Novotel Megève Mont-Blanc,2025,1,N_F_B,ACCESSOIRES,10.0,183.0,8.0,1.0,HB5I0
Novotel Megève Mont-Blanc,2025,1,N_F_B,JEUX / ENFANTS,23.0,248.05,12.0,17.0,HB5I0
Novotel Megève Mont-Blanc,2025,1,N_F_B,PAP,32.0,591.0,22.0,2.0,HB5I0
Novotel Megève Mont-Blanc,2025,1,N_F_B,SOS,7.0,112.0,6.0,1.0,HB5I0
Novotel Megève Mont-Blanc,2025,1,N_F_B,SOUVENIRS,3.0,1.5,2.0,1.0,HB5I0
Novotel Megève Mont-Blanc,2025,2,F_B,ALCOOL,5.0,40.0,2.0,2.0,HB5I0
Novotel Megève Mont-Blanc,2025,2,F_B,FOOD SALEE,18.0,79.7,10.0,7.0,HB5I0
Novotel Megève Mont-Blanc,2025,2,F_B,FOOD SUCREE,102.0,385.8,65.0,23.0,HB5I0
Novotel Megève Mont-Blanc,2025,2,F_B,SANS ALCOOL,80.0,204.0,45.0,10.0,HB5I0
Novotel Megève Mont-Blanc,2025,2,N_F_B,#REF!,3.0,33.0,3.0,1.0,HB5I0
Novotel Megève Mont-Blanc,2025,2,N_F_B,ACCESSOIRES,19.0,372.0,16.0,4.0,HB5I0
Novotel Megève Mont-Blanc,2025,2,N_F_B,COSMETIQUE,6.0,51.9,6.0,3.0,HB5I0
Novotel Megève Mont-Blanc,2025,2,N_F_B,JEUX / ENFANTS,35.0,349.25,25.0,19.0,HB5I0
Novotel Megève Mont-Blanc,2025,2,N_F_B,PAP,11.0,340.0,11.0,1.0,HB5I0
Novotel Megève Mont-Blanc,2025,2,N_F_B,SOS,42.0,545.5,27.0,4.0,HB5I0
Novotel Megève Mont-Blanc,2025,2,N_F_B,SOUVENIRS,15.0,7.5,6.0,1.0,HB5I0
Novotel Megève Mont-Blanc,2025,3,F_B,FOOD SALEE,18.0,60.0,11.0,5.0,HB5I0
Novotel Megève Mont-Blanc,2025,3,F_B,FOOD SUCREE,67.0,221.5,42.0,16.0,HB5I0
Novotel Megève Mont-Blanc,2025,3,F_B,SANS ALCOOL,36.0,94.5,22.0,8.0,HB5I0
Novotel Megève Mont-Blanc,2025,3,N_F_B,#REF!,6.0,60.0,5.0,1.0,HB5I0
Novotel Megève Mont-Blanc,2025,3,N_F_B,ACCESSOIRES,7.0,154.0,6.0,2.0,HB5I0
Novotel Megève Mont-Blanc,2025,3,N_F_B,COSMETIQUE,2.0,19.0,2.0,2.0,HB5I0
Novotel Megève Mont-Blanc,2025,3,N_F_B,JEUX / ENFANTS,32.0,293.75,23.0,13.0,HB5I0
Novotel Megève Mont-Blanc,2025,3,N_F_B,PAP,12.0,375.0,10.0,3.0,HB5I0
Novotel Megève Mont-Blanc,2025,3,N_F_B,SOS,11.0,89.0,10.0,4.0,HB5I0
Novotel Megève Mont-Blanc,2025,3,N_F_B,SOUVENIRS,10.0,5.0,5.0,1.0,HB5I0
Novotel Megève Mont-Blanc,2025,4,F_B,FOOD SALEE,6.0,24.0,5.0,3.0,HB5I0
Novotel Megève Mont-Blanc,2025,4,F_B,FOOD SUCREE,31.0,122.5,18.0,13.0,HB5I0
Novotel Megève Mont-Blanc,2025,4,F_B,SANS ALCOOL,17.0,43.5,12.0,3.0,HB5I0
Novotel Megève Mont-Blanc,2025,4,N_F_B,#REF!,3.0,33.0,3.0,2.0,HB5I0
Novotel Megève Mont-Blanc,2025,4,N_F_B,ACCESSOIRES,9.0,229.0,7.0,3.0,HB5I0
Novotel Megève Mont-Blanc,2025,4,N_F_B,COSMETIQUE,4.0,31.0,3.0,3.0,HB5I0
Novotel Megève Mont-Blanc,2025,4,N_F_B,JEUX / ENFANTS,13.0,117.15,11.0,8.0,HB5I0
Novotel Megève Mont-Blanc,2025,4,N_F_B,PAP,4.0,105.0,3.0,1.0,HB5I0
Novotel Megève Mont-Blanc,2025,4,N_F_B,SOS,4.0,33.0,3.0,3.0,HB5I0
Novotel Megève Mont-Blanc,2025,5,F_B,FOOD SALEE,11.0,48.0,7.0,5.0,HB5I0
Novotel Megève Mont-Blanc,2025,5,F_B,FOOD SUCREE,15.0,57.9,10.0,10.0,HB5I0
Novotel Megève Mont-Blanc,2025,5,F_B,SANS ALCOOL,10.0,26.0,10.0,3.0,HB5I0
Novotel Megève Mont-Blanc,2025,5,N_F_B,#REF!,4.0,60.0,4.0,1.0,HB5I0
Novotel Megève Mont-Blanc,2025,5,N_F_B,ACCESSOIRES,4.0,50.0,3.0,2.0,HB5I0
Novotel Megève Mont-Blanc,2025,5,N_F_B,COSMETIQUE,3.0,95.9,3.0,2.0,HB5I0
Novotel Megève Mont-Blanc,2025,5,N_F_B,JEUX / ENFANTS,10.0,109.4,8.0,7.0,HB5I0
Novotel Megève Mont-Blanc,2025,5,N_F_B,PAP,5.0,145.0,4.0,0.0,HB5I0
Novotel Megève Mont-Blanc,2025,5,N_F_B,SOS,1.0,4.0,1.0,1.0,HB5I0
Novotel Megève Mont-Blanc,2025,6,F_B,FOOD SALEE,16.0,48.0,10.0,4.0,HB5I0
Novotel Megève Mont-Blanc,2025,6,F_B,FOOD SUCREE,45.0,196.0,22.0,14.0,HB5I0
Novotel Megève Mont-Blanc,2025,6,F_B,SANS ALCOOL,15.0,37.5,9.0,3.0,HB5I0
Novotel Megève Mont-Blanc,2025,6,N_F_B,#REF!,15.0,196.5,13.0,7.0,HB5I0
Novotel Megève Mont-Blanc,2025,6,N_F_B,ACCESSOIRES,9.0,346.0,8.0,7.0,HB5I0
Novotel Megève Mont-Blanc,2025,6,N_F_B,COSMETIQUE,7.0,104.0,5.0,5.0,HB5I0
Novotel Megève Mont-Blanc,2025,6,N_F_B,JEUX / ENFANTS,15.0,131.05,12.0,8.0,HB5I0
Novotel Megève Mont-Blanc,2025,6,N_F_B,PAP,2.0,55.0,2.0,0.0,HB5I0
Novotel Megève Mont-Blanc,2025,6,N_F_B,SOS,7.0,63.0,6.0,2.0,HB5I0
Novotel Megève Mont-Blanc,2025,6,N_F_B,SOUVENIRS,13.0,6.5,3.0,1.0,HB5I0
Novotel Megève Mont-Blanc,2025,7,F_B,ALCOOL,1.0,8.0,1.0,1.0,HB5I0
Novotel Megève Mont-Blanc,2025,7,F_B,FOOD SALEE,46.0,128.5,28.0,5.0,HB5I0
Novotel Megève Mont-Blanc,2025,7,F_B,FOOD SUCREE,95.0,359.0,59.0,17.0,HB5I0
Novotel Megève Mont-Blanc,2025,7,F_B,SANS ALCOOL,39.0,97.5,26.0,5.0,HB5I0
Novotel Megève Mont-Blanc,2025,7,N_F_B,#REF!,25.0,354.5,22.0,11.0,HB5I0
Novotel Megève Mont-Blanc,2025,7,N_F_B,ACCESSOIRES,7.0,190.0,7.0,2.0,HB5I0
Novotel Megève Mont-Blanc,2025,7,N_F_B,COSMETIQUE,9.0,109.0,6.0,4.0,HB5I0
Novotel Megève Mont-Blanc,2025,7,N_F_B,JEUX / ENFANTS,24.0,215.7,14.0,10.0,HB5I0
Novotel Megève Mont-Blanc,2025,7,N_F_B,PAP,6.0,210.0,5.0,0.0,HB5I0
Novotel Megève Mont-Blanc,2025,7,N_F_B,SOS,16.0,163.0,14.0,4.0,HB5I0
Novotel Megève Mont-Blanc,2025,8,F_B,FOOD SALEE,36.0,110.0,23.0,6.0,HB5I0
Novotel Megève Mont-Blanc,2025,8,F_B,FOOD SUCREE,93.0,343.5,49.0,15.0,HB5I0
Novotel Megève Mont-Blanc,2025,8,F_B,SANS ALCOOL,68.0,170.0,44.0,5.0,HB5I0
Novotel Megève Mont-Blanc,2025,8,N_F_B,#REF!,56.0,917.95,50.0,19.0,HB5I0
Novotel Megève Mont-Blanc,2025,8,N_F_B,ACCESSOIRES,11.0,191.0,8.0,3.0,HB5I0
Novotel Megève Mont-Blanc,2025,8,N_F_B,COSMETIQUE,1.0,4.0,1.0,1.0,HB5I0
Novotel Megève Mont-Blanc,2025,8,N_F_B,JEUX / ENFANTS,39.0,374.1,27.0,12.0,HB5I0
Novotel Megève Mont-Blanc,2025,8,N_F_B,PAP,12.0,360.0,11.0,0.0,HB5I0
Novotel Megève Mont-Blanc,2025,8,N_F_B,SOS,36.0,399.0,32.0,4.0,HB5I0
Novotel Megève Mont-Blanc,2025,8,N_F_B,SOUVENIRS,4.0,4.0,2.0,1.0,HB5I0
Novotel Megève Mont-Blanc,2025,9,F_B,FOOD SALEE,19.0,52.5,11.0,5.0,HB5I0
Novotel Megève Mont-Blanc,2025,9,F_B,FOOD SUCREE,25.0,95.0,19.0,6.0,HB5I0
Novotel Megève Mont-Blanc,2025,9,F_B,SANS ALCOOL,36.0,90.0,17.0,5.0,HB5I0
Novotel Megève Mont-Blanc,2025,9,N_F_B,#REF!,28.0,389.5,25.0,8.0,HB5I0
Novotel Megève Mont-Blanc,2025,9,N_F_B,ACCESSOIRES,6.0,70.0,6.0,2.0,HB5I0
Novotel Megève Mont-Blanc,2025,9,N_F_B,COSMETIQUE,6.0,34.0,5.0,2.0,HB5I0
Novotel Megève Mont-Blanc,2025,9,N_F_B,JEUX / ENFANTS,19.0,150.8,13.0,7.0,HB5I0
Novotel Megève Mont-Blanc,2025,9,N_F_B,PAP,6.0,180.0,4.0,0.0,HB5I0
Novotel Megève Mont-Blanc,2025,9,N_F_B,SOS,15.0,155.0,14.0,2.0,HB5I0
Novotel Megève Mont-Blanc,2025,9,N_F_B,SOUVENIRS,4.0,4.0,3.0,1.0,HB5I0
Novotel Megève Mont-Blanc,2025,10,F_B,FOOD SALEE,8.0,37.5,4.0,4.0,HB5I0
Novotel Megève Mont-Blanc,2025,10,F_B,FOOD SUCREE,10.0,58.5,7.0,5.0,HB5I0
Novotel Megève Mont-Blanc,2025,10,F_B,SANS ALCOOL,10.0,25.0,8.0,3.0,HB5I0
Novotel Megève Mont-Blanc,2025,10,N_F_B,#REF!,5.0,71.95,5.0,4.0,HB5I0
Novotel Megève Mont-Blanc,2025,10,N_F_B,COSMETIQUE,10.0,119.5,5.0,4.0,HB5I0
Novotel Megève Mont-Blanc,2025,10,N_F_B,JEUX / ENFANTS,11.0,96.2,6.0,7.0,HB5I0
Novotel Megève Mont-Blanc,2025,10,N_F_B,PAP,1.0,20.0,1.0,0.0,HB5I0
Novotel Megève Mont-Blanc,2025,10,N_F_B,SOS,3.0,18.0,2.0,2.0,HB5I0
Novotel Megève Mont-Blanc,2025,10,N_F_B,SOUVENIRS,12.0,12.0,3.0,1.0,HB5I0
Novotel Megève Mont-Blanc,2025,11,F_B,FOOD SALEE,37.0,93.0,19.0,2.0,HB5I0
Novotel Megève Mont-Blanc,2025,11,F_B,FOOD SUCREE,8.0,43.0,5.0,5.0,HB5I0
Novotel Megève Mont-Blanc,2025,11,F_B,SANS ALCOOL,27.0,67.5,16.0,1.0,HB5I0
Novotel Megève Mont-Blanc,2025,11,NAN,,12.0,152.0,8.0,4.0,HB5I0
Novotel Megève Mont-Blanc,2025,11,N_F_B,#REF!,16.0,139.0,13.0,3.0,HB5I0
Novotel Megève Mont-Blanc,2025,11,N_F_B,ACCESSOIRES,6.0,104.0,4.0,2.0,HB5I0
Novotel Megève Mont-Blanc,2025,11,N_F_B,COSMETIQUE,6.0,71.5,4.0,3.0,HB5I0
Novotel Megève Mont-Blanc,2025,11,N_F_B,JEUX / ENFANTS,11.0,95.85,7.0,7.0,HB5I0
Novotel Megève Mont-Blanc,2025,11,N_F_B,PAP,5.0,160.0,4.0,0.0,HB5I0
Novotel Megève Mont-Blanc,2025,11,N_F_B,SOS,25.0,271.0,24.0,3.0,HB5I0
Novotel Megève Mont-Blanc,2025,11,N_F_B,SOUVENIRS,5.0,5.0,4.0,1.0,HB5I0
Novotel Megève Mont-Blanc,2025,12,F_B,FOOD SALEE,39.0,98.0,25.0,2.0,HB5I0
Novotel Megève Mont-Blanc,2025,12,F_B,FOOD SUCREE,115.0,358.5,76.0,8.0,HB5I0
Novotel Megève Mont-Blanc,2025,12,F_B,SANS ALCOOL,75.0,187.5,45.0,4.0,HB5I0
Novotel Megève Mont-Blanc,2025,12,F_B,SOUVENIRS,5.0,100.0,5.0,1.0,HB5I0
Novotel Megève Mont-Blanc,2025,12,NAN,,113.0,1270.4,80.0,35.0,HB5I0
Novotel Megève Mont-Blanc,2025,12,N_F_B,#REF!,16.0,135.0,15.0,2.0,HB5I0
Novotel Megève Mont-Blanc,2025,12,N_F_B,ACCESSOIRES,7.0,206.0,7.0,4.0,HB5I0
Novotel Megève Mont-Blanc,2025,12,N_F_B,COSMETIQUE,8.0,57.5,7.0,3.0,HB5I0
Novotel Megève Mont-Blanc,2025,12,N_F_B,JEUX / ENFANTS,18.0,171.6,13.0,8.0,HB5I0
Novotel Megève Mont-Blanc,2025,12,N_F_B,PAP,13.0,350.0,11.0,0.0,HB5I0
Novotel Megève Mont-Blanc,2025,12,N_F_B,SOS,36.0,397.0,29.0,3.0,HB5I0
Novotel Megève Mont-Blanc,2025,12,N_F_B,SOUVENIRS,3.0,3.0,2.0,1.0,HB5I0
Novotel Paris Tour Eiffel,2024,5,N_F_B,SOS,1.0,3.0,1.0,0.0,H3546
Novotel Paris Tour Eiffel,2024,6,F_B,FOOD SALEE,42.0,310.0,34.0,0.0,H3546
Novotel Paris Tour Eiffel,2024,6,F_B,FOOD SUCREE,59.0,391.5,37.0,0.0,H3546
Novotel Paris Tour Eiffel,2024,6,F_B,SANS ALCOOL,185.0,2376.0,99.0,0.0,H3546
Novotel Paris Tour Eiffel,2024,6,N_F_B,SOS,49.0,605.0,38.0,0.0,H3546
Novotel Paris Tour Eiffel,2024,7,F_B,FOOD SALEE,55.0,502.0,41.0,0.0,H3546
Novotel Paris Tour Eiffel,2024,7,F_B,FOOD SUCREE,97.0,556.6999999999999,48.0,0.0,H3546
Novotel Paris Tour Eiffel,2024,7,F_B,SANS ALCOOL,184.0,1351.47,91.0,0.0,H3546
Novotel Paris Tour Eiffel,2024,7,N_F_B,SOS,45.0,397.0,39.0,0.0,H3546
Novotel Paris Tour Eiffel,2024,7,N_F_B,SOUVENIRS,1.0,18.5,1.0,0.0,H3546
Novotel Paris Tour Eiffel,2024,9,F_B,FOOD SALEE,54.0,314.6,39.0,0.0,H3546
Novotel Paris Tour Eiffel,2024,9,F_B,FOOD SUCREE,87.0,269.4,48.0,0.0,H3546
Novotel Paris Tour Eiffel,2024,9,F_B,SANS ALCOOL,138.0,495.5,69.0,0.0,H3546
Novotel Paris Tour Eiffel,2024,9,N_F_B,COSMETIQUE,1.0,8.0,1.0,0.0,H3546
Novotel Paris Tour Eiffel,2024,9,N_F_B,SOS,85.0,631.0,67.0,0.0,H3546
Novotel Paris Tour Eiffel,2024,10,F_B,FOOD SALEE,443.0,2545.7,339.0,0.0,H3546
Novotel Paris Tour Eiffel,2024,10,F_B,FOOD SUCREE,614.0,1918.3999999999999,356.0,0.0,H3546
Novotel Paris Tour Eiffel,2024,10,F_B,SANS ALCOOL,1322.0,4531.9,720.0,0.0,H3546
Novotel Paris Tour Eiffel,2024,10,N_F_B,COSMETIQUE,6.0,48.0,4.0,0.0,H3546
Novotel Paris Tour Eiffel,2024,10,N_F_B,SOS,542.0,4246.0,423.0,0.0,H3546
Novotel Paris Tour Eiffel,2024,11,F_B,FOOD SALEE,437.0,2752.7,313.0,0.0,H3546
Novotel Paris Tour Eiffel,2024,11,F_B,FOOD SUCREE,479.0,1511.5,284.0,0.0,H3546
Novotel Paris Tour Eiffel,2024,11,F_B,SANS ALCOOL,1085.0,3766.6,601.0,0.0,H3546
Novotel Paris Tour Eiffel,2024,11,N_F_B,COSMETIQUE,2.0,16.0,1.0,0.0,H3546
Novotel Paris Tour Eiffel,2024,11,N_F_B,SOS,485.0,3828.0,391.0,0.0,H3546
Novotel Paris Tour Eiffel,2024,12,F_B,FOOD SALEE,482.0,3023.8,328.0,0.0,H3546
Novotel Paris Tour Eiffel,2024,12,F_B,FOOD SUCREE,684.0,2196.5,390.0,0.0,H3546
Novotel Paris Tour Eiffel,2024,12,F_B,SANS ALCOOL,1446.0,5005.7,743.0,0.0,H3546
Novotel Paris Tour Eiffel,2024,12,N_F_B,COSMETIQUE,7.0,56.0,6.0,0.0,H3546
Novotel Paris Tour Eiffel,2024,12,N_F_B,SOS,515.0,3831.0,402.0,0.0,H3546
Novotel Paris Tour Eiffel,2025,1,F_B,FOOD SALEE,447.0,2842.6,313.0,0.0,H3546
Novotel Paris Tour Eiffel,2025,1,F_B,FOOD SUCREE,508.0,1763.5,290.0,0.0,H3546
Novotel Paris Tour Eiffel,2025,1,F_B,SANS ALCOOL,1097.0,3864.5,608.0,0.0,H3546
Novotel Paris Tour Eiffel,2025,1,N_F_B,SOS,305.0,2419.0,238.0,0.0,H3546
Novotel Paris Tour Eiffel,2025,2,F_B,FOOD SALEE,429.0,2892.1,310.0,0.0,H3546
Novotel Paris Tour Eiffel,2025,2,F_B,FOOD SUCREE,514.0,1853.2,299.0,0.0,H3546
Novotel Paris Tour Eiffel,2025,2,F_B,SANS ALCOOL,1186.0,4201.3,649.0,0.0,H3546
Novotel Paris Tour Eiffel,2025,2,N_F_B,COSMETIQUE,3.0,24.0,3.0,0.0,H3546
Novotel Paris Tour Eiffel,2025,2,N_F_B,SOS,437.0,3432.0,351.0,0.0,H3546
Novotel Paris Tour Eiffel,2025,3,F_B,FOOD SALEE,510.0,3653.0,345.0,0.0,H3546
Novotel Paris Tour Eiffel,2025,3,F_B,FOOD SUCREE,576.0,2109.2,343.0,0.0,H3546
Novotel Paris Tour Eiffel,2025,3,F_B,SANS ALCOOL,1257.0,4495.8,748.0,0.0,H3546
Novotel Paris Tour Eiffel,2025,3,N_F_B,COSMETIQUE,6.0,48.0,5.0,0.0,H3546
Novotel Paris Tour Eiffel,2025,3,N_F_B,SOS,441.0,3112.0,346.0,0.0,H3546
Novotel Paris Tour Eiffel,2025,4,F_B,FOOD SALEE,648.0,4827.4,459.0,0.0,H3546
Novotel Paris Tour Eiffel,2025,4,F_B,FOOD SUCREE,661.0,2330.3,373.0,0.0,H3546
Novotel Paris Tour Eiffel,2025,4,F_B,SANS ALCOOL,1493.0,5331.3,918.0,0.0,H3546
Novotel Paris Tour Eiffel,2025,4,NAN,,7.0,28.0,5.0,0.0,H3546
Novotel Paris Tour Eiffel,2025,4,N_F_B,COSMETIQUE,2.0,16.0,2.0,0.0,H3546
Novotel Paris Tour Eiffel,2025,4,N_F_B,SOS,307.0,2322.0,256.0,0.0,H3546
Novotel Paris Tour Eiffel,2025,5,F_B,FOOD SALEE,675.0,4658.0,487.0,0.0,H3546
Novotel Paris Tour Eiffel,2025,5,F_B,FOOD SUCREE,590.0,2031.7,359.0,0.0,H3546
Novotel Paris Tour Eiffel,2025,5,F_B,SANS ALCOOL,1628.0,5897.5,972.0,0.0,H3546
Novotel Paris Tour Eiffel,2025,5,N_F_B,COSMETIQUE,6.0,48.0,6.0,0.0,H3546
Novotel Paris Tour Eiffel,2025,5,N_F_B,SOS,360.0,2645.0,279.0,0.0,H3546
Novotel Paris Tour Eiffel,2025,6,F_B,FOOD SALEE,676.0,4725.8,528.0,0.0,H3546
Novotel Paris Tour Eiffel,2025,6,F_B,FOOD SUCREE,598.0,2033.3999999999999,347.0,0.0,H3546
Novotel Paris Tour Eiffel,2025,6,F_B,SANS ALCOOL,1895.0,7198.7,1098.0,0.0,H3546
Novotel Paris Tour Eiffel,2025,6,N_F_B,COSMETIQUE,3.0,24.0,3.0,0.0,H3546
Novotel Paris Tour Eiffel,2025,6,N_F_B,SOS,440.0,3377.0,318.0,0.0,H3546
Novotel Paris Tour Eiffel,2025,7,F_B,FOOD SALEE,866.0,6293.7,620.0,0.0,H3546
Novotel Paris Tour Eiffel,2025,7,F_B,FOOD SUCREE,792.0,2651.6,418.0,0.0,H3546
Novotel Paris Tour Eiffel,2025,7,F_B,SANS ALCOOL,2416.0,10654.7,1353.0,0.0,H3546
Novotel Paris Tour Eiffel,2025,7,N_F_B,COSMETIQUE,6.0,48.0,6.0,0.0,H3546
Novotel Paris Tour Eiffel,2025,7,N_F_B,SOS,435.0,3738.0,313.0,0.0,H3546
Novotel Paris Tour Eiffel,2025,8,F_B,FOOD SALEE,704.0,4641.7,487.0,0.0,H3546
Novotel Paris Tour Eiffel,2025,8,F_B,FOOD SUCREE,629.0,2191.4,331.0,0.0,H3546
Novotel Paris Tour Eiffel,2025,8,F_B,SANS ALCOOL,2027.0,7381.8,1077.0,0.0,H3546
Novotel Paris Tour Eiffel,2025,8,N_F_B,COSMETIQUE,7.0,56.0,7.0,0.0,H3546
Novotel Paris Tour Eiffel,2025,8,N_F_B,SOS,470.0,3583.0,335.0,0.0,H3546
Novotel Paris Tour Eiffel,2025,9,F_B,FOOD SALEE,504.0,3433.9,404.0,0.0,H3546
Novotel Paris Tour Eiffel,2025,9,F_B,FOOD SUCREE,476.0,1596.7,269.0,0.0,H3546
Novotel Paris Tour Eiffel,2025,9,F_B,SANS ALCOOL,1491.0,5617.5,928.0,0.0,H3546
Novotel Paris Tour Eiffel,2025,9,N_F_B,COSMETIQUE,4.0,32.0,4.0,0.0,H3546
Novotel Paris Tour Eiffel,2025,9,N_F_B,SOS,391.0,3170.0,303.0,0.0,H3546
Novotel Paris Tour Eiffel,2025,10,F_B,FOOD SALEE,524.0,3534.2,397.0,0.0,H3546
Novotel Paris Tour Eiffel,2025,10,F_B,FOOD SUCREE,610.0,2069.3,334.0,0.0,H3546
Novotel Paris Tour Eiffel,2025,10,F_B,SANS ALCOOL,1660.0,5998.0,927.0,0.0,H3546
Novotel Paris Tour Eiffel,2025,10,N_F_B,COSMETIQUE,4.0,32.0,4.0,0.0,H3546
Novotel Paris Tour Eiffel,2025,10,N_F_B,SOS,374.0,2878.0,274.0,0.0,H3546
Novotel Paris Tour Eiffel,2025,11,F_B,FOOD SALEE,473.0,3037.8,370.0,0.0,H3546
Novotel Paris Tour Eiffel,2025,11,F_B,FOOD SUCREE,509.0,1684.1,272.0,0.0,H3546
Novotel Paris Tour Eiffel,2025,11,F_B,SANS ALCOOL,1316.0,4792.0,796.0,0.0,H3546
Novotel Paris Tour Eiffel,2025,11,NAN,,2.0,16.0,2.0,0.0,H3546
Novotel Paris Tour Eiffel,2025,11,N_F_B,COSMETIQUE,2.0,16.0,2.0,0.0,H3546
Novotel Paris Tour Eiffel,2025,11,N_F_B,SOS,308.0,2440.0,249.0,0.0,H3546
Novotel Paris Tour Eiffel,2025,12,F_B,FOOD SALEE,632.0,4380.5,413.0,0.0,H3546
Novotel Paris Tour Eiffel,2025,12,F_B,FOOD SUCREE,569.0,1993.1,309.0,0.0,H3546
Novotel Paris Tour Eiffel,2025,12,F_B,SANS ALCOOL,1680.0,6061.2,1014.0,0.0,H3546
Novotel Paris Tour Eiffel,2025,12,NAN,,12.0,96.0,11.0,0.0,H3546
Novotel Paris Tour Eiffel,2025,12,N_F_B,COSMETIQUE,8.0,64.0,6.0,0.0,H3546
Novotel Paris Tour Eiffel,2025,12,N_F_B,SOS,250.0,1839.0,193.0,0.0,H3546
Novotel Porte d’Italie,2024,9,F_B,FOOD SALEE,5.0,12.5,5.0,0.0,
Novotel Porte d’Italie,2024,9,F_B,FOOD SUCREE,17.0,46.3,12.0,0.0,
Novotel Porte d’Italie,2024,9,F_B,SANS ALCOOL,18.0,92.0,15.0,0.0,
Novotel Porte d’Italie,2024,10,F_B,FOOD SALEE,60.0,167.4,48.0,0.0,
Novotel Porte d’Italie,2024,10,F_B,FOOD SUCREE,112.0,318.6,84.0,0.0,
Novotel Porte d’Italie,2024,10,F_B,SANS ALCOOL,59.0,299.5,43.0,0.0,
Novotel Porte d’Italie,2024,10,NAN,,13.0,83.4,10.0,0.0,
Novotel Porte d’Italie,2024,11,F_B,FOOD SALEE,48.0,134.6,34.0,0.0,
Novotel Porte d’Italie,2024,11,F_B,FOOD SUCREE,74.0,209.85999999999999,56.0,0.0,
Novotel Porte d’Italie,2024,11,F_B,SANS ALCOOL,61.0,312.5,50.0,0.0,
Novotel Porte d’Italie,2024,11,NAN,,7.0,43.0,5.0,0.0,
Novotel Porte d’Italie,2024,11,N_F_B,SOS,1.0,0.7,1.0,0.0,
Novotel Porte d’Italie,2024,12,F_B,FOOD SALEE,61.0,211.9,48.0,0.0,
Novotel Porte d’Italie,2024,12,F_B,FOOD SUCREE,83.0,236.0,69.0,0.0,
Novotel Porte d’Italie,2024,12,F_B,SANS ALCOOL,38.0,195.0,32.0,0.0,
Novotel Porte d’Italie,2024,12,NAN,,4.0,32.5,4.0,0.0,
Novotel Porte d’Italie,2024,12,N_F_B,SOS,1.0,0.7,1.0,0.0,
Novotel Porte d’Italie,2025,1,F_B,FOOD SALEE,9.0,23.9,7.0,0.0,
Novotel Porte d’Italie,2025,1,F_B,FOOD SUCREE,12.0,35.7,11.0,0.0,
Novotel Porte d’Italie,2025,1,F_B,SANS ALCOOL,5.0,26.0,4.0,0.0,
Novotel Porte d’Italie,2025,1,NAN,,6.0,66.0,4.0,0.0,
Novotel Porte d’Italie,2025,2,F_B,FOOD SALEE,24.0,78.3,17.0,0.0,
Novotel Porte d’Italie,2025,2,F_B,FOOD SUCREE,15.0,41.7,12.0,0.0,
Novotel Porte d’Italie,2025,2,F_B,SANS ALCOOL,15.0,65.0,11.0,0.0,
Novotel Porte d’Italie,2025,2,NAN,,6.0,66.0,4.0,0.0,
Novotel Porte d’Italie,2025,3,F_B,FOOD SALEE,34.0,130.0,25.0,0.0,
Novotel Porte d’Italie,2025,3,F_B,FOOD SUCREE,51.0,191.6,44.0,0.0,
Novotel Porte d’Italie,2025,3,F_B,SANS ALCOOL,39.0,165.5,32.0,0.0,
Novotel Porte d’Italie,2025,3,NAN,,1.0,7.5,1.0,0.0,
Novotel Porte d’Italie,2025,4,F_B,FOOD SALEE,31.0,80.6,19.0,0.0,
Novotel Porte d’Italie,2025,4,F_B,FOOD SUCREE,20.0,78.7,15.0,0.0,
Novotel Porte d’Italie,2025,4,F_B,SANS ALCOOL,32.0,132.5,25.0,0.0,
Novotel Porte d’Italie,2025,5,F_B,FOOD SALEE,23.0,73.0,16.0,0.0,
Novotel Porte d’Italie,2025,5,F_B,FOOD SUCREE,83.0,290.6,67.0,0.0,
Novotel Porte d’Italie,2025,5,F_B,SANS ALCOOL,106.0,456.0,77.0,0.0,
Novotel Porte d’Italie,2025,5,NAN,,6.0,64.5,5.0,0.0,
Novotel Porte d’Italie,2025,6,F_B,FOOD SALEE,13.0,114.2,13.0,0.0,
Novotel Porte d’Italie,2025,6,F_B,FOOD SUCREE,32.0,132.5,27.0,0.0,
Novotel Porte d’Italie,2025,6,F_B,SANS ALCOOL,68.0,300.5,60.0,0.0,
Novotel Porte d’Italie,2025,6,NAN,,2.0,12.0,1.0,0.0,
Novotel Porte d’Italie,2025,7,F_B,FOOD SALEE,31.0,146.1,23.0,0.0,
Novotel Porte d’Italie,2025,7,F_B,FOOD SUCREE,55.0,182.4,46.0,0.0,
Novotel Porte d’Italie,2025,7,F_B,SANS ALCOOL,93.0,431.5,70.0,0.0,
Novotel Porte d’Italie,2025,8,F_B,FOOD SALEE,22.0,103.6,18.0,0.0,
Novotel Porte d’Italie,2025,8,F_B,FOOD SUCREE,32.0,93.1,24.0,0.0,
Novotel Porte d’Italie,2025,8,F_B,SANS ALCOOL,67.0,312.0,49.0,0.0,
Novotel Porte d’Italie,2025,9,F_B,FOOD SALEE,24.0,59.1,18.0,0.0,
Novotel Porte d’Italie,2025,9,F_B,FOOD SUCREE,35.0,118.89999999999999,26.0,0.0,
Novotel Porte d’Italie,2025,9,F_B,SANS ALCOOL,21.0,105.5,18.0,0.0,
Novotel Porte d’Italie,2025,10,F_B,FOOD SALEE,5.0,26.0,4.0,0.0,
Novotel Porte d’Italie,2025,10,F_B,FOOD SUCREE,9.0,31.299999999999997,8.0,0.0,
Novotel Porte d’Italie,2025,11,F_B,FOOD SALEE,24.0,52.15,20.0,0.0,
Novotel Porte d’Italie,2025,11,F_B,FOOD SUCREE,41.0,108.0,33.0,0.0,
Novotel Porte d’Italie,2025,11,F_B,SANS ALCOOL,29.0,131.0,24.0,0.0,
Novotel Porte d’Italie,2025,12,F_B,FOOD SALEE,19.0,52.5,18.0,0.0,
Novotel Porte d’Italie,2025,12,F_B,FOOD SUCREE,36.0,106.3,26.0,0.0,
Novotel Porte d’Italie,2025,12,F_B,SANS ALCOOL,53.0,265.0,39.0,0.0,
Ibis budget Nice,2023,1,N_F_B,ACCESSOIRES,16.25,182.5,13.0,7.0,H2075
Ibis budget Nice,2023,2,N_F_B,ACCESSOIRES,16.25,182.5,13.0,7.0,H2075
Ibis budget Nice,2023,3,N_F_B,ACCESSOIRES,16.25,182.5,13.0,7.0,H2075
Ibis budget Nice,2023,4,N_F_B,ACCESSOIRES,16.25,182.5,13.0,7.0,H2075
Ibis budget Nice,2023,5,N_F_B,ACCESSOIRES,16.25,182.5,13.0,7.0,H2075
Ibis budget Nice,2023,6,N_F_B,ACCESSOIRES,16.25,182.5,13.0,7.0,H2075
Ibis budget Nice,2023,7,N_F_B,ACCESSOIRES,16.25,182.5,13.0,7.0,H2075
Ibis budget Nice,2023,12,N_F_B,ACCESSOIRES,16.25,182.5,13.0,7.0,H2075
Ibis budget Nice,2023,1,N_F_B,COSMETIQUE,1.0,10.0,1.0,0.5,H2075
Ibis budget Nice,2023,2,N_F_B,COSMETIQUE,1.0,10.0,1.0,0.5,H2075
Ibis budget Nice,2023,3,N_F_B,COSMETIQUE,1.0,10.0,1.0,0.5,H2075
Ibis budget Nice,2023,4,N_F_B,COSMETIQUE,1.0,10.0,1.0,0.5,H2075
Ibis budget Nice,2023,5,N_F_B,COSMETIQUE,1.0,10.0,1.0,0.5,H2075
Ibis budget Nice,2023,6,N_F_B,COSMETIQUE,1.0,10.0,1.0,0.5,H2075
Ibis budget Nice,2023,7,N_F_B,COSMETIQUE,1.0,10.0,1.0,0.5,H2075
Ibis budget Nice,2023,12,N_F_B,COSMETIQUE,1.0,10.0,1.0,0.5,H2075
Ibis budget Nice,2023,1,N_F_B,PAP,5.75,56.5,5.75,3.5,H2075
Ibis budget Nice,2023,2,N_F_B,PAP,5.75,56.5,5.75,3.5,H2075
Ibis budget Nice,2023,3,N_F_B,PAP,5.75,56.5,5.75,3.5,H2075
Ibis budget Nice,2023,4,N_F_B,PAP,5.75,56.5,5.75,3.5,H2075
Ibis budget Nice,2023,5,N_F_B,PAP,5.75,56.5,5.75,3.5,H2075
Ibis budget Nice,2023,6,N_F_B,PAP,5.75,56.5,5.75,3.5,H2075
Ibis budget Nice,2023,7,N_F_B,PAP,5.75,56.5,5.75,3.5,H2075
Ibis budget Nice,2023,12,N_F_B,PAP,5.75,56.5,5.75,3.5,H2075
Ibis budget Nice,2023,1,N_F_B,SOS,0.5,4.0,0.5,0.5,H2075
Ibis budget Nice,2023,2,N_F_B,SOS,0.5,4.0,0.5,0.5,H2075
Ibis budget Nice,2023,3,N_F_B,SOS,0.5,4.0,0.5,0.5,H2075
Ibis budget Nice,2023,4,N_F_B,SOS,0.5,4.0,0.5,0.5,H2075
Ibis budget Nice,2023,5,N_F_B,SOS,0.5,4.0,0.5,0.5,H2075
Ibis budget Nice,2023,6,N_F_B,SOS,0.5,4.0,0.5,0.5,H2075
Ibis budget Nice,2023,7,N_F_B,SOS,0.5,4.0,0.5,0.5,H2075
Ibis budget Nice,2023,12,N_F_B,SOS,0.5,4.0,0.5,0.5,H2075
Ibis budget Nice,2024,1,F_B,FOOD SALEE,10.6,24.7,9.0,2.6,H2075
Ibis budget Nice,2024,2,F_B,FOOD SALEE,10.6,24.7,9.0,2.6,H2075
Ibis budget Nice,2024,1,F_B,FOOD SUCREE,7.3,13.45,5.7,2.4,H2075
Ibis budget Nice,2024,2,F_B,FOOD SUCREE,7.3,13.45,5.7,2.4,H2075
Ibis budget Nice,2024,1,F_B,SANS ALCOOL,134.1,314.7,90.6,11.5,H2075
Ibis budget Nice,2024,2,F_B,SANS ALCOOL,134.1,314.7,90.6,11.5,H2075
Ibis budget Nice,2024,1,N_F_B,ACCESSOIRES,11.1,115.96,10.0,7.0,H2075
Ibis budget Nice,2024,2,N_F_B,ACCESSOIRES,11.1,115.96,10.0,7.0,H2075
Ibis budget Nice,2024,1,N_F_B,COSMETIQUE,0.9,8.9,0.9,0.6,H2075
Ibis budget Nice,2024,2,N_F_B,COSMETIQUE,0.9,8.9,0.9,0.6,H2075
Ibis budget Nice,2024,1,N_F_B,JEUX / ENFANTS,0.7,12.6,0.7,0.3,H2075
Ibis budget Nice,2024,2,N_F_B,JEUX / ENFANTS,0.7,12.6,0.7,0.3,H2075
Ibis budget Nice,2024,1,N_F_B,PAP,3.6,36.5,3.3,2.8,H2075
Ibis budget Nice,2024,2,N_F_B,PAP,3.6,36.5,3.3,2.8,H2075
Ibis budget Nice,2024,1,N_F_B,SOS,0.7,8.8,0.6,0.4,H2075
Ibis budget Nice,2024,2,N_F_B,SOS,0.7,8.8,0.6,0.4,H2075
Ibis budget Strasbourg Centre République,2024,1,F_B,FOOD SALEE,24.333333333333332,167.5,21.666666666666668,4.0,HB6A3
Ibis budget Strasbourg Centre République,2024,2,F_B,FOOD SALEE,24.333333333333332,167.5,21.666666666666668,4.0,HB6A3
Ibis budget Strasbourg Centre République,2024,3,F_B,FOOD SALEE,24.333333333333332,167.5,21.666666666666668,4.0,HB6A3
Ibis budget Strasbourg Centre République,2024,4,F_B,FOOD SALEE,24.333333333333332,167.5,21.666666666666668,4.0,HB6A3
Ibis budget Strasbourg Centre République,2024,5,F_B,FOOD SALEE,24.333333333333332,167.5,21.666666666666668,4.0,HB6A3
Ibis budget Strasbourg Centre République,2024,6,F_B,FOOD SALEE,24.333333333333332,167.5,21.666666666666668,4.0,HB6A3
Ibis budget Strasbourg Centre République,2024,7,F_B,FOOD SALEE,24.333333333333332,167.5,21.666666666666668,4.0,HB6A3
Ibis budget Strasbourg Centre République,2024,8,F_B,FOOD SALEE,24.333333333333332,167.5,21.666666666666668,4.0,HB6A3
Ibis budget Strasbourg Centre République,2024,9,F_B,FOOD SALEE,24.333333333333332,167.5,21.666666666666668,4.0,HB6A3
Ibis budget Strasbourg Centre République,2024,1,F_B,FOOD SUCREE,77.0,245.0,58.333333333333336,9.0,HB6A3
Ibis budget Strasbourg Centre République,2024,2,F_B,FOOD SUCREE,77.0,245.0,58.333333333333336,9.0,HB6A3
Ibis budget Strasbourg Centre République,2024,3,F_B,FOOD SUCREE,77.0,245.0,58.333333333333336,9.0,HB6A3
Ibis budget Strasbourg Centre République,2024,4,F_B,FOOD SUCREE,77.0,245.0,58.333333333333336,9.0,HB6A3
Ibis budget Strasbourg Centre République,2024,5,F_B,FOOD SUCREE,77.0,245.0,58.333333333333336,9.0,HB6A3
Ibis budget Strasbourg Centre République,2024,6,F_B,FOOD SUCREE,77.0,245.0,58.333333333333336,9.0,HB6A3
Ibis budget Strasbourg Centre République,2024,7,F_B,FOOD SUCREE,77.0,245.0,58.333333333333336,9.0,HB6A3
Ibis budget Strasbourg Centre République,2024,8,F_B,FOOD SUCREE,77.0,245.0,58.333333333333336,9.0,HB6A3
Ibis budget Strasbourg Centre République,2024,9,F_B,FOOD SUCREE,77.0,245.0,58.333333333333336,9.0,HB6A3
Ibis budget Strasbourg Centre République,2024,1,F_B,SANS ALCOOL,160.66666666666666,553.3333333333334,125.33333333333333,13.0,HB6A3
Ibis budget Strasbourg Centre République,2024,2,F_B,SANS ALCOOL,160.66666666666666,553.3333333333334,125.33333333333333,13.0,HB6A3
Ibis budget Strasbourg Centre République,2024,3,F_B,SANS ALCOOL,160.66666666666666,553.3333333333334,125.33333333333333,13.0,HB6A3
Ibis budget Strasbourg Centre République,2024,4,F_B,SANS ALCOOL,160.66666666666666,553.3333333333334,125.33333333333333,13.0,HB6A3
Ibis budget Strasbourg Centre République,2024,5,F_B,SANS ALCOOL,160.66666666666666,553.3333333333334,125.33333333333333,13.0,HB6A3
Ibis budget Strasbourg Centre République,2024,6,F_B,SANS ALCOOL,160.66666666666666,553.3333333333334,125.33333333333333,13.0,HB6A3
Ibis budget Strasbourg Centre République,2024,7,F_B,SANS ALCOOL,160.66666666666666,553.3333333333334,125.33333333333333,13.0,HB6A3
Ibis budget Strasbourg Centre République,2024,8,F_B,SANS ALCOOL,160.66666666666666,553.3333333333334,125.33333333333333,13.0,HB6A3
Ibis budget Strasbourg Centre République,2024,9,F_B,SANS ALCOOL,160.66666666666666,553.3333333333334,125.33333333333333,13.0,HB6A3
Novotel Megève Mont-Blanc,2024,1,F_B,ALCOOL,5.2,46.4,3.5,2.0,HB5I0
Novotel Megève Mont-Blanc,2024,2,F_B,ALCOOL,5.2,46.4,3.5,2.0,HB5I0
Novotel Megève Mont-Blanc,2024,1,F_B,FOOD SALEE,8.5,54.5,6.2,3.9,HB5I0
Novotel Megève Mont-Blanc,2024,2,F_B,FOOD SALEE,8.5,54.5,6.2,3.9,HB5I0
Novotel Megève Mont-Blanc,2024,1,F_B,FOOD SUCREE,28.6,171.56,18.2,11.0,HB5I0
Novotel Megève Mont-Blanc,2024,2,F_B,FOOD SUCREE,28.6,171.56,18.2,11.0,HB5I0
Novotel Megève Mont-Blanc,2024,1,F_B,SANS ALCOOL,30.1,78.95,21.9,7.2,HB5I0
Novotel Megève Mont-Blanc,2024,2,F_B,SANS ALCOOL,30.1,78.95,21.9,7.2,HB5I0
Novotel Megève Mont-Blanc,2024,1,F_B,SOUVENIRS,1.1,12.969999999999999,0.9,0.6,HB5I0
Novotel Megève Mont-Blanc,2024,2,F_B,SOUVENIRS,1.1,12.969999999999999,0.9,0.6,HB5I0
Novotel Megève Mont-Blanc,2024,1,N_F_B,#REF!,0.4,6.0,0.4,0.0,HB5I0
Novotel Megève Mont-Blanc,2024,2,N_F_B,#REF!,0.4,6.0,0.4,0.0,HB5I0
Novotel Megève Mont-Blanc,2024,1,N_F_B,ACCESSOIRES,8.1,307.2,7.4,4.3,HB5I0
Novotel Megève Mont-Blanc,2024,2,N_F_B,ACCESSOIRES,8.1,307.2,7.4,4.3,HB5I0
Novotel Megève Mont-Blanc,2024,1,N_F_B,COSMETIQUE,10.3,169.53000000000003,8.4,5.3,HB5I0
Novotel Megève Mont-Blanc,2024,2,N_F_B,COSMETIQUE,10.3,169.53000000000003,8.4,5.3,HB5I0
Novotel Megève Mont-Blanc,2024,1,N_F_B,JEUX / ENFANTS,10.0,133.13,7.9,7.1,HB5I0
Novotel Megève Mont-Blanc,2024,2,N_F_B,JEUX / ENFANTS,10.0,133.13,7.9,7.1,HB5I0
Novotel Megève Mont-Blanc,2024,1,N_F_B,PAP,4.5,113.3,3.6,3.1,HB5I0
Novotel Megève Mont-Blanc,2024,2,N_F_B,PAP,4.5,113.3,3.6,3.1,HB5I0
Novotel Megève Mont-Blanc,2024,1,N_F_B,SOS,4.6,90.9,4.4,1.9,HB5I0
Novotel Megève Mont-Blanc,2024,2,N_F_B,SOS,4.6,90.9,4.4,1.9,HB5I0
Novotel Megève Mont-Blanc,2024,1,N_F_B,SOUVENIRS,3.9,63.8,2.3,2.4,HB5I0
Novotel Megève Mont-Blanc,2024,2,N_F_B,SOUVENIRS,3.9,63.8,2.3,2.4,HB5I0
Novotel Paris Tour Eiffel,2024,1,F_B,FOOD SALEE,189.125,1181.1,136.75,0.0,H3546
Novotel Paris Tour Eiffel,2024,2,F_B,FOOD SALEE,189.125,1181.1,136.75,0.0,H3546
Novotel Paris Tour Eiffel,2024,3,F_B,FOOD SALEE,189.125,1181.1,136.75,0.0,H3546
Novotel Paris Tour Eiffel,2024,4,F_B,FOOD SALEE,189.125,1181.1,136.75,0.0,H3546
Novotel Paris Tour Eiffel,2024,1,F_B,FOOD SUCREE,252.5,855.5,145.375,0.0,H3546
Novotel Paris Tour Eiffel,2024,2,F_B,FOOD SUCREE,252.5,855.5,145.375,0.0,H3546
Novotel Paris Tour Eiffel,2024,3,F_B,FOOD SUCREE,252.5,855.5,145.375,0.0,H3546
Novotel Paris Tour Eiffel,2024,4,F_B,FOOD SUCREE,252.5,855.5,145.375,0.0,H3546
Novotel Paris Tour Eiffel,2024,1,F_B,SANS ALCOOL,545.0,2190.89625,290.375,0.0,H3546
Novotel Paris Tour Eiffel,2024,2,F_B,SANS ALCOOL,545.0,2190.89625,290.375,0.0,H3546
Novotel Paris Tour Eiffel,2024,3,F_B,SANS ALCOOL,545.0,2190.89625,290.375,0.0,H3546
Novotel Paris Tour Eiffel,2024,4,F_B,SANS ALCOOL,545.0,2190.89625,290.375,0.0,H3546
Novotel Paris Tour Eiffel,2024,1,N_F_B,COSMETIQUE,2.0,16.0,1.5,0.0,H3546
Novotel Paris Tour Eiffel,2024,2,N_F_B,COSMETIQUE,2.0,16.0,1.5,0.0,H3546
Novotel Paris Tour Eiffel,2024,3,N_F_B,COSMETIQUE,2.0,16.0,1.5,0.0,H3546
Novotel Paris Tour Eiffel,2024,4,N_F_B,COSMETIQUE,2.0,16.0,1.5,0.0,H3546
Novotel Paris Tour Eiffel,2024,1,N_F_B,SOS,215.25,1692.625,170.125,0.0,H3546
Novotel Paris Tour Eiffel,2024,2,N_F_B,SOS,215.25,1692.625,170.125,0.0,H3546
Novotel Paris Tour Eiffel,2024,3,N_F_B,SOS,215.25,1692.625,170.125,0.0,H3546
Novotel Paris Tour Eiffel,2024,4,N_F_B,SOS,215.25,1692.625,170.125,0.0,H3546
Novotel Paris Tour Eiffel,2024,1,N_F_B,SOUVENIRS,0.125,2.3125,0.125,0.0,H3546
Novotel Paris Tour Eiffel,2024,2,N_F_B,SOUVENIRS,0.125,2.3125,0.125,0.0,H3546
Novotel Paris Tour Eiffel,2024,3,N_F_B,SOUVENIRS,0.125,2.3125,0.125,0.0,H3546
Novotel Paris Tour Eiffel,2024,4,N_F_B,SOUVENIRS,0.125,2.3125,0.125,0.0,H3546
Novotel Porte d’Italie,2024,1,F_B,FOOD SALEE,43.5,131.6,33.75,0.0,
Novotel Porte d’Italie,2024,2,F_B,FOOD SALEE,43.5,131.6,33.75,0.0,
Novotel Porte d’Italie,2024,3,F_B,FOOD SALEE,43.5,131.6,33.75,0.0,
Novotel Porte d’Italie,2024,4,F_B,FOOD SALEE,43.5,131.6,33.75,0.0,
Novotel Porte d’Italie,2024,5,F_B,FOOD SALEE,43.5,131.6,33.75,0.0,
Novotel Porte d’Italie,2024,6,F_B,FOOD SALEE,43.5,131.6,33.75,0.0,
Novotel Porte d’Italie,2024,7,F_B,FOOD SALEE,43.5,131.6,33.75,0.0,
Novotel Porte d’Italie,2024,8,F_B,FOOD SALEE,43.5,131.6,33.75,0.0,
Novotel Porte d’Italie,2024,1,F_B,FOOD SUCREE,71.5,202.69,55.25,0.0,
Novotel Porte d’Italie,2024,2,F_B,FOOD SUCREE,71.5,202.69,55.25,0.0,
Novotel Porte d’Italie,2024,3,F_B,FOOD SUCREE,71.5,202.69,55.25,0.0,
Novotel Porte d’Italie,2024,4,F_B,FOOD SUCREE,71.5,202.69,55.25,0.0,
Novotel Porte d’Italie,2024,5,F_B,FOOD SUCREE,71.5,202.69,55.25,0.0,
Novotel Porte d’Italie,2024,6,F_B,FOOD SUCREE,71.5,202.69,55.25,0.0,
Novotel Porte d’Italie,2024,7,F_B,FOOD SUCREE,71.5,202.69,55.25,0.0,
Novotel Porte d’Italie,2024,8,F_B,FOOD SUCREE,71.5,202.69,55.25,0.0,
Novotel Porte d’Italie,2024,1,F_B,SANS ALCOOL,44.0,224.75,35.0,0.0,
Novotel Porte d’Italie,2024,2,F_B,SANS ALCOOL,44.0,224.75,35.0,0.0,
Novotel Porte d’Italie,2024,3,F_B,SANS ALCOOL,44.0,224.75,35.0,0.0,
Novotel Porte d’Italie,2024,4,F_B,SANS ALCOOL,44.0,224.75,35.0,0.0,
Novotel Porte d’Italie,2024,5,F_B,SANS ALCOOL,44.0,224.75,35.0,0.0,
Novotel Porte d’Italie,2024,6,F_B,SANS ALCOOL,44.0,224.75,35.0,0.0,
Novotel Porte d’Italie,2024,7,F_B,SANS ALCOOL,44.0,224.75,35.0,0.0,
Novotel Porte d’Italie,2024,8,F_B,SANS ALCOOL,44.0,224.75,35.0,0.0,
Novotel Porte d’Italie,2024,1,NAN,,6.0,39.725,4.75,0.0,
Novotel Porte d’Italie,2024,2,NAN,,6.0,39.725,4.75,0.0,
Novotel Porte d’Italie,2024,3,NAN,,6.0,39.725,4.75,0.0,
Novotel Porte d’Italie,2024,4,NAN,,6.0,39.725,4.75,0.0,
Novotel Porte d’Italie,2024,5,NAN,,6.0,39.725,4.75,0.0,
Novotel Porte d’Italie,2024,6,NAN,,6.0,39.725,4.75,0.0,
Novotel Porte d’Italie,2024,7,NAN,,6.0,39.725,4.75,0.0,
Novotel Porte d’Italie,2024,8,NAN,,6.0,39.725,4.75,0.0,
Novotel Porte d’Italie,2024,1,N_F_B,SOS,0.5,0.35,0.5,0.0,
Novotel Porte d’Italie,2024,2,N_F_B,SOS,0.5,0.35,0.5,0.0,
Novotel Porte d’Italie,2024,3,N_F_B,SOS,0.5,0.35,0.5,0.0,
Novotel Porte d’Italie,2024,4,N_F_B,SOS,0.5,0.35,0.5,0.0,
Novotel Porte d’Italie,2024,5,N_F_B,SOS,0.5,0.35,0.5,0.0,
Novotel Porte d’Italie,2024,6,N_F_B,SOS,0.5,0.35,0.5,0.0,
Novotel Porte d’Italie,2024,7,N_F_B,SOS,0.5,0.35,0.5,0.0,
Novotel Porte d’Italie,2024,8,N_F_B,SOS,0.5,0.35,0.5,0.0,
