nom_hotel,annee,mois,categorie,sous_categorie,is_weekend,nombre_ventes,montant_ventes,nombre_paniers,nombre_produits
Ibis budget Nice,2023,8,N_F_B,ACCESSOIRES,0,22.0,265.0,16.0,11.0
Ibis budget Nice,2023,8,N_F_B,ACCESSOIRES,1,10.0,118.0,9.0,5.0
Ibis budget Nice,2023,8,N_F_B,COSMETIQUE,0,1.0,10.0,1.0,1.0
Ibis budget Nice,2023,8,N_F_B,PAP,0,5.0,52.0,5.0,5.0
Ibis budget Nice,2023,8,N_F_B,PAP,1,2.0,22.0,2.0,2.0
Ibis budget Nice,2023,8,N_F_B,SOS,0,1.0,8.0,1.0,1.0
Ibis budget Nice,2023,9,N_F_B,ACCESSOIRES,0,8.0,87.0,6.0,5.0
Ibis budget Nice,2023,9,N_F_B,ACCESSOIRES,1,8.0,99.0,7.0,6.0
Ibis budget Nice,2023,9,N_F_B,COSMETIQUE,0,2.0,20.0,2.0,1.0
Ibis budget Nice,2023,9,N_F_B,COSMETIQUE,1,1.0,10.0,1.0,1.0
Ibis budget Nice,2023,9,N_F_B,PAP,0,7.0,71.0,7.0,5.0
Ibis budget Nice,2023,9,N_F_B,PAP,1,3.0,27.0,3.0,3.0
Ibis budget Nice,2023,9,N_F_B,SOS,1,1.0,8.0,1.0,1.0
Ibis budget Nice,2023,10,N_F_B,ACCESSOIRES,0,10.0,94.0,7.0,5.0
Ibis budget Nice,2023,10,N_F_B,ACCESSOIRES,1,7.0,67.0,7.0,5.0
Ibis budget Nice,2023,10,N_F_B,PAP,0,3.0,27.0,3.0,2.0
Ibis budget Nice,2023,10,N_F_B,PAP,1,2.0,18.0,2.0,2.0
Ibis budget Nice,2023,11,N_F_B,PAP,0,1.0,9.0,1.0,1.0
Ibis budget Nice,2024,3,N_F_B,ACCESSOIRES,0,1.0,10.0,1.0,1.0
Ibis budget Nice,2024,3,N_F_B,ACCESSOIRES,1,1.0,6.0,1.0,1.0
Ibis budget Nice,2024,4,N_F_B,ACCESSOIRES,0,4.0,65.0,5.0,3.0
Ibis budget Nice,2024,4,N_F_B,ACCESSOIRES,1,5.0,52.0,4.0,4.0
Ibis budget Nice,2024,4,N_F_B,COSMETIQUE,0,1.0,10.0,1.0,1.0
Ibis budget Nice,2024,4,N_F_B,COSMETIQUE,1,1.0,10.0,1.0,1.0
Ibis budget Nice,2024,4,N_F_B,SOS,0,1.0,8.0,1.0,1.0
Ibis budget Nice,2024,5,F_B,SANS ALCOOL,0,27.0,66.5,23.0,8.0
Ibis budget Nice,2024,5,F_B,SANS ALCOOL,1,9.0,21.3,7.0,3.0
Ibis budget Nice,2024,5,N_F_B,ACCESSOIRES,0,5.0,68.0,5.0,5.0
Ibis budget Nice,2024,5,N_F_B,ACCESSOIRES,1,3.0,29.0,3.0,3.0
Ibis budget Nice,2024,5,N_F_B,PAP,0,8.0,73.0,6.0,7.0
Ibis budget Nice,2024,5,N_F_B,PAP,1,1.0,13.0,1.0,1.0
Ibis budget Nice,2024,6,F_B,FOOD SALEE,0,10.0,21.5,9.0,3.0
Ibis budget Nice,2024,6,F_B,FOOD SALEE,1,11.0,24.5,9.0,3.0
Ibis budget Nice,2024,6,F_B,SANS ALCOOL,0,133.0,309.40000000000003,98.0,14.0
Ibis budget Nice,2024,6,F_B,SANS ALCOOL,1,63.0,145.0,45.0,15.0
Ibis budget Nice,2024,6,N_F_B,ACCESSOIRES,0,9.0,83.1,9.0,7.0
Ibis budget Nice,2024,6,N_F_B,ACCESSOIRES,1,11.0,125.0,11.0,7.0
Ibis budget Nice,2024,6,N_F_B,COSMETIQUE,0,1.0,10.0,1.0,1.0
Ibis budget Nice,2024,6,N_F_B,JEUX / ENFANTS,1,1.0,18.0,1.0,1.0
Ibis budget Nice,2024,6,N_F_B,PAP,0,2.0,23.0,2.0,2.0
Ibis budget Nice,2024,6,N_F_B,PAP,1,5.0,66.0,5.0,5.0
Ibis budget Nice,2024,6,N_F_B,SOS,0,1.0,16.0,1.0,1.0
Ibis budget Nice,2024,7,F_B,FOOD SALEE,0,15.0,36.0,14.0,5.0
Ibis budget Nice,2024,7,F_B,FOOD SALEE,1,9.0,23.0,7.0,3.0
Ibis budget Nice,2024,7,F_B,SANS ALCOOL,0,208.0,490.20000000000005,133.0,16.0
Ibis budget Nice,2024,7,F_B,SANS ALCOOL,1,73.0,172.4,41.0,14.0
Ibis budget Nice,2024,7,N_F_B,ACCESSOIRES,0,20.0,182.5,19.0,12.0
Ibis budget Nice,2024,7,N_F_B,ACCESSOIRES,1,1.0,6.0,1.0,1.0
Ibis budget Nice,2024,7,N_F_B,COSMETIQUE,0,2.0,20.0,2.0,1.0
Ibis budget Nice,2024,7,N_F_B,JEUX / ENFANTS,0,2.0,36.0,2.0,1.0
Ibis budget Nice,2024,7,N_F_B,JEUX / ENFANTS,1,1.0,18.0,1.0,1.0
Ibis budget Nice,2024,7,N_F_B,PAP,0,5.0,50.0,4.0,2.0
Ibis budget Nice,2024,7,N_F_B,PAP,1,1.0,10.0,1.0,1.0
Ibis budget Nice,2024,7,N_F_B,SOS,0,1.0,8.0,1.0,1.0
Ibis budget Nice,2024,8,F_B,FOOD SALEE,0,11.0,31.0,8.0,4.0
Ibis budget Nice,2024,8,F_B,FOOD SALEE,1,6.0,16.0,4.0,4.0
Ibis budget Nice,2024,8,F_B,SANS ALCOOL,0,217.0,516.8000000000001,143.0,16.0
Ibis budget Nice,2024,8,F_B,SANS ALCOOL,1,105.0,247.20000000000002,64.0,16.0
Ibis budget Nice,2024,8,N_F_B,ACCESSOIRES,0,15.0,157.0,10.0,9.0
Ibis budget Nice,2024,8,N_F_B,ACCESSOIRES,1,8.0,102.0,8.0,4.0
Ibis budget Nice,2024,8,N_F_B,COSMETIQUE,0,2.0,19.0,2.0,2.0
Ibis budget Nice,2024,8,N_F_B,COSMETIQUE,1,1.0,10.0,1.0,1.0
Ibis budget Nice,2024,8,N_F_B,JEUX / ENFANTS,0,3.0,54.0,3.0,1.0
Ibis budget Nice,2024,8,N_F_B,PAP,0,1.0,10.0,1.0,1.0
Ibis budget Nice,2024,8,N_F_B,PAP,1,1.0,10.0,1.0,1.0
Ibis budget Nice,2024,9,F_B,FOOD SALEE,0,7.0,15.5,7.0,3.0
Ibis budget Nice,2024,9,F_B,FOOD SALEE,1,10.0,21.0,8.0,3.0
Ibis budget Nice,2024,9,F_B,FOOD SUCREE,0,16.0,30.0,14.0,5.0
Ibis budget Nice,2024,9,F_B,FOOD SUCREE,1,9.0,17.5,7.0,6.0
Ibis budget Nice,2024,9,F_B,SANS ALCOOL,0,127.0,294.6,89.0,15.0
Ibis budget Nice,2024,9,F_B,SANS ALCOOL,1,67.0,162.6,41.0,13.0
Ibis budget Nice,2024,9,N_F_B,ACCESSOIRES,0,13.0,145.0,11.0,7.0
Ibis budget Nice,2024,9,N_F_B,ACCESSOIRES,1,1.0,6.0,1.0,1.0
Ibis budget Nice,2024,9,N_F_B,COSMETIQUE,1,1.0,10.0,1.0,1.0
Ibis budget Nice,2024,9,N_F_B,PAP,0,5.0,49.0,5.0,5.0
Ibis budget Nice,2024,9,N_F_B,PAP,1,2.0,20.0,2.0,2.0
Ibis budget Nice,2024,10,F_B,FOOD SALEE,0,10.0,21.5,9.0,3.0
Ibis budget Nice,2024,10,F_B,FOOD SALEE,1,4.0,9.0,4.0,3.0
Ibis budget Nice,2024,10,F_B,FOOD SUCREE,0,16.0,31.5,11.0,7.0
Ibis budget Nice,2024,10,F_B,FOOD SUCREE,1,4.0,8.5,3.0,3.0
Ibis budget Nice,2024,10,F_B,SANS ALCOOL,0,101.0,230.9,69.0,15.0
Ibis budget Nice,2024,10,F_B,SANS ALCOOL,1,46.0,105.9,34.0,11.0
Ibis budget Nice,2024,10,N_F_B,ACCESSOIRES,0,10.0,92.0,7.0,8.0
Ibis budget Nice,2024,10,N_F_B,ACCESSOIRES,1,1.0,6.0,1.0,1.0
Ibis budget Nice,2024,10,N_F_B,PAP,0,4.0,35.0,4.0,3.0
Ibis budget Nice,2024,10,N_F_B,SOS,0,3.0,42.0,2.0,1.0
Ibis budget Nice,2024,10,N_F_B,SOS,1,1.0,14.0,1.0,1.0
Ibis budget Nice,2024,11,F_B,FOOD SALEE,0,2.0,4.5,2.0,2.0
Ibis budget Nice,2024,11,F_B,FOOD SALEE,1,4.0,8.5,3.0,4.0
Ibis budget Nice,2024,11,F_B,FOOD SUCREE,0,7.0,11.5,7.0,5.0
Ibis budget Nice,2024,11,F_B,FOOD SUCREE,1,6.0,9.0,6.0,3.0
Ibis budget Nice,2024,11,F_B,SANS ALCOOL,0,46.0,111.60000000000001,34.0,15.0
Ibis budget Nice,2024,11,F_B,SANS ALCOOL,1,33.0,78.10000000000001,25.0,14.0
Ibis budget Nice,2024,11,N_F_B,ACCESSOIRES,1,2.0,12.0,2.0,2.0
Ibis budget Nice,2024,11,N_F_B,PAP,0,1.0,6.0,1.0,1.0
Ibis budget Nice,2024,12,F_B,FOOD SALEE,0,7.0,15.0,6.0,3.0
Ibis budget Nice,2024,12,F_B,FOOD SUCREE,0,15.0,26.5,9.0,6.0
Ibis budget Nice,2024,12,F_B,SANS ALCOOL,0,55.0,124.7,42.0,14.0
Ibis budget Nice,2024,12,F_B,SANS ALCOOL,1,31.0,69.80000000000001,18.0,7.0
Ibis budget Nice,2024,12,N_F_B,ACCESSOIRES,0,1.0,13.0,1.0,1.0
Ibis budget Nice,2025,1,F_B,FOOD SALEE,0,10.0,20.5,8.0,4.0
Ibis budget Nice,2025,1,F_B,FOOD SALEE,1,4.0,8.0,2.0,3.0
Ibis budget Nice,2025,1,F_B,FOOD SUCREE,0,13.0,20.5,10.0,4.0
Ibis budget Nice,2025,1,F_B,FOOD SUCREE,1,2.0,4.5,2.0,2.0
Ibis budget Nice,2025,1,F_B,SANS ALCOOL,0,92.0,214.20000000000002,64.0,15.0
Ibis budget Nice,2025,1,F_B,SANS ALCOOL,1,19.0,43.900000000000006,14.0,9.0
Ibis budget Nice,2025,1,N_F_B,ACCESSOIRES,0,1.0,10.0,1.0,1.0
Ibis budget Nice,2025,1,N_F_B,ACCESSOIRES,1,1.0,10.0,1.0,1.0
Ibis budget Nice,2025,1,N_F_B,SOS,0,1.0,14.0,1.0,1.0
Ibis budget Nice,2025,2,F_B,FOOD SALEE,0,8.0,16.0,4.0,2.0
Ibis budget Nice,2025,2,F_B,FOOD SALEE,1,2.0,4.0,2.0,2.0
Ibis budget Nice,2025,2,F_B,FOOD SUCREE,0,5.0,10.5,4.0,4.0
Ibis budget Nice,2025,2,F_B,FOOD SUCREE,1,4.0,7.0,4.0,2.0
Ibis budget Nice,2025,2,F_B,SANS ALCOOL,0,50.0,120.80000000000001,34.0,13.0
Ibis budget Nice,2025,2,F_B,SANS ALCOOL,1,39.0,94.0,31.0,13.0
Ibis budget Nice,2025,2,N_F_B,ACCESSOIRES,0,1.0,10.0,1.0,1.0
Ibis budget Nice,2025,2,N_F_B,PAP,0,1.0,6.0,1.0,1.0
Ibis budget Nice,2025,3,F_B,FOOD SALEE,0,1.0,2.0,1.0,1.0
Ibis budget Nice,2025,3,F_B,FOOD SALEE,1,8.0,17.5,6.0,4.0
Ibis budget Nice,2025,3,F_B,FOOD SUCREE,0,19.0,34.4,14.0,5.0
Ibis budget Nice,2025,3,F_B,FOOD SUCREE,1,4.0,6.6,4.0,3.0
Ibis budget Nice,2025,3,F_B,SANS ALCOOL,0,141.0,340.8,113.0,17.0
Ibis budget Nice,2025,3,F_B,SANS ALCOOL,1,70.0,177.3,57.0,17.0
Ibis budget Nice,2025,3,N_F_B,#REF!,0,0.0,22.0,2.0,0.0
Ibis budget Nice,2025,3,N_F_B,ACCESSOIRES,0,1.0,15.0,1.0,1.0
Ibis budget Nice,2025,3,N_F_B,ACCESSOIRES,1,1.0,10.0,1.0,1.0
Ibis budget Nice,2025,4,F_B,FOOD SALEE,0,15.0,37.0,12.0,5.0
Ibis budget Nice,2025,4,F_B,FOOD SALEE,1,5.0,18.5,3.0,4.0
Ibis budget Nice,2025,4,F_B,FOOD SUCREE,0,14.0,30.0,13.0,5.0
Ibis budget Nice,2025,4,F_B,FOOD SUCREE,1,4.0,9.6,3.0,3.0
Ibis budget Nice,2025,4,F_B,SANS ALCOOL,0,165.0,396.0,124.0,17.0
Ibis budget Nice,2025,4,F_B,SANS ALCOOL,1,44.0,102.10000000000001,34.0,10.0
Ibis budget Nice,2025,4,N_F_B,#REF!,0,1.0,12.0,1.0,1.0
Ibis budget Nice,2025,4,N_F_B,ACCESSOIRES,0,8.0,110.1,7.0,8.0
Ibis budget Nice,2025,4,N_F_B,ACCESSOIRES,1,4.0,34.0,2.0,3.0
Ibis budget Nice,2025,4,N_F_B,COSMETIQUE,0,1.0,9.0,1.0,1.0
Ibis budget Nice,2025,4,N_F_B,PAP,0,4.0,44.0,3.0,4.0
Ibis budget Nice,2025,4,N_F_B,SOS,0,1.0,14.0,1.0,1.0
Ibis budget Nice,2025,5,F_B,FOOD SALEE,0,14.0,53.0,9.0,5.0
Ibis budget Nice,2025,5,F_B,FOOD SALEE,1,7.0,17.5,5.0,3.0
Ibis budget Nice,2025,5,F_B,SANS ALCOOL,0,246.0,574.1,158.0,18.0
Ibis budget Nice,2025,5,F_B,SANS ALCOOL,1,104.0,245.60000000000002,66.0,16.0
Ibis budget Nice,2025,5,N_F_B,#REF!,0,13.0,167.0,13.0,6.0
Ibis budget Nice,2025,5,N_F_B,ACCESSOIRES,0,15.0,167.0,12.0,10.0
Ibis budget Nice,2025,5,N_F_B,ACCESSOIRES,1,5.0,40.0,5.0,5.0
Ibis budget Nice,2025,5,N_F_B,JEUX / ENFANTS,0,1.0,18.0,1.0,1.0
Ibis budget Nice,2025,5,N_F_B,PAP,0,2.0,20.0,2.0,2.0
Ibis budget Nice,2025,5,N_F_B,PAP,1,3.0,30.0,3.0,2.0
Ibis budget Nice,2025,5,N_F_B,SOS,1,1.0,14.0,1.0,1.0
Ibis budget Nice,2025,6,F_B,FOOD SALEE,0,22.0,54.5,16.0,5.0
Ibis budget Nice,2025,6,F_B,FOOD SALEE,1,3.0,13.0,3.0,3.0
Ibis budget Nice,2025,6,F_B,SANS ALCOOL,0,238.0,557.7,157.0,18.0
Ibis budget Nice,2025,6,F_B,SANS ALCOOL,1,144.0,336.5,85.0,18.0
Ibis budget Nice,2025,6,N_F_B,#REF!,0,15.0,185.0,12.0,8.0
Ibis budget Nice,2025,6,N_F_B,#REF!,1,8.0,110.0,7.0,3.0
Ibis budget Nice,2025,6,N_F_B,ACCESSOIRES,0,21.0,149.0,17.0,10.0
Ibis budget Nice,2025,6,N_F_B,ACCESSOIRES,1,10.0,71.0,10.0,7.0
Ibis budget Nice,2025,6,N_F_B,JEUX / ENFANTS,0,2.0,36.0,2.0,1.0
Ibis budget Nice,2025,6,N_F_B,PAP,0,4.0,43.0,4.0,4.0
Ibis budget Nice,2025,6,N_F_B,PAP,1,5.0,70.0,7.0,4.0
Ibis budget Nice,2025,6,N_F_B,SOS,0,1.0,8.0,1.0,1.0
Ibis budget Nice,2025,7,F_B,FOOD SALEE,0,30.0,91.0,25.0,9.0
Ibis budget Nice,2025,7,F_B,FOOD SALEE,1,12.0,30.0,9.0,6.0
Ibis budget Nice,2025,7,F_B,SANS ALCOOL,0,256.0,613.3000000000001,181.0,18.0
Ibis budget Nice,2025,7,F_B,SANS ALCOOL,1,87.0,205.3,55.0,15.0
Ibis budget Nice,2025,7,N_F_B,#REF!,0,23.0,293.0,20.0,12.0
Ibis budget Nice,2025,7,N_F_B,#REF!,1,10.0,132.0,6.0,5.0
Ibis budget Nice,2025,7,N_F_B,ACCESSOIRES,0,19.0,179.0,18.0,8.0
Ibis budget Nice,2025,7,N_F_B,ACCESSOIRES,1,3.0,23.0,3.0,3.0
Ibis budget Nice,2025,7,N_F_B,JEUX / ENFANTS,0,1.0,18.0,1.0,1.0
Ibis budget Nice,2025,7,N_F_B,JEUX / ENFANTS,1,1.0,18.0,1.0,1.0
Ibis budget Nice,2025,7,N_F_B,PAP,0,7.0,68.0,7.0,4.0
Ibis budget Nice,2025,7,N_F_B,PAP,1,2.0,20.0,2.0,2.0
Ibis budget Nice,2025,8,F_B,FOOD SALEE,0,21.0,64.0,16.0,8.0
Ibis budget Nice,2025,8,F_B,FOOD SALEE,1,5.0,19.0,4.0,4.0
Ibis budget Nice,2025,8,F_B,SANS ALCOOL,0,258.0,614.3000000000001,168.0,18.0
Ibis budget Nice,2025,8,F_B,SANS ALCOOL,1,111.0,254.5,63.0,16.0
Ibis budget Nice,2025,8,N_F_B,#REF!,0,16.0,203.0,15.0,9.0
Ibis budget Nice,2025,8,N_F_B,#REF!,1,14.0,157.0,14.0,9.0
Ibis budget Nice,2025,8,N_F_B,ACCESSOIRES,0,25.0,196.0,19.0,12.0
Ibis budget Nice,2025,8,N_F_B,ACCESSOIRES,1,28.0,257.0,17.0,12.0
Ibis budget Nice,2025,8,N_F_B,JEUX / ENFANTS,1,2.0,36.0,2.0,1.0
Ibis budget Nice,2025,9,F_B,FOOD SALEE,0,25.0,69.0,20.0,8.0
Ibis budget Nice,2025,9,F_B,FOOD SALEE,1,10.0,25.5,9.0,6.0
Ibis budget Nice,2025,9,F_B,SANS ALCOOL,0,187.0,445.40000000000003,132.0,18.0
Ibis budget Nice,2025,9,F_B,SANS ALCOOL,1,127.0,287.7,79.0,17.0
Ibis budget Nice,2025,9,N_F_B,#REF!,0,26.0,349.0,25.0,11.0
Ibis budget Nice,2025,9,N_F_B,#REF!,1,6.0,75.0,6.0,3.0
Ibis budget Nice,2025,9,N_F_B,ACCESSOIRES,0,28.0,208.0,26.0,14.0
Ibis budget Nice,2025,9,N_F_B,ACCESSOIRES,1,4.0,24.0,4.0,3.0
Ibis budget Nice,2025,9,N_F_B,PAP,0,2.0,23.0,2.0,2.0
Ibis budget Nice,2025,10,F_B,FOOD SALEE,0,20.0,48.5,17.0,6.0
Ibis budget Nice,2025,10,F_B,FOOD SALEE,1,12.0,43.0,10.0,6.0
Ibis budget Nice,2025,10,F_B,SANS ALCOOL,0,191.0,454.20000000000005,125.0,18.0
Ibis budget Nice,2025,10,F_B,SANS ALCOOL,1,62.0,149.3,43.0,16.0
Ibis budget Nice,2025,10,N_F_B,#REF!,0,10.0,104.0,9.0,6.0
Ibis budget Nice,2025,10,N_F_B,#REF!,1,1.0,12.0,1.0,1.0
Ibis budget Nice,2025,10,N_F_B,ACCESSOIRES,0,15.0,120.0,12.0,10.0
Ibis budget Nice,2025,10,N_F_B,ACCESSOIRES,1,5.0,35.0,4.0,5.0
Ibis budget Nice,2025,10,N_F_B,PAP,0,3.0,30.0,3.0,2.0
Ibis budget Nice,2025,11,F_B,FOOD SALEE,0,12.0,31.0,9.0,6.0
Ibis budget Nice,2025,11,F_B,FOOD SALEE,1,5.0,15.0,5.0,5.0
Ibis budget Nice,2025,11,F_B,SANS ALCOOL,0,96.0,224.9,68.0,18.0
Ibis budget Nice,2025,11,F_B,SANS ALCOOL,1,77.0,178.20000000000002,50.0,16.0
Ibis budget Nice,2025,11,NAN,nan,1,3.0,6.0,2.0,1.0
Ibis budget Nice,2025,11,N_F_B,#REF!,1,7.0,84.0,7.0,3.0
Ibis budget Nice,2025,11,N_F_B,ACCESSOIRES,0,1.0,6.0,1.0,1.0
Ibis budget Nice,2025,11,N_F_B,ACCESSOIRES,1,1.0,6.0,1.0,1.0
Ibis budget Nice,2025,12,F_B,FOOD SALEE,0,6.0,16.0,5.0,4.0
Ibis budget Nice,2025,12,F_B,FOOD SALEE,1,2.0,6.0,2.0,2.0
Ibis budget Nice,2025,12,F_B,SANS ALCOOL,0,94.0,225.10000000000002,58.0,14.0
Ibis budget Nice,2025,12,F_B,SANS ALCOOL,1,35.0,86.80000000000001,24.0,12.0
Ibis budget Nice,2025,12,NAN,nan,0,15.0,52.0,14.0,3.0
Ibis budget Nice,2025,12,NAN,nan,1,3.0,6.0,3.0,1.0
Ibis budget Nice,2025,12,N_F_B,#REF!,0,3.0,32.0,3.0,2.0
Ibis budget Nice,2025,12,N_F_B,ACCESSOIRES,0,3.0,24.0,3.0,3.0
Ibis budget Nice,2025,12,N_F_B,PAP,0,1.0,16.0,1.0,1.0
Ibis budget Nice,2025,12,N_F_B,SOS,1,1.0,4.0,1.0,1.0
Ibis budget Strasbourg Centre République,2024,10,F_B,FOOD SALEE,0,10.0,50.0,9.0,4.0
Ibis budget Strasbourg Centre République,2024,10,F_B,FOOD SALEE,1,5.0,92.5,4.0,2.0
Ibis budget Strasbourg Centre République,2024,10,F_B,FOOD SUCREE,0,26.0,75.5,21.0,6.0
Ibis budget Strasbourg Centre République,2024,10,F_B,FOOD SUCREE,1,13.0,63.0,5.0,5.0
Ibis budget Strasbourg Centre République,2024,10,F_B,SANS ALCOOL,0,70.0,254.0,53.0,11.0
Ibis budget Strasbourg Centre République,2024,10,F_B,SANS ALCOOL,1,27.0,83.5,20.0,11.0
Ibis budget Strasbourg Centre République,2024,11,F_B,FOOD SALEE,0,23.0,237.5,20.0,4.0
Ibis budget Strasbourg Centre République,2024,11,F_B,FOOD SALEE,1,4.0,27.5,3.0,2.0
Ibis budget Strasbourg Centre République,2024,11,F_B,FOOD SUCREE,0,71.0,205.0,57.0,11.0
Ibis budget Strasbourg Centre République,2024,11,F_B,FOOD SUCREE,1,20.0,69.0,16.0,8.0
Ibis budget Strasbourg Centre République,2024,11,F_B,SANS ALCOOL,0,88.0,237.5,80.0,12.0
Ibis budget Strasbourg Centre République,2024,11,F_B,SANS ALCOOL,1,46.0,167.0,34.0,12.0
Ibis budget Strasbourg Centre République,2024,12,F_B,FOOD SALEE,0,24.0,77.5,22.0,4.0
Ibis budget Strasbourg Centre République,2024,12,F_B,FOOD SALEE,1,7.0,17.5,7.0,3.0
Ibis budget Strasbourg Centre République,2024,12,F_B,FOOD SUCREE,0,71.0,206.5,58.0,10.0
Ibis budget Strasbourg Centre République,2024,12,F_B,FOOD SUCREE,1,30.0,116.0,18.0,8.0
Ibis budget Strasbourg Centre République,2024,12,F_B,SANS ALCOOL,0,184.0,673.5,140.0,13.0
Ibis budget Strasbourg Centre République,2024,12,F_B,SANS ALCOOL,1,67.0,244.5,49.0,11.0
Ibis budget Strasbourg Centre République,2025,1,F_B,FOOD SALEE,0,16.0,70.0,13.0,2.0
Ibis budget Strasbourg Centre République,2025,1,F_B,FOOD SALEE,1,5.0,12.5,5.0,2.0
Ibis budget Strasbourg Centre République,2025,1,F_B,FOOD SUCREE,0,43.0,116.0,36.0,8.0
Ibis budget Strasbourg Centre République,2025,1,F_B,FOOD SUCREE,1,12.0,60.0,5.0,5.0
Ibis budget Strasbourg Centre République,2025,1,F_B,SANS ALCOOL,0,120.0,364.0,95.0,13.0
Ibis budget Strasbourg Centre République,2025,1,F_B,SANS ALCOOL,1,21.0,78.0,14.0,8.0
Ibis budget Strasbourg Centre République,2025,2,F_B,FOOD SALEE,0,12.0,30.0,11.0,2.0
Ibis budget Strasbourg Centre République,2025,2,F_B,FOOD SALEE,1,9.0,55.0,5.0,3.0
Ibis budget Strasbourg Centre République,2025,2,F_B,FOOD SUCREE,0,31.0,85.0,17.0,8.0
Ibis budget Strasbourg Centre République,2025,2,F_B,FOOD SUCREE,1,26.0,108.5,11.0,7.0
Ibis budget Strasbourg Centre République,2025,2,F_B,SANS ALCOOL,0,90.0,327.0,65.0,12.0
Ibis budget Strasbourg Centre République,2025,2,F_B,SANS ALCOOL,1,28.0,139.5,20.0,9.0
Ibis budget Strasbourg Centre République,2025,3,F_B,FOOD SALEE,0,10.0,77.0,8.0,5.0
Ibis budget Strasbourg Centre République,2025,3,F_B,FOOD SALEE,1,12.0,89.5,11.0,4.0
Ibis budget Strasbourg Centre République,2025,3,F_B,FOOD SUCREE,0,64.0,215.5,42.0,10.0
Ibis budget Strasbourg Centre République,2025,3,F_B,FOOD SUCREE,1,34.0,104.5,23.0,9.0
Ibis budget Strasbourg Centre République,2025,3,F_B,SANS ALCOOL,0,98.0,280.5,84.0,12.0
Ibis budget Strasbourg Centre République,2025,3,F_B,SANS ALCOOL,1,52.0,157.5,37.0,11.0
Ibis budget Strasbourg Centre République,2025,4,F_B,FOOD SALEE,0,18.0,156.0,15.0,5.0
Ibis budget Strasbourg Centre République,2025,4,F_B,FOOD SALEE,1,7.0,46.5,7.0,4.0
Ibis budget Strasbourg Centre République,2025,4,F_B,FOOD SUCREE,0,50.0,165.5,36.0,8.0
Ibis budget Strasbourg Centre République,2025,4,F_B,FOOD SUCREE,1,17.0,65.5,14.0,6.0
Ibis budget Strasbourg Centre République,2025,4,F_B,SANS ALCOOL,0,142.0,446.5,106.0,11.0
Ibis budget Strasbourg Centre République,2025,4,F_B,SANS ALCOOL,1,59.0,198.0,43.0,10.0
Ibis budget Strasbourg Centre République,2025,5,F_B,FOOD SALEE,0,11.0,42.5,10.0,4.0
Ibis budget Strasbourg Centre République,2025,5,F_B,FOOD SALEE,1,1.0,2.5,1.0,1.0
Ibis budget Strasbourg Centre République,2025,5,F_B,FOOD SUCREE,0,27.0,82.0,22.0,9.0
Ibis budget Strasbourg Centre République,2025,5,F_B,FOOD SUCREE,1,14.0,41.0,9.0,6.0
Ibis budget Strasbourg Centre République,2025,5,F_B,SANS ALCOOL,0,111.0,354.5,85.0,10.0
Ibis budget Strasbourg Centre République,2025,5,F_B,SANS ALCOOL,1,49.0,131.5,39.0,9.0
Ibis budget Strasbourg Centre République,2025,6,F_B,FOOD SALEE,0,17.0,61.0,15.0,4.0
Ibis budget Strasbourg Centre République,2025,6,F_B,FOOD SALEE,1,24.0,102.5,18.0,3.0
Ibis budget Strasbourg Centre République,2025,6,F_B,FOOD SUCREE,0,50.0,132.5,44.0,9.0
Ibis budget Strasbourg Centre République,2025,6,F_B,FOOD SUCREE,1,37.0,103.0,30.0,9.0
Ibis budget Strasbourg Centre République,2025,6,F_B,SANS ALCOOL,0,225.0,959.5,151.0,11.0
Ibis budget Strasbourg Centre République,2025,6,F_B,SANS ALCOOL,1,127.0,350.5,100.0,11.0
Ibis budget Strasbourg Centre République,2025,7,F_B,FOOD SALEE,0,36.0,207.5,23.0,3.0
Ibis budget Strasbourg Centre République,2025,7,F_B,FOOD SALEE,1,11.0,63.0,7.0,4.0
Ibis budget Strasbourg Centre République,2025,7,F_B,FOOD SUCREE,0,73.0,225.5,49.0,8.0
Ibis budget Strasbourg Centre République,2025,7,F_B,FOOD SUCREE,1,23.0,84.0,14.0,8.0
Ibis budget Strasbourg Centre République,2025,7,F_B,SANS ALCOOL,0,190.0,641.0,143.0,11.0
Ibis budget Strasbourg Centre République,2025,7,F_B,SANS ALCOOL,1,77.0,254.5,49.0,11.0
Ibis budget Strasbourg Centre République,2025,8,F_B,FOOD SALEE,0,30.0,153.0,26.0,4.0
Ibis budget Strasbourg Centre République,2025,8,F_B,FOOD SALEE,1,11.0,52.5,8.0,3.0
Ibis budget Strasbourg Centre République,2025,8,F_B,FOOD SUCREE,0,52.0,139.0,40.0,8.0
Ibis budget Strasbourg Centre République,2025,8,F_B,FOOD SUCREE,1,28.0,83.5,21.0,6.0
Ibis budget Strasbourg Centre République,2025,8,F_B,SANS ALCOOL,0,263.0,806.5,190.0,11.0
Ibis budget Strasbourg Centre République,2025,8,F_B,SANS ALCOOL,1,162.0,534.0,106.0,11.0
Ibis budget Strasbourg Centre République,2025,9,F_B,FOOD SALEE,0,9.0,37.5,9.0,2.0
Ibis budget Strasbourg Centre République,2025,9,F_B,FOOD SALEE,1,8.0,42.5,5.0,3.0
Ibis budget Strasbourg Centre République,2025,9,F_B,FOOD SUCREE,0,38.0,101.5,33.0,8.0
Ibis budget Strasbourg Centre République,2025,9,F_B,FOOD SUCREE,1,9.0,29.0,7.0,4.0
Ibis budget Strasbourg Centre République,2025,9,F_B,SANS ALCOOL,0,91.0,268.5,80.0,11.0
Ibis budget Strasbourg Centre République,2025,9,F_B,SANS ALCOOL,1,52.0,160.0,44.0,7.0
Ibis budget Strasbourg Centre République,2025,10,F_B,FOOD SALEE,0,26.0,102.5,19.0,3.0
Ibis budget Strasbourg Centre République,2025,10,F_B,FOOD SALEE,1,6.0,22.5,6.0,3.0
Ibis budget Strasbourg Centre République,2025,10,F_B,FOOD SUCREE,0,57.0,175.0,43.0,9.0
Ibis budget Strasbourg Centre République,2025,10,F_B,FOOD SUCREE,1,9.0,23.0,9.0,7.0
Ibis budget Strasbourg Centre République,2025,10,F_B,SANS ALCOOL,0,161.0,515.5,131.0,11.0
Ibis budget Strasbourg Centre République,2025,10,F_B,SANS ALCOOL,1,50.0,152.0,38.0,10.0
Ibis budget Strasbourg Centre République,2025,11,F_B,FOOD SALEE,0,29.0,132.5,21.0,3.0
Ibis budget Strasbourg Centre République,2025,11,F_B,FOOD SALEE,1,15.0,52.5,13.0,3.0
Ibis budget Strasbourg Centre République,2025,11,F_B,FOOD SUCREE,0,50.0,143.5,36.0,8.0
Ibis budget Strasbourg Centre République,2025,11,F_B,FOOD SUCREE,1,43.0,143.5,28.0,8.0
Ibis budget Strasbourg Centre République,2025,11,F_B,SANS ALCOOL,0,147.0,494.5,109.0,11.0
Ibis budget Strasbourg Centre République,2025,11,F_B,SANS ALCOOL,1,70.0,226.0,55.0,11.0
Ibis budget Strasbourg Centre République,2025,12,F_B,FOOD SALEE,0,36.0,152.5,28.0,3.0
Ibis budget Strasbourg Centre République,2025,12,F_B,FOOD SALEE,1,15.0,47.5,12.0,2.0
Ibis budget Strasbourg Centre République,2025,12,F_B,FOOD SUCREE,0,101.0,278.0,69.0,8.0
Ibis budget Strasbourg Centre République,2025,12,F_B,FOOD SUCREE,1,42.0,129.0,32.0,8.0
Ibis budget Strasbourg Centre République,2025,12,F_B,SANS ALCOOL,0,305.0,1074.5,224.0,11.0
Ibis budget Strasbourg Centre République,2025,12,F_B,SANS ALCOOL,1,128.0,433.0,100.0,11.0
Mercure Paris Montmartre Sacré-Cœur,2024,1,N_F_B,COSMETIQUE,0,2.0,1.0,2.0,1.0
Mercure Paris Montmartre Sacré-Cœur,2024,2,F_B,ALCOOL,0,32.0,284.0,26.0,8.0
Mercure Paris Montmartre Sacré-Cœur,2024,2,F_B,ALCOOL,1,14.0,151.0,11.0,5.0
Mercure Paris Montmartre Sacré-Cœur,2024,2,F_B,FOOD SALEE,0,25.0,112.0,21.0,10.0
Mercure Paris Montmartre Sacré-Cœur,2024,2,F_B,FOOD SALEE,1,20.0,96.0,14.0,9.0
Mercure Paris Montmartre Sacré-Cœur,2024,2,F_B,FOOD SUCREE,0,22.0,128.0,20.0,10.0
Mercure Paris Montmartre Sacré-Cœur,2024,2,F_B,FOOD SUCREE,1,9.0,42.0,8.0,7.0
Mercure Paris Montmartre Sacré-Cœur,2024,2,F_B,SANS ALCOOL,0,170.0,1181.5,126.0,8.0
Mercure Paris Montmartre Sacré-Cœur,2024,2,F_B,SANS ALCOOL,1,73.0,610.0,51.0,8.0
Mercure Paris Montmartre Sacré-Cœur,2024,2,N_F_B,COSMETIQUE,0,1.0,30.0,1.0,1.0
Mercure Paris Montmartre Sacré-Cœur,2024,2,N_F_B,COSMETIQUE,1,6.0,260.0,3.0,4.0
Mercure Paris Montmartre Sacré-Cœur,2024,2,N_F_B,SOS,0,1.0,9.0,1.0,1.0
Mercure Paris Montmartre Sacré-Cœur,2024,2,N_F_B,SOS,1,3.0,79.0,3.0,2.0
Mercure Paris Montmartre Sacré-Cœur,2024,3,F_B,ALCOOL,0,48.0,369.0,38.0,7.0
Mercure Paris Montmartre Sacré-Cœur,2024,3,F_B,ALCOOL,1,23.0,215.0,19.0,7.0
Mercure Paris Montmartre Sacré-Cœur,2024,3,F_B,FOOD SALEE,0,17.0,120.0,13.0,6.0
Mercure Paris Montmartre Sacré-Cœur,2024,3,F_B,FOOD SALEE,1,14.0,69.0,13.0,7.0
Mercure Paris Montmartre Sacré-Cœur,2024,3,F_B,FOOD SUCREE,0,57.0,214.0,46.0,8.0
Mercure Paris Montmartre Sacré-Cœur,2024,3,F_B,FOOD SUCREE,1,50.0,183.0,39.0,9.0
Mercure Paris Montmartre Sacré-Cœur,2024,3,F_B,SANS ALCOOL,0,280.0,1842.5,215.0,8.0
Mercure Paris Montmartre Sacré-Cœur,2024,3,F_B,SANS ALCOOL,1,143.0,922.5,105.0,7.0
Mercure Paris Montmartre Sacré-Cœur,2024,3,N_F_B,COSMETIQUE,0,6.0,146.0,5.0,5.0
Mercure Paris Montmartre Sacré-Cœur,2024,3,N_F_B,COSMETIQUE,1,1.0,14.0,1.0,1.0
Mercure Paris Montmartre Sacré-Cœur,2024,3,N_F_B,SOS,0,8.0,250.0,6.0,2.0
Mercure Paris Montmartre Sacré-Cœur,2024,3,N_F_B,SOS,1,4.0,168.0,3.0,1.0
Mercure Paris Montmartre Sacré-Cœur,2024,3,N_F_B,SOUVENIRS,0,2.0,44.0,2.0,1.0
Mercure Paris Montmartre Sacré-Cœur,2024,4,F_B,ALCOOL,0,78.0,698.0,60.0,9.0
Mercure Paris Montmartre Sacré-Cœur,2024,4,F_B,ALCOOL,1,35.0,356.0,27.0,6.0
Mercure Paris Montmartre Sacré-Cœur,2024,4,F_B,FOOD SALEE,0,38.0,187.0,37.0,10.0
Mercure Paris Montmartre Sacré-Cœur,2024,4,F_B,FOOD SALEE,1,17.0,92.0,17.0,7.0
Mercure Paris Montmartre Sacré-Cœur,2024,4,F_B,FOOD SUCREE,0,61.0,278.0,40.0,6.0
Mercure Paris Montmartre Sacré-Cœur,2024,4,F_B,FOOD SUCREE,1,25.0,88.0,19.0,5.0
Mercure Paris Montmartre Sacré-Cœur,2024,4,F_B,SANS ALCOOL,0,287.0,1801.0,224.0,11.0
Mercure Paris Montmartre Sacré-Cœur,2024,4,F_B,SANS ALCOOL,1,175.0,1202.0,128.0,10.0
Mercure Paris Montmartre Sacré-Cœur,2024,4,F_B,SOUVENIRS,0,6.0,168.0,4.0,1.0
Mercure Paris Montmartre Sacré-Cœur,2024,4,N_F_B,COSMETIQUE,0,4.0,126.0,3.0,3.0
Mercure Paris Montmartre Sacré-Cœur,2024,4,N_F_B,COSMETIQUE,1,9.0,215.0,7.0,5.0
Mercure Paris Montmartre Sacré-Cœur,2024,4,N_F_B,SOS,0,9.0,236.0,7.0,5.0
Mercure Paris Montmartre Sacré-Cœur,2024,4,N_F_B,SOUVENIRS,0,4.0,192.0,3.0,1.0
Mercure Paris Montmartre Sacré-Cœur,2024,4,N_F_B,SOUVENIRS,1,1.0,32.0,1.0,1.0
Mercure Paris Montmartre Sacré-Cœur,2024,5,F_B,ALCOOL,0,67.0,715.0,47.0,4.0
Mercure Paris Montmartre Sacré-Cœur,2024,5,F_B,ALCOOL,1,32.0,324.0,21.0,4.0
Mercure Paris Montmartre Sacré-Cœur,2024,5,F_B,FOOD SALEE,0,50.0,341.0,44.0,10.0
Mercure Paris Montmartre Sacré-Cœur,2024,5,F_B,FOOD SALEE,1,18.0,90.0,16.0,9.0
Mercure Paris Montmartre Sacré-Cœur,2024,5,F_B,FOOD SUCREE,0,56.0,231.0,38.0,5.0
Mercure Paris Montmartre Sacré-Cœur,2024,5,F_B,FOOD SUCREE,1,11.0,68.0,7.0,4.0
Mercure Paris Montmartre Sacré-Cœur,2024,5,F_B,SANS ALCOOL,0,268.0,1940.0,187.0,9.0
Mercure Paris Montmartre Sacré-Cœur,2024,5,F_B,SANS ALCOOL,1,116.0,820.0,86.0,9.0
Mercure Paris Montmartre Sacré-Cœur,2024,5,N_F_B,COSMETIQUE,0,5.0,111.0,4.0,4.0
Mercure Paris Montmartre Sacré-Cœur,2024,5,N_F_B,COSMETIQUE,1,2.0,52.0,2.0,2.0
Mercure Paris Montmartre Sacré-Cœur,2024,5,N_F_B,SOS,0,11.0,106.0,7.0,5.0
Mercure Paris Montmartre Sacré-Cœur,2024,5,N_F_B,SOS,1,3.0,18.0,3.0,3.0
Mercure Paris Montmartre Sacré-Cœur,2024,5,N_F_B,SOUVENIRS,1,1.0,32.0,1.0,1.0
Mercure Paris Montmartre Sacré-Cœur,2024,6,F_B,ALCOOL,0,52.0,469.0,37.0,3.0
Mercure Paris Montmartre Sacré-Cœur,2024,6,F_B,ALCOOL,1,19.0,205.0,12.0,4.0
Mercure Paris Montmartre Sacré-Cœur,2024,6,F_B,FOOD SALEE,0,36.0,194.0,31.0,8.0
Mercure Paris Montmartre Sacré-Cœur,2024,6,F_B,FOOD SALEE,1,20.0,102.0,18.0,7.0
Mercure Paris Montmartre Sacré-Cœur,2024,6,F_B,FOOD SUCREE,0,81.0,307.0,61.0,4.0
Mercure Paris Montmartre Sacré-Cœur,2024,6,F_B,FOOD SUCREE,1,26.0,84.0,19.0,2.0
Mercure Paris Montmartre Sacré-Cœur,2024,6,F_B,SANS ALCOOL,0,428.0,3449.0,289.0,10.0
Mercure Paris Montmartre Sacré-Cœur,2024,6,F_B,SANS ALCOOL,1,135.0,875.0,105.0,9.0
Mercure Paris Montmartre Sacré-Cœur,2024,6,F_B,SOUVENIRS,0,2.0,30.0,2.0,1.0
Mercure Paris Montmartre Sacré-Cœur,2024,6,F_B,SOUVENIRS,1,1.0,15.0,1.0,1.0
Mercure Paris Montmartre Sacré-Cœur,2024,6,N_F_B,COSMETIQUE,0,5.0,157.0,3.0,2.0
Mercure Paris Montmartre Sacré-Cœur,2024,6,N_F_B,SOS,1,1.0,8.0,1.0,1.0
Mercure Paris Montmartre Sacré-Cœur,2024,6,N_F_B,SOUVENIRS,1,1.0,42.0,1.0,1.0
Mercure Paris Montmartre Sacré-Cœur,2024,7,F_B,ALCOOL,0,89.0,1042.0,58.0,5.0
Mercure Paris Montmartre Sacré-Cœur,2024,7,F_B,ALCOOL,1,7.0,179.0,5.0,4.0
Mercure Paris Montmartre Sacré-Cœur,2024,7,F_B,FOOD SALEE,0,48.0,280.0,40.0,5.0
Mercure Paris Montmartre Sacré-Cœur,2024,7,F_B,FOOD SALEE,1,10.0,60.0,9.0,3.0
Mercure Paris Montmartre Sacré-Cœur,2024,7,F_B,FOOD SUCREE,0,107.0,369.0,76.0,6.0
Mercure Paris Montmartre Sacré-Cœur,2024,7,F_B,FOOD SUCREE,1,21.0,82.0,15.0,4.0
Mercure Paris Montmartre Sacré-Cœur,2024,7,F_B,SANS ALCOOL,0,303.0,4205.0,186.0,9.0
Mercure Paris Montmartre Sacré-Cœur,2024,7,F_B,SANS ALCOOL,1,60.0,430.0,43.0,8.0
Mercure Paris Montmartre Sacré-Cœur,2024,7,F_B,SOUVENIRS,0,1.0,15.0,1.0,1.0
Mercure Paris Montmartre Sacré-Cœur,2024,7,N_F_B,COSMETIQUE,0,3.0,95.0,1.0,3.0
Mercure Paris Montmartre Sacré-Cœur,2024,7,N_F_B,COSMETIQUE,1,1.0,13.0,1.0,1.0
Mercure Paris Montmartre Sacré-Cœur,2024,7,N_F_B,SOS,0,3.0,34.0,3.0,2.0
Mercure Paris Montmartre Sacré-Cœur,2024,7,N_F_B,SOUVENIRS,0,1.0,22.0,1.0,1.0
Mercure Paris Montmartre Sacré-Cœur,2024,8,F_B,ALCOOL,0,67.0,892.0,46.0,4.0
Mercure Paris Montmartre Sacré-Cœur,2024,8,F_B,ALCOOL,1,31.0,429.0,21.0,4.0
Mercure Paris Montmartre Sacré-Cœur,2024,8,F_B,FOOD SALEE,0,44.0,238.0,39.0,3.0
Mercure Paris Montmartre Sacré-Cœur,2024,8,F_B,FOOD SALEE,1,9.0,55.0,7.0,2.0
Mercure Paris Montmartre Sacré-Cœur,2024,8,F_B,FOOD SUCREE,0,92.0,422.0,55.0,5.0
Mercure Paris Montmartre Sacré-Cœur,2024,8,F_B,FOOD SUCREE,1,30.0,146.0,17.0,4.0
Mercure Paris Montmartre Sacré-Cœur,2024,8,F_B,SANS ALCOOL,0,239.0,2085.0,146.0,9.0
Mercure Paris Montmartre Sacré-Cœur,2024,8,F_B,SANS ALCOOL,1,103.0,915.0,67.0,9.0
Mercure Paris Montmartre Sacré-Cœur,2024,8,N_F_B,SOS,0,2.0,30.0,2.0,1.0
Mercure Paris Montmartre Sacré-Cœur,2024,8,N_F_B,SOS,1,3.0,31.0,2.0,2.0
Mercure Paris Montmartre Sacré-Cœur,2024,8,N_F_B,SOUVENIRS,1,1.0,42.0,1.0,1.0
Mercure Paris Montmartre Sacré-Cœur,2024,9,F_B,ALCOOL,0,108.0,1655.0,76.0,4.0
Mercure Paris Montmartre Sacré-Cœur,2024,9,F_B,ALCOOL,1,77.0,1095.0,59.0,4.0
Mercure Paris Montmartre Sacré-Cœur,2024,9,F_B,FOOD SALEE,0,69.0,417.0,59.0,3.0
Mercure Paris Montmartre Sacré-Cœur,2024,9,F_B,FOOD SALEE,1,27.0,147.0,24.0,3.0
Mercure Paris Montmartre Sacré-Cœur,2024,9,F_B,FOOD SUCREE,0,78.0,375.0,51.0,5.0
Mercure Paris Montmartre Sacré-Cœur,2024,9,F_B,FOOD SUCREE,1,29.0,119.0,24.0,7.0
Mercure Paris Montmartre Sacré-Cœur,2024,9,F_B,SANS ALCOOL,0,349.0,2905.0,231.0,9.0
Mercure Paris Montmartre Sacré-Cœur,2024,9,F_B,SANS ALCOOL,1,163.0,1225.0,102.0,9.0
Mercure Paris Montmartre Sacré-Cœur,2024,9,N_F_B,SOS,0,2.0,12.0,2.0,2.0
Mercure Paris Montmartre Sacré-Cœur,2024,9,N_F_B,SOUVENIRS,0,1.0,42.0,1.0,1.0
Mercure Paris Montmartre Sacré-Cœur,2024,10,F_B,ALCOOL,0,129.0,1825.0,87.0,4.0
Mercure Paris Montmartre Sacré-Cœur,2024,10,F_B,ALCOOL,1,53.0,1032.0,36.0,4.0
Mercure Paris Montmartre Sacré-Cœur,2024,10,F_B,FOOD SALEE,0,81.0,527.0,66.0,3.0
Mercure Paris Montmartre Sacré-Cœur,2024,10,F_B,FOOD SALEE,1,35.0,215.0,30.0,3.0
Mercure Paris Montmartre Sacré-Cœur,2024,10,F_B,FOOD SUCREE,0,57.0,292.0,41.0,4.0
Mercure Paris Montmartre Sacré-Cœur,2024,10,F_B,FOOD SUCREE,1,41.0,207.0,28.0,2.0
Mercure Paris Montmartre Sacré-Cœur,2024,10,F_B,SANS ALCOOL,0,458.0,3510.0,284.0,9.0
Mercure Paris Montmartre Sacré-Cœur,2024,10,F_B,SANS ALCOOL,1,192.0,1600.0,116.0,9.0
Mercure Paris Montmartre Sacré-Cœur,2024,10,N_F_B,SOS,0,7.0,91.0,5.0,3.0
Mercure Paris Montmartre Sacré-Cœur,2024,10,N_F_B,SOUVENIRS,0,5.0,219.0,2.0,4.0
Mercure Paris Montmartre Sacré-Cœur,2024,11,F_B,ALCOOL,0,64.0,1010.0,43.0,5.0
Mercure Paris Montmartre Sacré-Cœur,2024,11,F_B,ALCOOL,1,32.0,448.0,23.0,5.0
Mercure Paris Montmartre Sacré-Cœur,2024,11,F_B,FOOD SALEE,0,47.0,341.0,35.0,4.0
Mercure Paris Montmartre Sacré-Cœur,2024,11,F_B,FOOD SALEE,1,30.0,198.0,22.0,4.0
Mercure Paris Montmartre Sacré-Cœur,2024,11,F_B,FOOD SUCREE,0,61.0,233.0,44.0,4.0
Mercure Paris Montmartre Sacré-Cœur,2024,11,F_B,FOOD SUCREE,1,33.0,153.0,21.0,3.0
Mercure Paris Montmartre Sacré-Cœur,2024,11,F_B,SANS ALCOOL,0,302.0,2230.0,190.0,9.0
Mercure Paris Montmartre Sacré-Cœur,2024,11,F_B,SANS ALCOOL,1,135.0,1045.0,87.0,9.0
Mercure Paris Montmartre Sacré-Cœur,2024,11,F_B,SOUVENIRS,0,1.0,15.0,1.0,1.0
Mercure Paris Montmartre Sacré-Cœur,2024,11,N_F_B,COSMETIQUE,0,2.0,25.0,2.0,2.0
Mercure Paris Montmartre Sacré-Cœur,2024,11,N_F_B,SOS,1,1.0,8.0,1.0,1.0
Mercure Paris Montmartre Sacré-Cœur,2024,12,F_B,ALCOOL,0,72.0,1284.0,48.0,4.0
Mercure Paris Montmartre Sacré-Cœur,2024,12,F_B,ALCOOL,1,41.0,755.0,28.0,4.0
Mercure Paris Montmartre Sacré-Cœur,2024,12,F_B,FOOD SALEE,0,50.0,290.0,40.0,4.0
Mercure Paris Montmartre Sacré-Cœur,2024,12,F_B,FOOD SALEE,1,8.0,48.0,7.0,2.0
Mercure Paris Montmartre Sacré-Cœur,2024,12,F_B,FOOD SUCREE,0,72.0,336.0,40.0,4.0
Mercure Paris Montmartre Sacré-Cœur,2024,12,F_B,FOOD SUCREE,1,26.0,96.0,20.0,4.0
Mercure Paris Montmartre Sacré-Cœur,2024,12,F_B,SANS ALCOOL,0,237.0,1825.0,169.0,9.0
Mercure Paris Montmartre Sacré-Cœur,2024,12,F_B,SANS ALCOOL,1,107.0,795.0,71.0,9.0
Mercure Paris Montmartre Sacré-Cœur,2024,12,N_F_B,COSMETIQUE,0,3.0,54.0,3.0,2.0
Mercure Paris Montmartre Sacré-Cœur,2024,12,N_F_B,COSMETIQUE,1,2.0,26.0,1.0,2.0
Mercure Paris Montmartre Sacré-Cœur,2025,1,F_B,ALCOOL,0,59.0,1045.0,48.0,4.0
Mercure Paris Montmartre Sacré-Cœur,2025,1,F_B,ALCOOL,1,22.0,469.0,15.0,4.0
Mercure Paris Montmartre Sacré-Cœur,2025,1,F_B,FOOD SALEE,0,38.0,206.0,32.0,4.0
Mercure Paris Montmartre Sacré-Cœur,2025,1,F_B,FOOD SALEE,1,16.0,68.0,14.0,4.0
Mercure Paris Montmartre Sacré-Cœur,2025,1,F_B,FOOD SUCREE,0,99.0,513.0,51.0,4.0
Mercure Paris Montmartre Sacré-Cœur,2025,1,F_B,FOOD SUCREE,1,32.0,108.0,20.0,4.0
Mercure Paris Montmartre Sacré-Cœur,2025,1,F_B,SANS ALCOOL,0,258.0,2170.0,174.0,9.0
Mercure Paris Montmartre Sacré-Cœur,2025,1,F_B,SANS ALCOOL,1,62.0,460.0,46.0,7.0
Mercure Paris Montmartre Sacré-Cœur,2025,1,F_B,SOUVENIRS,0,1.0,15.0,1.0,1.0
Mercure Paris Montmartre Sacré-Cœur,2025,1,F_B,SOUVENIRS,1,1.0,14.0,1.0,1.0
Mercure Paris Montmartre Sacré-Cœur,2025,1,N_F_B,COSMETIQUE,0,6.0,72.0,6.0,1.0
Mercure Paris Montmartre Sacré-Cœur,2025,1,N_F_B,SOS,0,2.0,23.0,2.0,2.0
Mercure Paris Montmartre Sacré-Cœur,2025,1,N_F_B,SOS,1,1.0,15.0,1.0,1.0
Mercure Paris Montmartre Sacré-Cœur,2025,2,F_B,ALCOOL,0,32.0,395.0,20.0,3.0
Mercure Paris Montmartre Sacré-Cœur,2025,2,F_B,ALCOOL,1,43.0,1408.0,30.0,4.0
Mercure Paris Montmartre Sacré-Cœur,2025,2,F_B,FOOD SALEE,0,28.0,176.0,18.0,4.0
Mercure Paris Montmartre Sacré-Cœur,2025,2,F_B,FOOD SALEE,1,39.0,171.0,34.0,4.0
Mercure Paris Montmartre Sacré-Cœur,2025,2,F_B,FOOD SUCREE,0,47.0,166.0,35.0,4.0
Mercure Paris Montmartre Sacré-Cœur,2025,2,F_B,FOOD SUCREE,1,36.0,105.0,30.0,4.0
Mercure Paris Montmartre Sacré-Cœur,2025,2,F_B,SANS ALCOOL,0,155.0,1045.0,120.0,9.0
Mercure Paris Montmartre Sacré-Cœur,2025,2,F_B,SANS ALCOOL,1,117.0,745.0,93.0,9.0
Mercure Paris Montmartre Sacré-Cœur,2025,2,F_B,SOUVENIRS,0,2.0,29.0,2.0,2.0
Mercure Paris Montmartre Sacré-Cœur,2025,2,N_F_B,COSMETIQUE,0,5.0,60.0,5.0,1.0
Mercure Paris Montmartre Sacré-Cœur,2025,2,N_F_B,SOS,0,2.0,23.0,2.0,2.0
Mercure Paris Montmartre Sacré-Cœur,2025,2,N_F_B,SOS,1,2.0,30.0,2.0,1.0
Mercure Paris Montmartre Sacré-Cœur,2025,2,N_F_B,SOUVENIRS,0,5.0,378.0,3.0,2.0
Mercure Paris Montmartre Sacré-Cœur,2025,3,F_B,ALCOOL,0,58.0,1134.0,43.0,5.0
Mercure Paris Montmartre Sacré-Cœur,2025,3,F_B,ALCOOL,1,30.0,467.0,24.0,4.0
Mercure Paris Montmartre Sacré-Cœur,2025,3,F_B,FOOD SALEE,0,41.0,197.0,35.0,3.0
Mercure Paris Montmartre Sacré-Cœur,2025,3,F_B,FOOD SALEE,1,23.0,141.0,17.0,3.0
Mercure Paris Montmartre Sacré-Cœur,2025,3,F_B,FOOD SUCREE,0,61.0,215.0,44.0,3.0
Mercure Paris Montmartre Sacré-Cœur,2025,3,F_B,FOOD SUCREE,1,38.0,152.0,25.0,4.0
Mercure Paris Montmartre Sacré-Cœur,2025,3,F_B,SANS ALCOOL,0,192.0,1450.0,138.0,9.0
Mercure Paris Montmartre Sacré-Cœur,2025,3,F_B,SANS ALCOOL,1,117.0,805.0,86.0,8.0
Mercure Paris Montmartre Sacré-Cœur,2025,3,F_B,SOUVENIRS,0,1.0,14.0,1.0,1.0
Mercure Paris Montmartre Sacré-Cœur,2025,3,N_F_B,COSMETIQUE,0,5.0,78.0,5.0,2.0
Mercure Paris Montmartre Sacré-Cœur,2025,3,N_F_B,SOS,0,1.0,8.0,1.0,1.0
Mercure Paris Montmartre Sacré-Cœur,2025,3,N_F_B,SOS,1,2.0,8.0,2.0,1.0
Mercure Paris Montmartre Sacré-Cœur,2025,4,F_B,ALCOOL,0,81.0,1427.0,50.0,5.0
Mercure Paris Montmartre Sacré-Cœur,2025,4,F_B,ALCOOL,1,27.0,414.0,23.0,4.0
Mercure Paris Montmartre Sacré-Cœur,2025,4,F_B,FOOD SALEE,0,20.0,88.0,20.0,3.0
Mercure Paris Montmartre Sacré-Cœur,2025,4,F_B,FOOD SALEE,1,19.0,81.0,18.0,3.0
Mercure Paris Montmartre Sacré-Cœur,2025,4,F_B,FOOD SUCREE,0,65.0,272.0,44.0,3.0
Mercure Paris Montmartre Sacré-Cœur,2025,4,F_B,FOOD SUCREE,1,35.0,125.0,24.0,3.0
Mercure Paris Montmartre Sacré-Cœur,2025,4,F_B,SANS ALCOOL,0,181.0,1355.0,126.0,9.0
Mercure Paris Montmartre Sacré-Cœur,2025,4,F_B,SANS ALCOOL,1,75.0,625.0,58.0,6.0
Mercure Paris Montmartre Sacré-Cœur,2025,4,N_F_B,COSMETIQUE,0,5.0,63.0,5.0,3.0
Mercure Paris Montmartre Sacré-Cœur,2025,5,F_B,ALCOOL,0,27.0,529.0,21.0,5.0
Mercure Paris Montmartre Sacré-Cœur,2025,5,F_B,ALCOOL,1,28.0,487.0,22.0,5.0
Mercure Paris Montmartre Sacré-Cœur,2025,5,F_B,FOOD SALEE,0,14.0,58.0,14.0,3.0
Mercure Paris Montmartre Sacré-Cœur,2025,5,F_B,FOOD SALEE,1,13.0,59.0,11.0,3.0
Mercure Paris Montmartre Sacré-Cœur,2025,5,F_B,FOOD SUCREE,0,48.0,148.0,35.0,4.0
Mercure Paris Montmartre Sacré-Cœur,2025,5,F_B,FOOD SUCREE,1,33.0,90.0,27.0,4.0
Mercure Paris Montmartre Sacré-Cœur,2025,5,F_B,SANS ALCOOL,0,120.0,1160.0,79.0,9.0
Mercure Paris Montmartre Sacré-Cœur,2025,5,F_B,SANS ALCOOL,1,66.0,520.0,46.0,9.0
Mercure Paris Montmartre Sacré-Cœur,2025,5,N_F_B,COSMETIQUE,0,2.0,24.0,2.0,1.0
Mercure Paris Montmartre Sacré-Cœur,2025,5,N_F_B,COSMETIQUE,1,1.0,12.0,1.0,1.0
Mercure Paris Montmartre Sacré-Cœur,2025,6,F_B,ALCOOL,0,30.0,501.0,23.0,6.0
Mercure Paris Montmartre Sacré-Cœur,2025,6,F_B,ALCOOL,1,7.0,240.0,7.0,5.0
Mercure Paris Montmartre Sacré-Cœur,2025,6,F_B,FOOD SALEE,0,30.0,132.0,27.0,3.0
Mercure Paris Montmartre Sacré-Cœur,2025,6,F_B,FOOD SALEE,1,10.0,58.0,7.0,3.0
Mercure Paris Montmartre Sacré-Cœur,2025,6,F_B,FOOD SUCREE,0,78.0,245.0,66.0,4.0
Mercure Paris Montmartre Sacré-Cœur,2025,6,F_B,FOOD SUCREE,1,38.0,150.0,26.0,4.0
Mercure Paris Montmartre Sacré-Cœur,2025,6,F_B,SANS ALCOOL,0,163.0,1155.0,123.0,9.0
Mercure Paris Montmartre Sacré-Cœur,2025,6,F_B,SANS ALCOOL,1,99.0,765.0,73.0,7.0
Mercure Paris Montmartre Sacré-Cœur,2025,6,N_F_B,COSMETIQUE,0,7.0,109.0,5.0,2.0
Mercure Paris Montmartre Sacré-Cœur,2025,6,N_F_B,SOS,0,3.0,75.0,2.0,1.0
Mercure Paris Montmartre Sacré-Cœur,2025,6,N_F_B,SOS,1,1.0,15.0,1.0,1.0
Mercure Paris Montmartre Sacré-Cœur,2025,7,F_B,ALCOOL,0,26.0,421.0,22.0,6.0
Mercure Paris Montmartre Sacré-Cœur,2025,7,F_B,ALCOOL,1,5.0,92.0,5.0,4.0
Mercure Paris Montmartre Sacré-Cœur,2025,7,F_B,FOOD SALEE,0,20.0,100.0,17.0,3.0
Mercure Paris Montmartre Sacré-Cœur,2025,7,F_B,FOOD SALEE,1,17.0,173.0,12.0,3.0
Mercure Paris Montmartre Sacré-Cœur,2025,7,F_B,FOOD SUCREE,0,51.0,227.0,35.0,4.0
Mercure Paris Montmartre Sacré-Cœur,2025,7,F_B,FOOD SUCREE,1,13.0,43.0,11.0,4.0
Mercure Paris Montmartre Sacré-Cœur,2025,7,F_B,SANS ALCOOL,0,107.0,695.0,82.0,10.0
Mercure Paris Montmartre Sacré-Cœur,2025,7,F_B,SANS ALCOOL,1,42.0,300.0,33.0,6.0
Mercure Paris Montmartre Sacré-Cœur,2025,7,N_F_B,COSMETIQUE,0,1.0,12.0,1.0,1.0
Mercure Paris Montmartre Sacré-Cœur,2025,7,N_F_B,COSMETIQUE,1,1.0,30.0,1.0,1.0
Mercure Paris Montmartre Sacré-Cœur,2025,7,N_F_B,SOS,1,1.0,15.0,1.0,1.0
Mercure Paris Montmartre Sacré-Cœur,2025,7,N_F_B,SOUVENIRS,0,2.0,44.0,2.0,1.0
Mercure Paris Montmartre Sacré-Cœur,2025,8,F_B,ALCOOL,0,28.0,393.0,20.0,6.0
Mercure Paris Montmartre Sacré-Cœur,2025,8,F_B,ALCOOL,1,5.0,149.0,5.0,5.0
Mercure Paris Montmartre Sacré-Cœur,2025,8,F_B,FOOD SALEE,0,19.0,91.0,17.0,3.0
Mercure Paris Montmartre Sacré-Cœur,2025,8,F_B,FOOD SALEE,1,8.0,44.0,7.0,2.0
Mercure Paris Montmartre Sacré-Cœur,2025,8,F_B,FOOD SUCREE,0,30.0,115.0,21.0,4.0
Mercure Paris Montmartre Sacré-Cœur,2025,8,F_B,FOOD SUCREE,1,23.0,70.0,17.0,4.0
Mercure Paris Montmartre Sacré-Cœur,2025,8,F_B,SANS ALCOOL,0,58.0,482.0,38.0,5.0
Mercure Paris Montmartre Sacré-Cœur,2025,8,F_B,SANS ALCOOL,1,40.0,376.0,28.0,4.0
Mercure Paris Montmartre Sacré-Cœur,2025,8,N_F_B,COSMETIQUE,0,1.0,12.0,1.0,1.0
Mercure Paris Montmartre Sacré-Cœur,2025,8,N_F_B,SOS,1,1.0,15.0,1.0,1.0
Mercure Paris Montmartre Sacré-Cœur,2025,8,N_F_B,SOUVENIRS,0,1.0,42.0,1.0,1.0
Mercure Paris Montmartre Sacré-Cœur,2025,9,F_B,ALCOOL,0,46.0,986.0,32.0,5.0
Mercure Paris Montmartre Sacré-Cœur,2025,9,F_B,ALCOOL,1,23.0,425.0,17.0,5.0
Mercure Paris Montmartre Sacré-Cœur,2025,9,F_B,FOOD SALEE,0,42.0,190.0,39.0,2.0
Mercure Paris Montmartre Sacré-Cœur,2025,9,F_B,FOOD SALEE,1,10.0,44.0,9.0,3.0
Mercure Paris Montmartre Sacré-Cœur,2025,9,F_B,FOOD SUCREE,0,104.0,404.0,69.0,4.0
Mercure Paris Montmartre Sacré-Cœur,2025,9,F_B,FOOD SUCREE,1,25.0,92.0,16.0,3.0
Mercure Paris Montmartre Sacré-Cœur,2025,9,F_B,SANS ALCOOL,0,189.0,1371.0,143.0,5.0
Mercure Paris Montmartre Sacré-Cœur,2025,9,F_B,SANS ALCOOL,1,58.0,410.0,46.0,4.0
Mercure Paris Montmartre Sacré-Cœur,2025,9,N_F_B,COSMETIQUE,0,1.0,30.0,1.0,1.0
Mercure Paris Montmartre Sacré-Cœur,2025,9,N_F_B,SOS,0,2.0,30.0,2.0,1.0
Mercure Paris Montmartre Sacré-Cœur,2025,9,N_F_B,SOUVENIRS,1,1.0,42.0,1.0,1.0
Mercure Paris Montmartre Sacré-Cœur,2025,10,F_B,ALCOOL,0,79.0,1049.0,59.0,4.0
Mercure Paris Montmartre Sacré-Cœur,2025,10,F_B,ALCOOL,1,23.0,395.0,17.0,5.0
Mercure Paris Montmartre Sacré-Cœur,2025,10,F_B,FOOD SALEE,0,29.0,147.0,27.0,3.0
Mercure Paris Montmartre Sacré-Cœur,2025,10,F_B,FOOD SALEE,1,11.0,67.0,9.0,2.0
Mercure Paris Montmartre Sacré-Cœur,2025,10,F_B,FOOD SUCREE,0,66.0,193.0,53.0,4.0
Mercure Paris Montmartre Sacré-Cœur,2025,10,F_B,FOOD SUCREE,1,31.0,138.0,20.0,4.0
Mercure Paris Montmartre Sacré-Cœur,2025,10,F_B,SANS ALCOOL,0,217.0,1475.0,168.0,4.0
Mercure Paris Montmartre Sacré-Cœur,2025,10,F_B,SANS ALCOOL,1,127.0,1045.0,82.0,4.0
Mercure Paris Montmartre Sacré-Cœur,2025,10,N_F_B,COSMETIQUE,0,4.0,58.7,3.0,4.0
Mercure Paris Montmartre Sacré-Cœur,2025,10,N_F_B,COSMETIQUE,1,1.0,12.0,1.0,1.0
Mercure Paris Montmartre Sacré-Cœur,2025,10,N_F_B,SOS,1,2.0,27.8,2.0,1.0
Mercure Paris Montmartre Sacré-Cœur,2025,11,F_B,ALCOOL,0,43.0,765.0,36.0,4.0
Mercure Paris Montmartre Sacré-Cœur,2025,11,F_B,ALCOOL,1,22.0,427.0,18.0,5.0
Mercure Paris Montmartre Sacré-Cœur,2025,11,F_B,FOOD SALEE,0,20.0,108.0,16.0,4.0
Mercure Paris Montmartre Sacré-Cœur,2025,11,F_B,FOOD SALEE,1,18.0,94.0,15.0,3.0
Mercure Paris Montmartre Sacré-Cœur,2025,11,F_B,FOOD SUCREE,0,59.0,187.0,43.0,4.0
Mercure Paris Montmartre Sacré-Cœur,2025,11,F_B,FOOD SUCREE,1,46.0,197.0,28.0,4.0
Mercure Paris Montmartre Sacré-Cœur,2025,11,F_B,SANS ALCOOL,0,105.0,855.0,77.0,4.0
Mercure Paris Montmartre Sacré-Cœur,2025,11,F_B,SANS ALCOOL,1,83.0,575.0,65.0,4.0
Mercure Paris Montmartre Sacré-Cœur,2025,11,N_F_B,COSMETIQUE,0,2.0,19.9,2.0,2.0
Mercure Paris Montmartre Sacré-Cœur,2025,11,N_F_B,COSMETIQUE,1,3.0,35.8,3.0,3.0
Mercure Paris Montmartre Sacré-Cœur,2025,11,N_F_B,SOS,0,3.0,42.8,3.0,3.0
Mercure Paris Montmartre Sacré-Cœur,2025,11,N_F_B,SOS,1,1.0,15.0,1.0,1.0
Mercure Paris Montmartre Sacré-Cœur,2025,12,F_B,ALCOOL,0,42.0,750.0,31.0,5.0
Mercure Paris Montmartre Sacré-Cœur,2025,12,F_B,ALCOOL,1,15.0,322.0,13.0,4.0
Mercure Paris Montmartre Sacré-Cœur,2025,12,F_B,FOOD SALEE,0,40.0,194.0,33.0,3.0
Mercure Paris Montmartre Sacré-Cœur,2025,12,F_B,FOOD SALEE,1,15.0,83.0,12.0,3.0
Mercure Paris Montmartre Sacré-Cœur,2025,12,F_B,FOOD SUCREE,0,42.0,188.0,30.0,2.0
Mercure Paris Montmartre Sacré-Cœur,2025,12,F_B,FOOD SUCREE,1,27.0,189.0,16.0,2.0
Mercure Paris Montmartre Sacré-Cœur,2025,12,F_B,SANS ALCOOL,0,170.0,1230.0,127.0,4.0
Mercure Paris Montmartre Sacré-Cœur,2025,12,F_B,SANS ALCOOL,1,65.0,475.0,48.0,4.0
Mercure Paris Montmartre Sacré-Cœur,2025,12,N_F_B,COSMETIQUE,0,7.0,69.6,7.0,3.0
Mercure Paris Montmartre Sacré-Cœur,2025,12,N_F_B,COSMETIQUE,1,6.0,78.8,6.0,3.0
Mercure Paris Montmartre Sacré-Cœur,2025,12,N_F_B,SOS,0,4.0,44.9,3.0,3.0
Mercure Paris Montmartre Sacré-Cœur,2025,12,N_F_B,SOS,1,2.0,18.0,2.0,2.0
Mercure Paris Montmartre Sacré-Cœur,2025,12,N_F_B,SOUVENIRS,0,1.0,22.0,1.0,1.0
Novotel Megève Mont-Blanc,2024,3,F_B,FOOD SALEE,0,15.0,92.0,4.0,6.0
Novotel Megève Mont-Blanc,2024,3,F_B,FOOD SUCREE,0,8.0,52.0,7.0,6.0
Novotel Megève Mont-Blanc,2024,3,F_B,FOOD SUCREE,1,2.0,16.0,2.0,2.0
Novotel Megève Mont-Blanc,2024,3,N_F_B,ACCESSOIRES,0,3.0,59.0,3.0,2.0
Novotel Megève Mont-Blanc,2024,3,N_F_B,COSMETIQUE,0,6.0,44.0,5.0,3.0
Novotel Megève Mont-Blanc,2024,3,N_F_B,COSMETIQUE,1,3.0,74.0,2.0,3.0
Novotel Megève Mont-Blanc,2024,3,N_F_B,JEUX / ENFANTS,0,9.0,177.0,11.0,11.0
Novotel Megève Mont-Blanc,2024,3,N_F_B,JEUX / ENFANTS,1,4.0,49.0,3.0,4.0
Novotel Megève Mont-Blanc,2024,3,N_F_B,PAP,1,3.0,105.0,3.0,3.0
Novotel Megève Mont-Blanc,2024,3,N_F_B,SOUVENIRS,1,1.0,18.0,1.0,0.0
Novotel Megève Mont-Blanc,2024,4,F_B,FOOD SALEE,0,2.0,10.0,2.0,1.0
Novotel Megève Mont-Blanc,2024,4,F_B,FOOD SALEE,1,5.0,29.0,4.0,4.0
Novotel Megève Mont-Blanc,2024,4,F_B,FOOD SUCREE,0,11.0,84.0,5.0,7.0
Novotel Megève Mont-Blanc,2024,4,F_B,FOOD SUCREE,1,12.0,83.5,7.0,9.0
Novotel Megève Mont-Blanc,2024,4,F_B,SANS ALCOOL,0,7.0,16.5,6.0,2.0
Novotel Megève Mont-Blanc,2024,4,F_B,SANS ALCOOL,1,1.0,2.0,1.0,1.0
Novotel Megève Mont-Blanc,2024,4,N_F_B,ACCESSOIRES,0,3.0,27.0,3.0,2.0
Novotel Megève Mont-Blanc,2024,4,N_F_B,ACCESSOIRES,1,2.0,46.0,2.0,2.0
Novotel Megève Mont-Blanc,2024,4,N_F_B,COSMETIQUE,0,11.0,204.6,8.0,7.0
Novotel Megève Mont-Blanc,2024,4,N_F_B,COSMETIQUE,1,3.0,43.9,2.0,2.0
Novotel Megève Mont-Blanc,2024,4,N_F_B,JEUX / ENFANTS,0,8.0,89.0,6.0,8.0
Novotel Megève Mont-Blanc,2024,4,N_F_B,JEUX / ENFANTS,1,3.0,44.0,1.0,2.0
Novotel Megève Mont-Blanc,2024,4,N_F_B,SOS,0,4.0,90.0,4.0,0.0
Novotel Megève Mont-Blanc,2024,4,N_F_B,SOUVENIRS,0,7.0,112.0,3.0,5.0
Novotel Megève Mont-Blanc,2024,4,N_F_B,SOUVENIRS,1,1.0,18.0,1.0,0.0
Novotel Megève Mont-Blanc,2024,5,F_B,ALCOOL,0,5.0,48.0,3.0,3.0
Novotel Megève Mont-Blanc,2024,5,F_B,ALCOOL,1,1.0,12.0,1.0,1.0
Novotel Megève Mont-Blanc,2024,5,F_B,FOOD SALEE,0,4.0,27.0,4.0,4.0
Novotel Megève Mont-Blanc,2024,5,F_B,FOOD SUCREE,0,16.0,116.0,10.0,7.0
Novotel Megève Mont-Blanc,2024,5,F_B,FOOD SUCREE,1,6.0,36.5,5.0,5.0
Novotel Megève Mont-Blanc,2024,5,F_B,SANS ALCOOL,0,31.0,80.5,20.0,8.0
Novotel Megève Mont-Blanc,2024,5,F_B,SANS ALCOOL,1,3.0,7.5,2.0,1.0
Novotel Megève Mont-Blanc,2024,5,F_B,SOUVENIRS,0,2.0,14.0,1.0,2.0
Novotel Megève Mont-Blanc,2024,5,N_F_B,ACCESSOIRES,0,8.0,285.0,7.0,4.0
Novotel Megève Mont-Blanc,2024,5,N_F_B,ACCESSOIRES,1,1.0,80.0,1.0,1.0
Novotel Megève Mont-Blanc,2024,5,N_F_B,COSMETIQUE,0,10.0,234.0,9.0,4.0
Novotel Megève Mont-Blanc,2024,5,N_F_B,COSMETIQUE,1,7.0,146.9,4.0,6.0
Novotel Megève Mont-Blanc,2024,5,N_F_B,JEUX / ENFANTS,0,5.0,77.0,4.0,5.0
Novotel Megève Mont-Blanc,2024,5,N_F_B,JEUX / ENFANTS,1,1.0,12.0,1.0,1.0
Novotel Megève Mont-Blanc,2024,5,N_F_B,PAP,1,2.0,60.0,1.0,2.0
Novotel Megève Mont-Blanc,2024,5,N_F_B,SOS,0,6.0,112.0,4.0,4.0
Novotel Megève Mont-Blanc,2024,5,N_F_B,SOUVENIRS,0,2.0,32.0,1.0,2.0
Novotel Megève Mont-Blanc,2024,6,F_B,ALCOOL,0,2.0,24.0,2.0,1.0
Novotel Megève Mont-Blanc,2024,6,F_B,ALCOOL,1,10.0,88.0,5.0,3.0
Novotel Megève Mont-Blanc,2024,6,F_B,FOOD SALEE,0,2.0,12.0,2.0,2.0
Novotel Megève Mont-Blanc,2024,6,F_B,FOOD SALEE,1,10.0,54.0,5.0,3.0
Novotel Megève Mont-Blanc,2024,6,F_B,FOOD SUCREE,0,12.0,89.5,8.0,8.0
Novotel Megève Mont-Blanc,2024,6,F_B,FOOD SUCREE,1,5.0,27.0,3.0,4.0
Novotel Megève Mont-Blanc,2024,6,F_B,SANS ALCOOL,0,23.0,59.5,17.0,8.0
Novotel Megève Mont-Blanc,2024,6,F_B,SANS ALCOOL,1,9.0,23.0,7.0,4.0
Novotel Megève Mont-Blanc,2024,6,F_B,SOUVENIRS,1,1.0,7.0,1.0,1.0
Novotel Megève Mont-Blanc,2024,6,N_F_B,ACCESSOIRES,0,1.0,12.0,1.0,1.0
Novotel Megève Mont-Blanc,2024,6,N_F_B,ACCESSOIRES,1,5.0,63.0,5.0,2.0
Novotel Megève Mont-Blanc,2024,6,N_F_B,COSMETIQUE,0,7.0,150.8,7.0,4.0
Novotel Megève Mont-Blanc,2024,6,N_F_B,COSMETIQUE,1,1.0,15.0,1.0,1.0
Novotel Megève Mont-Blanc,2024,6,N_F_B,JEUX / ENFANTS,0,7.0,113.0,6.0,5.0
Novotel Megève Mont-Blanc,2024,6,N_F_B,JEUX / ENFANTS,1,7.0,74.0,2.0,3.0
Novotel Megève Mont-Blanc,2024,6,N_F_B,PAP,1,1.0,45.0,1.0,1.0
Novotel Megève Mont-Blanc,2024,6,N_F_B,SOS,0,2.0,34.0,2.0,2.0
Novotel Megève Mont-Blanc,2024,6,N_F_B,SOS,1,4.0,83.0,4.0,1.0
Novotel Megève Mont-Blanc,2024,7,F_B,ALCOOL,1,5.0,44.0,3.0,3.0
Novotel Megève Mont-Blanc,2024,7,F_B,FOOD SALEE,0,11.0,59.0,8.0,3.0
Novotel Megève Mont-Blanc,2024,7,F_B,FOOD SALEE,1,1.0,5.0,1.0,1.0
Novotel Megève Mont-Blanc,2024,7,F_B,FOOD SUCREE,0,15.0,106.0,9.0,7.0
Novotel Megève Mont-Blanc,2024,7,F_B,FOOD SUCREE,1,8.0,48.0,8.0,6.0
Novotel Megève Mont-Blanc,2024,7,F_B,SANS ALCOOL,0,49.0,129.0,32.0,8.0
Novotel Megève Mont-Blanc,2024,7,F_B,SANS ALCOOL,1,9.0,23.5,7.0,5.0
Novotel Megève Mont-Blanc,2024,7,F_B,SOUVENIRS,0,1.0,6.0,1.0,1.0
Novotel Megève Mont-Blanc,2024,7,N_F_B,ACCESSOIRES,0,5.0,167.0,5.0,4.0
Novotel Megève Mont-Blanc,2024,7,N_F_B,ACCESSOIRES,1,2.0,30.0,1.0,1.0
Novotel Megève Mont-Blanc,2024,7,N_F_B,COSMETIQUE,0,10.0,115.0,8.0,7.0
Novotel Megève Mont-Blanc,2024,7,N_F_B,COSMETIQUE,1,3.0,39.9,3.0,2.0
Novotel Megève Mont-Blanc,2024,7,N_F_B,JEUX / ENFANTS,0,5.0,88.0,5.0,4.0
Novotel Megève Mont-Blanc,2024,7,N_F_B,JEUX / ENFANTS,1,1.0,17.0,1.0,0.0
Novotel Megève Mont-Blanc,2024,7,N_F_B,PAP,0,4.0,69.0,3.0,3.0
Novotel Megève Mont-Blanc,2024,7,N_F_B,PAP,1,1.0,30.0,1.0,1.0
Novotel Megève Mont-Blanc,2024,7,N_F_B,SOS,0,10.0,201.0,10.0,3.0
Novotel Megève Mont-Blanc,2024,7,N_F_B,SOS,1,1.0,12.0,1.0,1.0
Novotel Megève Mont-Blanc,2024,7,N_F_B,SOUVENIRS,1,7.0,112.0,3.0,5.0
Novotel Megève Mont-Blanc,2024,8,F_B,ALCOOL,0,2.0,16.0,1.0,1.0
Novotel Megève Mont-Blanc,2024,8,F_B,ALCOOL,1,2.0,16.0,2.0,2.0
Novotel Megève Mont-Blanc,2024,8,F_B,FOOD SALEE,0,12.0,84.2,12.0,3.0
Novotel Megève Mont-Blanc,2024,8,F_B,FOOD SALEE,1,6.0,35.5,4.0,4.0
Novotel Megève Mont-Blanc,2024,8,F_B,FOOD SUCREE,0,33.0,214.8,27.0,14.0
Novotel Megève Mont-Blanc,2024,8,F_B,FOOD SUCREE,1,6.0,37.3,4.0,3.0
Novotel Megève Mont-Blanc,2024,8,F_B,SANS ALCOOL,0,49.0,130.5,29.0,10.0
Novotel Megève Mont-Blanc,2024,8,F_B,SANS ALCOOL,1,14.0,38.0,11.0,8.0
Novotel Megève Mont-Blanc,2024,8,F_B,SOUVENIRS,0,2.0,29.7,2.0,1.0
Novotel Megève Mont-Blanc,2024,8,F_B,SOUVENIRS,1,1.0,7.0,1.0,1.0
Novotel Megève Mont-Blanc,2024,8,N_F_B,ACCESSOIRES,0,10.0,198.0,7.0,6.0
Novotel Megève Mont-Blanc,2024,8,N_F_B,ACCESSOIRES,1,2.0,125.0,2.0,2.0
Novotel Megève Mont-Blanc,2024,8,N_F_B,COSMETIQUE,0,6.0,78.5,6.0,5.0
Novotel Megève Mont-Blanc,2024,8,N_F_B,COSMETIQUE,1,3.0,39.9,3.0,2.0
Novotel Megève Mont-Blanc,2024,8,N_F_B,JEUX / ENFANTS,0,11.0,121.0,9.0,8.0
Novotel Megève Mont-Blanc,2024,8,N_F_B,JEUX / ENFANTS,1,8.0,120.0,6.0,4.0
Novotel Megève Mont-Blanc,2024,8,N_F_B,PAP,0,8.0,235.0,7.0,7.0
Novotel Megève Mont-Blanc,2024,8,N_F_B,PAP,1,2.0,42.0,2.0,2.0
Novotel Megève Mont-Blanc,2024,8,N_F_B,SOS,0,4.0,82.0,4.0,2.0
Novotel Megève Mont-Blanc,2024,8,N_F_B,SOS,1,3.0,54.0,3.0,2.0
Novotel Megève Mont-Blanc,2024,8,N_F_B,SOUVENIRS,0,4.0,66.0,2.0,1.0
Novotel Megève Mont-Blanc,2024,9,F_B,ALCOOL,0,4.0,44.0,3.0,2.0
Novotel Megève Mont-Blanc,2024,9,F_B,ALCOOL,1,1.0,8.0,1.0,1.0
Novotel Megève Mont-Blanc,2024,9,F_B,FOOD SALEE,1,1.0,8.5,1.0,1.0
Novotel Megève Mont-Blanc,2024,9,F_B,FOOD SUCREE,0,14.0,87.8,10.0,8.0
Novotel Megève Mont-Blanc,2024,9,F_B,FOOD SUCREE,1,5.0,30.5,4.0,3.0
Novotel Megève Mont-Blanc,2024,9,F_B,SANS ALCOOL,0,18.0,46.5,15.0,6.0
Novotel Megève Mont-Blanc,2024,9,F_B,SANS ALCOOL,1,10.0,26.5,9.0,8.0
Novotel Megève Mont-Blanc,2024,9,F_B,SOUVENIRS,0,2.0,33.0,2.0,0.0
Novotel Megève Mont-Blanc,2024,9,N_F_B,ACCESSOIRES,0,5.0,415.0,4.0,4.0
Novotel Megève Mont-Blanc,2024,9,N_F_B,ACCESSOIRES,1,6.0,303.0,6.0,5.0
Novotel Megève Mont-Blanc,2024,9,N_F_B,COSMETIQUE,0,10.0,135.6,6.0,3.0
Novotel Megève Mont-Blanc,2024,9,N_F_B,COSMETIQUE,1,6.0,52.0,4.0,3.0
Novotel Megève Mont-Blanc,2024,9,N_F_B,JEUX / ENFANTS,1,5.0,80.0,5.0,2.0
Novotel Megève Mont-Blanc,2024,9,N_F_B,PAP,0,2.0,40.0,2.0,2.0
Novotel Megève Mont-Blanc,2024,9,N_F_B,PAP,1,4.0,82.0,2.0,4.0
Novotel Megève Mont-Blanc,2024,9,N_F_B,SOS,0,2.0,37.0,2.0,1.0
Novotel Megève Mont-Blanc,2024,9,N_F_B,SOS,1,2.0,44.0,2.0,1.0
Novotel Megève Mont-Blanc,2024,9,N_F_B,SOUVENIRS,1,5.0,82.0,3.0,4.0
Novotel Megève Mont-Blanc,2024,10,F_B,ALCOOL,0,14.0,112.0,9.0,3.0
Novotel Megève Mont-Blanc,2024,10,F_B,ALCOOL,1,3.0,28.0,2.0,2.0
Novotel Megève Mont-Blanc,2024,10,F_B,FOOD SALEE,0,1.0,8.0,1.0,1.0
Novotel Megève Mont-Blanc,2024,10,F_B,FOOD SALEE,1,4.0,32.5,3.0,3.0
Novotel Megève Mont-Blanc,2024,10,F_B,FOOD SUCREE,0,9.0,69.5,6.0,7.0
Novotel Megève Mont-Blanc,2024,10,F_B,FOOD SUCREE,1,3.0,20.8,3.0,3.0
Novotel Megève Mont-Blanc,2024,10,F_B,SANS ALCOOL,0,13.0,36.0,8.0,8.0
Novotel Megève Mont-Blanc,2024,10,F_B,SANS ALCOOL,1,5.0,14.0,4.0,4.0
Novotel Megève Mont-Blanc,2024,10,N_F_B,ACCESSOIRES,0,5.0,225.0,4.0,4.0
Novotel Megève Mont-Blanc,2024,10,N_F_B,ACCESSOIRES,1,1.0,15.0,1.0,1.0
Novotel Megève Mont-Blanc,2024,10,N_F_B,COSMETIQUE,0,4.0,43.9,4.0,3.0
Novotel Megève Mont-Blanc,2024,10,N_F_B,JEUX / ENFANTS,0,1.0,8.0,1.0,1.0
Novotel Megève Mont-Blanc,2024,10,N_F_B,JEUX / ENFANTS,1,1.0,6.0,1.0,1.0
Novotel Megève Mont-Blanc,2024,10,N_F_B,PAP,0,2.0,50.0,2.0,2.0
Novotel Megève Mont-Blanc,2024,10,N_F_B,SOS,0,2.0,37.0,2.0,2.0
Novotel Megève Mont-Blanc,2024,10,N_F_B,SOUVENIRS,0,3.0,48.0,1.0,3.0
Novotel Megève Mont-Blanc,2024,10,N_F_B,SOUVENIRS,1,2.0,36.0,2.0,0.0
Novotel Megève Mont-Blanc,2024,11,F_B,ALCOOL,0,2.0,16.0,2.0,2.0
Novotel Megève Mont-Blanc,2024,11,F_B,FOOD SALEE,0,2.0,16.3,2.0,2.0
Novotel Megève Mont-Blanc,2024,11,F_B,FOOD SALEE,1,1.0,8.0,1.0,1.0
Novotel Megève Mont-Blanc,2024,11,F_B,FOOD SUCREE,0,6.0,42.3,4.0,4.0
Novotel Megève Mont-Blanc,2024,11,F_B,FOOD SUCREE,1,20.0,120.3,10.0,9.0
Novotel Megève Mont-Blanc,2024,11,F_B,SANS ALCOOL,0,7.0,18.0,5.0,3.0
Novotel Megève Mont-Blanc,2024,11,F_B,SANS ALCOOL,1,5.0,13.5,3.0,4.0
Novotel Megève Mont-Blanc,2024,11,N_F_B,ACCESSOIRES,0,5.0,218.0,5.0,4.0
Novotel Megève Mont-Blanc,2024,11,N_F_B,ACCESSOIRES,1,7.0,475.0,7.0,3.0
Novotel Megève Mont-Blanc,2024,11,N_F_B,COSMETIQUE,0,6.0,189.4,5.0,3.0
Novotel Megève Mont-Blanc,2024,11,N_F_B,COSMETIQUE,1,2.0,16.0,2.0,2.0
Novotel Megève Mont-Blanc,2024,11,N_F_B,JEUX / ENFANTS,0,2.0,24.0,2.0,2.0
Novotel Megève Mont-Blanc,2024,11,N_F_B,PAP,1,2.0,65.0,2.0,2.0
Novotel Megève Mont-Blanc,2024,11,N_F_B,SOS,0,1.0,12.0,1.0,1.0
Novotel Megève Mont-Blanc,2024,11,N_F_B,SOS,1,3.0,52.0,3.0,1.0
Novotel Megève Mont-Blanc,2024,11,N_F_B,SOUVENIRS,0,1.0,16.0,1.0,1.0
Novotel Megève Mont-Blanc,2024,12,F_B,ALCOOL,0,1.0,8.0,1.0,1.0
Novotel Megève Mont-Blanc,2024,12,F_B,FOOD SALEE,0,4.0,32.8,4.0,3.0
Novotel Megève Mont-Blanc,2024,12,F_B,FOOD SALEE,1,4.0,31.2,4.0,3.0
Novotel Megève Mont-Blanc,2024,12,F_B,FOOD SUCREE,0,68.0,296.5,31.0,16.0
Novotel Megève Mont-Blanc,2024,12,F_B,FOOD SUCREE,1,27.0,137.3,19.0,14.0
Novotel Megève Mont-Blanc,2024,12,F_B,SANS ALCOOL,0,34.0,89.5,29.0,9.0
Novotel Megève Mont-Blanc,2024,12,F_B,SANS ALCOOL,1,14.0,35.5,14.0,5.0
Novotel Megève Mont-Blanc,2024,12,F_B,SOUVENIRS,1,2.0,33.0,1.0,0.0
Novotel Megève Mont-Blanc,2024,12,N_F_B,#REF!,0,3.0,45.0,3.0,0.0
Novotel Megève Mont-Blanc,2024,12,N_F_B,#REF!,1,1.0,15.0,1.0,0.0
Novotel Megève Mont-Blanc,2024,12,N_F_B,ACCESSOIRES,0,5.0,73.0,5.0,2.0
Novotel Megève Mont-Blanc,2024,12,N_F_B,ACCESSOIRES,1,5.0,256.0,5.0,2.0
Novotel Megève Mont-Blanc,2024,12,N_F_B,COSMETIQUE,0,4.0,51.0,4.0,2.0
Novotel Megève Mont-Blanc,2024,12,N_F_B,COSMETIQUE,1,1.0,20.9,1.0,0.0
Novotel Megève Mont-Blanc,2024,12,N_F_B,JEUX / ENFANTS,0,17.0,173.4,11.0,13.0
Novotel Megève Mont-Blanc,2024,12,N_F_B,JEUX / ENFANTS,1,5.0,58.9,4.0,4.0
Novotel Megève Mont-Blanc,2024,12,N_F_B,PAP,0,8.0,190.0,6.0,3.0
Novotel Megève Mont-Blanc,2024,12,N_F_B,PAP,1,6.0,120.0,4.0,0.0
Novotel Megève Mont-Blanc,2024,12,N_F_B,SOS,0,2.0,59.0,2.0,2.0
Novotel Megève Mont-Blanc,2024,12,N_F_B,SOUVENIRS,0,1.0,18.0,1.0,0.0
Novotel Megève Mont-Blanc,2024,12,N_F_B,SOUVENIRS,1,5.0,80.0,4.0,3.0
Novotel Megève Mont-Blanc,2025,1,F_B,ALCOOL,1,2.0,16.0,1.0,2.0
Novotel Megève Mont-Blanc,2025,1,F_B,FOOD SALEE,0,5.0,41.5,3.0,3.0
Novotel Megève Mont-Blanc,2025,1,F_B,FOOD SALEE,1,5.0,36.5,3.0,4.0
Novotel Megève Mont-Blanc,2025,1,F_B,FOOD SUCREE,0,77.0,483.2,35.0,23.0
Novotel Megève Mont-Blanc,2025,1,F_B,FOOD SUCREE,1,9.0,61.7,6.0,7.0
Novotel Megève Mont-Blanc,2025,1,F_B,SANS ALCOOL,0,28.0,72.5,20.0,7.0
Novotel Megève Mont-Blanc,2025,1,F_B,SANS ALCOOL,1,14.0,35.5,7.0,3.0
Novotel Megève Mont-Blanc,2025,1,F_B,SOUVENIRS,0,1.0,16.5,1.0,0.0
Novotel Megève Mont-Blanc,2025,1,N_F_B,#REF!,0,4.0,60.0,3.0,0.0
Novotel Megève Mont-Blanc,2025,1,N_F_B,#REF!,1,4.0,60.0,3.0,0.0
Novotel Megève Mont-Blanc,2025,1,N_F_B,ACCESSOIRES,0,8.0,151.0,6.0,1.0
Novotel Megève Mont-Blanc,2025,1,N_F_B,ACCESSOIRES,1,2.0,32.0,2.0,0.0
Novotel Megève Mont-Blanc,2025,1,N_F_B,JEUX / ENFANTS,0,12.0,113.5,6.0,11.0
Novotel Megève Mont-Blanc,2025,1,N_F_B,JEUX / ENFANTS,1,11.0,134.55,6.0,9.0
Novotel Megève Mont-Blanc,2025,1,N_F_B,PAP,0,24.0,464.0,16.0,1.0
Novotel Megève Mont-Blanc,2025,1,N_F_B,PAP,1,8.0,127.0,6.0,1.0
Novotel Megève Mont-Blanc,2025,1,N_F_B,SOS,0,4.0,60.0,4.0,0.0
Novotel Megève Mont-Blanc,2025,1,N_F_B,SOS,1,3.0,52.0,2.0,1.0
Novotel Megève Mont-Blanc,2025,1,N_F_B,SOUVENIRS,0,3.0,1.5,2.0,1.0
Novotel Megève Mont-Blanc,2025,2,F_B,ALCOOL,0,3.0,24.0,1.0,1.0
Novotel Megève Mont-Blanc,2025,2,F_B,ALCOOL,1,2.0,16.0,1.0,1.0
Novotel Megève Mont-Blanc,2025,2,F_B,FOOD SALEE,0,13.0,44.0,7.0,4.0
Novotel Megève Mont-Blanc,2025,2,F_B,FOOD SALEE,1,5.0,35.7,3.0,4.0
Novotel Megève Mont-Blanc,2025,2,F_B,FOOD SUCREE,0,73.0,257.3,43.0,21.0
Novotel Megève Mont-Blanc,2025,2,F_B,FOOD SUCREE,1,29.0,128.5,22.0,13.0
Novotel Megève Mont-Blanc,2025,2,F_B,SANS ALCOOL,0,55.0,141.0,30.0,8.0
Novotel Megève Mont-Blanc,2025,2,F_B,SANS ALCOOL,1,25.0,63.0,15.0,6.0
Novotel Megève Mont-Blanc,2025,2,N_F_B,#REF!,0,3.0,33.0,3.0,1.0
Novotel Megève Mont-Blanc,2025,2,N_F_B,ACCESSOIRES,0,13.0,298.0,10.0,3.0
Novotel Megève Mont-Blanc,2025,2,N_F_B,ACCESSOIRES,1,6.0,74.0,6.0,2.0
Novotel Megève Mont-Blanc,2025,2,N_F_B,COSMETIQUE,0,5.0,41.9,5.0,2.0
Novotel Megève Mont-Blanc,2025,2,N_F_B,COSMETIQUE,1,1.0,10.0,1.0,1.0
Novotel Megève Mont-Blanc,2025,2,N_F_B,JEUX / ENFANTS,0,21.0,216.1,18.0,14.0
Novotel Megève Mont-Blanc,2025,2,N_F_B,JEUX / ENFANTS,1,14.0,133.15,7.0,9.0
Novotel Megève Mont-Blanc,2025,2,N_F_B,PAP,0,9.0,285.0,9.0,1.0
Novotel Megève Mont-Blanc,2025,2,N_F_B,PAP,1,2.0,55.0,2.0,0.0
Novotel Megève Mont-Blanc,2025,2,N_F_B,SOS,0,36.0,461.5,22.0,4.0
Novotel Megève Mont-Blanc,2025,2,N_F_B,SOS,1,6.0,84.0,5.0,2.0
Novotel Megève Mont-Blanc,2025,2,N_F_B,SOUVENIRS,0,5.0,2.5,3.0,1.0
Novotel Megève Mont-Blanc,2025,2,N_F_B,SOUVENIRS,1,10.0,5.0,3.0,1.0
Novotel Megève Mont-Blanc,2025,3,F_B,FOOD SALEE,0,8.0,30.0,5.0,4.0
Novotel Megève Mont-Blanc,2025,3,F_B,FOOD SALEE,1,10.0,30.0,6.0,4.0
Novotel Megève Mont-Blanc,2025,3,F_B,FOOD SUCREE,0,32.0,100.5,22.0,11.0
Novotel Megève Mont-Blanc,2025,3,F_B,FOOD SUCREE,1,35.0,121.0,20.0,13.0
Novotel Megève Mont-Blanc,2025,3,F_B,SANS ALCOOL,0,16.0,42.0,8.0,7.0
Novotel Megève Mont-Blanc,2025,3,F_B,SANS ALCOOL,1,20.0,52.5,14.0,7.0
Novotel Megève Mont-Blanc,2025,3,N_F_B,#REF!,0,4.0,42.0,3.0,1.0
Novotel Megève Mont-Blanc,2025,3,N_F_B,#REF!,1,2.0,18.0,2.0,1.0
Novotel Megève Mont-Blanc,2025,3,N_F_B,ACCESSOIRES,0,4.0,51.0,3.0,1.0
Novotel Megève Mont-Blanc,2025,3,N_F_B,ACCESSOIRES,1,3.0,103.0,3.0,2.0
Novotel Megève Mont-Blanc,2025,3,N_F_B,COSMETIQUE,0,2.0,19.0,2.0,2.0
Novotel Megève Mont-Blanc,2025,3,N_F_B,JEUX / ENFANTS,0,15.0,133.6,9.0,9.0
Novotel Megève Mont-Blanc,2025,3,N_F_B,JEUX / ENFANTS,1,17.0,160.15,14.0,8.0
Novotel Megève Mont-Blanc,2025,3,N_F_B,PAP,0,2.0,80.0,2.0,1.0
Novotel Megève Mont-Blanc,2025,3,N_F_B,PAP,1,10.0,295.0,8.0,2.0
Novotel Megève Mont-Blanc,2025,3,N_F_B,SOS,0,5.0,49.0,5.0,4.0
Novotel Megève Mont-Blanc,2025,3,N_F_B,SOS,1,6.0,40.0,5.0,2.0
Novotel Megève Mont-Blanc,2025,3,N_F_B,SOUVENIRS,0,4.0,2.0,3.0,1.0
Novotel Megève Mont-Blanc,2025,3,N_F_B,SOUVENIRS,1,6.0,3.0,2.0,1.0
Novotel Megève Mont-Blanc,2025,4,F_B,FOOD SALEE,0,5.0,21.0,4.0,3.0
Novotel Megève Mont-Blanc,2025,4,F_B,FOOD SALEE,1,1.0,3.0,1.0,1.0
Novotel Megève Mont-Blanc,2025,4,F_B,FOOD SUCREE,0,18.0,55.0,11.0,9.0
Novotel Megève Mont-Blanc,2025,4,F_B,FOOD SUCREE,1,13.0,67.5,7.0,7.0
Novotel Megève Mont-Blanc,2025,4,F_B,SANS ALCOOL,0,13.0,33.5,9.0,3.0
Novotel Megève Mont-Blanc,2025,4,F_B,SANS ALCOOL,1,4.0,10.0,3.0,1.0
Novotel Megève Mont-Blanc,2025,4,N_F_B,#REF!,0,2.0,24.0,2.0,1.0
Novotel Megève Mont-Blanc,2025,4,N_F_B,#REF!,1,1.0,9.0,1.0,1.0
Novotel Megève Mont-Blanc,2025,4,N_F_B,ACCESSOIRES,0,7.0,197.0,6.0,3.0
Novotel Megève Mont-Blanc,2025,4,N_F_B,ACCESSOIRES,1,2.0,32.0,1.0,0.0
Novotel Megève Mont-Blanc,2025,4,N_F_B,COSMETIQUE,0,3.0,16.0,2.0,2.0
Novotel Megève Mont-Blanc,2025,4,N_F_B,COSMETIQUE,1,1.0,15.0,1.0,1.0
Novotel Megève Mont-Blanc,2025,4,N_F_B,JEUX / ENFANTS,0,13.0,117.15,11.0,8.0
Novotel Megève Mont-Blanc,2025,4,N_F_B,PAP,0,4.0,105.0,3.0,1.0
Novotel Megève Mont-Blanc,2025,4,N_F_B,SOS,0,3.0,21.0,2.0,3.0
Novotel Megève Mont-Blanc,2025,4,N_F_B,SOS,1,1.0,12.0,1.0,1.0
Novotel Megève Mont-Blanc,2025,5,F_B,FOOD SALEE,0,8.0,24.0,5.0,3.0
Novotel Megève Mont-Blanc,2025,5,F_B,FOOD SALEE,1,3.0,24.0,2.0,2.0
Novotel Megève Mont-Blanc,2025,5,F_B,FOOD SUCREE,0,10.0,42.9,6.0,8.0
Novotel Megève Mont-Blanc,2025,5,F_B,FOOD SUCREE,1,5.0,15.0,4.0,4.0
Novotel Megève Mont-Blanc,2025,5,F_B,SANS ALCOOL,0,3.0,7.5,3.0,1.0
Novotel Megève Mont-Blanc,2025,5,F_B,SANS ALCOOL,1,7.0,18.5,7.0,3.0
Novotel Megève Mont-Blanc,2025,5,N_F_B,#REF!,0,4.0,60.0,4.0,1.0
Novotel Megève Mont-Blanc,2025,5,N_F_B,ACCESSOIRES,0,3.0,32.0,2.0,1.0
Novotel Megève Mont-Blanc,2025,5,N_F_B,ACCESSOIRES,1,1.0,18.0,1.0,1.0
Novotel Megève Mont-Blanc,2025,5,N_F_B,COSMETIQUE,0,1.0,20.9,1.0,0.0
Novotel Megève Mont-Blanc,2025,5,N_F_B,COSMETIQUE,1,2.0,75.0,2.0,2.0
Novotel Megève Mont-Blanc,2025,5,N_F_B,JEUX / ENFANTS,0,7.0,72.65,5.0,5.0
Novotel Megève Mont-Blanc,2025,5,N_F_B,JEUX / ENFANTS,1,3.0,36.75,3.0,2.0
Novotel Megève Mont-Blanc,2025,5,N_F_B,PAP,0,3.0,75.0,3.0,0.0
Novotel Megève Mont-Blanc,2025,5,N_F_B,PAP,1,2.0,70.0,1.0,0.0
Novotel Megève Mont-Blanc,2025,5,N_F_B,SOS,0,1.0,4.0,1.0,1.0
Novotel Megève Mont-Blanc,2025,6,F_B,FOOD SALEE,0,11.0,33.0,7.0,3.0
Novotel Megève Mont-Blanc,2025,6,F_B,FOOD SALEE,1,5.0,15.0,3.0,4.0
Novotel Megève Mont-Blanc,2025,6,F_B,FOOD SUCREE,0,32.0,152.5,13.0,11.0
Novotel Megève Mont-Blanc,2025,6,F_B,FOOD SUCREE,1,13.0,43.5,9.0,8.0
Novotel Megève Mont-Blanc,2025,6,F_B,SANS ALCOOL,0,13.0,32.5,7.0,3.0
Novotel Megève Mont-Blanc,2025,6,F_B,SANS ALCOOL,1,2.0,5.0,2.0,2.0
Novotel Megève Mont-Blanc,2025,6,N_F_B,#REF!,0,8.0,79.5,6.0,4.0
Novotel Megève Mont-Blanc,2025,6,N_F_B,#REF!,1,7.0,117.0,7.0,4.0
Novotel Megève Mont-Blanc,2025,6,N_F_B,ACCESSOIRES,0,4.0,142.0,4.0,4.0
Novotel Megève Mont-Blanc,2025,6,N_F_B,ACCESSOIRES,1,5.0,204.0,4.0,4.0
Novotel Megève Mont-Blanc,2025,6,N_F_B,COSMETIQUE,0,5.0,36.0,3.0,3.0
Novotel Megève Mont-Blanc,2025,6,N_F_B,COSMETIQUE,1,2.0,68.0,2.0,2.0
Novotel Megève Mont-Blanc,2025,6,N_F_B,JEUX / ENFANTS,0,8.0,63.3,6.0,6.0
Novotel Megève Mont-Blanc,2025,6,N_F_B,JEUX / ENFANTS,1,7.0,67.75,6.0,6.0
Novotel Megève Mont-Blanc,2025,6,N_F_B,PAP,0,1.0,35.0,1.0,0.0
Novotel Megève Mont-Blanc,2025,6,N_F_B,PAP,1,1.0,20.0,1.0,0.0
Novotel Megève Mont-Blanc,2025,6,N_F_B,SOS,0,6.0,51.0,5.0,2.0
Novotel Megève Mont-Blanc,2025,6,N_F_B,SOS,1,1.0,12.0,1.0,1.0
Novotel Megève Mont-Blanc,2025,6,N_F_B,SOUVENIRS,0,13.0,6.5,3.0,1.0
Novotel Megève Mont-Blanc,2025,7,F_B,ALCOOL,0,1.0,8.0,1.0,1.0
Novotel Megève Mont-Blanc,2025,7,F_B,FOOD SALEE,0,33.0,95.0,22.0,5.0
Novotel Megève Mont-Blanc,2025,7,F_B,FOOD SALEE,1,13.0,33.5,6.0,2.0
Novotel Megève Mont-Blanc,2025,7,F_B,FOOD SUCREE,0,59.0,215.5,38.0,13.0
Novotel Megève Mont-Blanc,2025,7,F_B,FOOD SUCREE,1,36.0,143.5,21.0,14.0
Novotel Megève Mont-Blanc,2025,7,F_B,SANS ALCOOL,0,26.0,65.0,19.0,4.0
Novotel Megève Mont-Blanc,2025,7,F_B,SANS ALCOOL,1,13.0,32.5,7.0,5.0
Novotel Megève Mont-Blanc,2025,7,N_F_B,#REF!,0,17.0,234.0,14.0,8.0
Novotel Megève Mont-Blanc,2025,7,N_F_B,#REF!,1,8.0,120.5,8.0,5.0
Novotel Megève Mont-Blanc,2025,7,N_F_B,ACCESSOIRES,0,5.0,172.0,5.0,2.0
Novotel Megève Mont-Blanc,2025,7,N_F_B,ACCESSOIRES,1,2.0,18.0,2.0,1.0
Novotel Megève Mont-Blanc,2025,7,N_F_B,COSMETIQUE,0,8.0,100.0,5.0,3.0
Novotel Megève Mont-Blanc,2025,7,N_F_B,COSMETIQUE,1,1.0,9.0,1.0,1.0
Novotel Megève Mont-Blanc,2025,7,N_F_B,JEUX / ENFANTS,0,18.0,155.95,10.0,10.0
Novotel Megève Mont-Blanc,2025,7,N_F_B,JEUX / ENFANTS,1,6.0,59.75,4.0,4.0
Novotel Megève Mont-Blanc,2025,7,N_F_B,PAP,0,4.0,140.0,3.0,0.0
Novotel Megève Mont-Blanc,2025,7,N_F_B,PAP,1,2.0,70.0,2.0,0.0
Novotel Megève Mont-Blanc,2025,7,N_F_B,SOS,0,12.0,131.0,11.0,3.0
Novotel Megève Mont-Blanc,2025,7,N_F_B,SOS,1,4.0,32.0,3.0,2.0
Novotel Megève Mont-Blanc,2025,8,F_B,FOOD SALEE,0,17.0,55.0,11.0,5.0
Novotel Megève Mont-Blanc,2025,8,F_B,FOOD SALEE,1,19.0,55.0,12.0,4.0
Novotel Megève Mont-Blanc,2025,8,F_B,FOOD SUCREE,0,65.0,240.5,31.0,13.0
Novotel Megève Mont-Blanc,2025,8,F_B,FOOD SUCREE,1,28.0,103.0,18.0,11.0
Novotel Megève Mont-Blanc,2025,8,F_B,SANS ALCOOL,0,39.0,97.5,27.0,5.0
Novotel Megève Mont-Blanc,2025,8,F_B,SANS ALCOOL,1,29.0,72.5,17.0,5.0
Novotel Megève Mont-Blanc,2025,8,N_F_B,#REF!,0,40.0,612.95,36.0,17.0
Novotel Megève Mont-Blanc,2025,8,N_F_B,#REF!,1,16.0,305.0,14.0,8.0
Novotel Megève Mont-Blanc,2025,8,N_F_B,ACCESSOIRES,0,6.0,79.0,4.0,1.0
Novotel Megève Mont-Blanc,2025,8,N_F_B,ACCESSOIRES,1,5.0,112.0,4.0,3.0
Novotel Megève Mont-Blanc,2025,8,N_F_B,COSMETIQUE,0,1.0,4.0,1.0,1.0
Novotel Megève Mont-Blanc,2025,8,N_F_B,JEUX / ENFANTS,0,26.0,255.3,17.0,11.0
Novotel Megève Mont-Blanc,2025,8,N_F_B,JEUX / ENFANTS,1,13.0,118.8,10.0,6.0
Novotel Megève Mont-Blanc,2025,8,N_F_B,PAP,0,8.0,250.0,7.0,0.0
Novotel Megève Mont-Blanc,2025,8,N_F_B,PAP,1,4.0,110.0,4.0,0.0
Novotel Megève Mont-Blanc,2025,8,N_F_B,SOS,0,22.0,248.0,19.0,4.0
Novotel Megève Mont-Blanc,2025,8,N_F_B,SOS,1,14.0,151.0,13.0,3.0
Novotel Megève Mont-Blanc,2025,8,N_F_B,SOUVENIRS,0,4.0,4.0,2.0,1.0
Novotel Megève Mont-Blanc,2025,9,F_B,FOOD SALEE,0,16.0,44.0,8.0,5.0
Novotel Megève Mont-Blanc,2025,9,F_B,FOOD SALEE,1,3.0,8.5,3.0,2.0
Novotel Megève Mont-Blanc,2025,9,F_B,FOOD SUCREE,0,19.0,67.0,15.0,5.0
Novotel Megève Mont-Blanc,2025,9,F_B,FOOD SUCREE,1,6.0,28.0,4.0,5.0
Novotel Megève Mont-Blanc,2025,9,F_B,SANS ALCOOL,0,34.0,85.0,15.0,5.0
Novotel Megève Mont-Blanc,2025,9,F_B,SANS ALCOOL,1,2.0,5.0,2.0,2.0
Novotel Megève Mont-Blanc,2025,9,N_F_B,#REF!,0,18.0,253.5,17.0,7.0
Novotel Megève Mont-Blanc,2025,9,N_F_B,#REF!,1,10.0,136.0,8.0,3.0
Novotel Megève Mont-Blanc,2025,9,N_F_B,ACCESSOIRES,0,3.0,37.0,3.0,1.0
Novotel Megève Mont-Blanc,2025,9,N_F_B,ACCESSOIRES,1,3.0,33.0,3.0,1.0
Novotel Megève Mont-Blanc,2025,9,N_F_B,COSMETIQUE,0,6.0,34.0,5.0,2.0
Novotel Megève Mont-Blanc,2025,9,N_F_B,JEUX / ENFANTS,0,6.0,33.0,5.0,2.0
Novotel Megève Mont-Blanc,2025,9,N_F_B,JEUX / ENFANTS,1,13.0,117.8,8.0,6.0
Novotel Megève Mont-Blanc,2025,9,N_F_B,PAP,0,2.0,70.0,2.0,0.0
Novotel Megève Mont-Blanc,2025,9,N_F_B,PAP,1,4.0,110.0,2.0,0.0
Novotel Megève Mont-Blanc,2025,9,N_F_B,SOS,0,15.0,155.0,14.0,2.0
Novotel Megève Mont-Blanc,2025,9,N_F_B,SOUVENIRS,0,1.0,1.0,1.0,1.0
Novotel Megève Mont-Blanc,2025,9,N_F_B,SOUVENIRS,1,3.0,3.0,2.0,1.0
Novotel Megève Mont-Blanc,2025,10,F_B,FOOD SALEE,0,8.0,37.5,4.0,4.0
Novotel Megève Mont-Blanc,2025,10,F_B,FOOD SUCREE,0,8.0,48.0,5.0,4.0
Novotel Megève Mont-Blanc,2025,10,F_B,FOOD SUCREE,1,2.0,10.5,2.0,2.0
Novotel Megève Mont-Blanc,2025,10,F_B,SANS ALCOOL,0,5.0,12.5,4.0,2.0
Novotel Megève Mont-Blanc,2025,10,F_B,SANS ALCOOL,1,5.0,12.5,4.0,3.0
Novotel Megève Mont-Blanc,2025,10,N_F_B,#REF!,0,3.0,23.95,3.0,2.0
Novotel Megève Mont-Blanc,2025,10,N_F_B,#REF!,1,2.0,48.0,2.0,2.0
Novotel Megève Mont-Blanc,2025,10,N_F_B,COSMETIQUE,0,4.0,46.5,3.0,4.0
Novotel Megève Mont-Blanc,2025,10,N_F_B,COSMETIQUE,1,6.0,73.0,2.0,2.0
Novotel Megève Mont-Blanc,2025,10,N_F_B,JEUX / ENFANTS,0,9.0,70.4,5.0,6.0
Novotel Megève Mont-Blanc,2025,10,N_F_B,JEUX / ENFANTS,1,2.0,25.8,1.0,2.0
Novotel Megève Mont-Blanc,2025,10,N_F_B,PAP,0,1.0,20.0,1.0,0.0
Novotel Megève Mont-Blanc,2025,10,N_F_B,SOS,0,2.0,8.0,1.0,1.0
Novotel Megève Mont-Blanc,2025,10,N_F_B,SOS,1,1.0,10.0,1.0,1.0
Novotel Megève Mont-Blanc,2025,10,N_F_B,SOUVENIRS,0,12.0,12.0,3.0,1.0
Novotel Megève Mont-Blanc,2025,11,F_B,FOOD SALEE,0,17.0,42.5,9.0,1.0
Novotel Megève Mont-Blanc,2025,11,F_B,FOOD SALEE,1,20.0,50.5,10.0,2.0
Novotel Megève Mont-Blanc,2025,11,F_B,FOOD SUCREE,0,2.0,15.0,2.0,2.0
Novotel Megève Mont-Blanc,2025,11,F_B,FOOD SUCREE,1,6.0,28.0,3.0,3.0
Novotel Megève Mont-Blanc,2025,11,F_B,SANS ALCOOL,0,14.0,35.0,10.0,1.0
Novotel Megève Mont-Blanc,2025,11,F_B,SANS ALCOOL,1,13.0,32.5,6.0,1.0
Novotel Megève Mont-Blanc,2025,11,NAN,nan,0,3.0,38.0,3.0,2.0
Novotel Megève Mont-Blanc,2025,11,NAN,nan,1,9.0,114.0,5.0,4.0
Novotel Megève Mont-Blanc,2025,11,N_F_B,#REF!,0,8.0,85.0,7.0,3.0
Novotel Megève Mont-Blanc,2025,11,N_F_B,#REF!,1,8.0,54.0,6.0,2.0
Novotel Megève Mont-Blanc,2025,11,N_F_B,ACCESSOIRES,0,5.0,99.0,3.0,1.0
Novotel Megève Mont-Blanc,2025,11,N_F_B,ACCESSOIRES,1,1.0,5.0,1.0,1.0
Novotel Megève Mont-Blanc,2025,11,N_F_B,COSMETIQUE,0,1.0,8.0,1.0,1.0
Novotel Megève Mont-Blanc,2025,11,N_F_B,COSMETIQUE,1,5.0,63.5,3.0,2.0
Novotel Megève Mont-Blanc,2025,11,N_F_B,JEUX / ENFANTS,0,6.0,46.5,4.0,4.0
Novotel Megève Mont-Blanc,2025,11,N_F_B,JEUX / ENFANTS,1,5.0,49.35,3.0,4.0
Novotel Megève Mont-Blanc,2025,11,N_F_B,PAP,0,3.0,90.0,3.0,0.0
Novotel Megève Mont-Blanc,2025,11,N_F_B,PAP,1,2.0,70.0,1.0,0.0
Novotel Megève Mont-Blanc,2025,11,N_F_B,SOS,0,16.0,164.0,15.0,3.0
Novotel Megève Mont-Blanc,2025,11,N_F_B,SOS,1,9.0,107.0,9.0,2.0
Novotel Megève Mont-Blanc,2025,11,N_F_B,SOUVENIRS,0,2.0,2.0,2.0,1.0
Novotel Megève Mont-Blanc,2025,11,N_F_B,SOUVENIRS,1,3.0,3.0,2.0,1.0
Novotel Megève Mont-Blanc,2025,12,F_B,FOOD SALEE,0,25.0,63.0,16.0,2.0
Novotel Megève Mont-Blanc,2025,12,F_B,FOOD SALEE,1,14.0,35.0,9.0,1.0
Novotel Megève Mont-Blanc,2025,12,F_B,FOOD SUCREE,0,82.0,250.5,52.0,6.0
Novotel Megève Mont-Blanc,2025,12,F_B,FOOD SUCREE,1,33.0,108.0,24.0,7.0
Novotel Megève Mont-Blanc,2025,12,F_B,SANS ALCOOL,0,52.0,130.0,29.0,4.0
Novotel Megève Mont-Blanc,2025,12,F_B,SANS ALCOOL,1,23.0,57.5,16.0,4.0
Novotel Megève Mont-Blanc,2025,12,F_B,SOUVENIRS,0,4.0,80.0,4.0,1.0
Novotel Megève Mont-Blanc,2025,12,F_B,SOUVENIRS,1,1.0,20.0,1.0,1.0
Novotel Megève Mont-Blanc,2025,12,NAN,nan,0,76.0,834.85,52.0,26.0
Novotel Megève Mont-Blanc,2025,12,NAN,nan,1,37.0,435.55,28.0,20.0
Novotel Megève Mont-Blanc,2025,12,N_F_B,#REF!,0,14.0,119.0,13.0,1.0
Novotel Megève Mont-Blanc,2025,12,N_F_B,#REF!,1,2.0,16.0,2.0,2.0
Novotel Megève Mont-Blanc,2025,12,N_F_B,ACCESSOIRES,0,5.0,178.0,5.0,4.0
Novotel Megève Mont-Blanc,2025,12,N_F_B,ACCESSOIRES,1,2.0,28.0,2.0,0.0
Novotel Megève Mont-Blanc,2025,12,N_F_B,COSMETIQUE,0,3.0,12.0,2.0,1.0
Novotel Megève Mont-Blanc,2025,12,N_F_B,COSMETIQUE,1,5.0,45.5,5.0,3.0
Novotel Megève Mont-Blanc,2025,12,N_F_B,JEUX / ENFANTS,0,8.0,74.45,6.0,5.0
Novotel Megève Mont-Blanc,2025,12,N_F_B,JEUX / ENFANTS,1,10.0,97.15,7.0,5.0
Novotel Megève Mont-Blanc,2025,12,N_F_B,PAP,0,9.0,255.0,7.0,0.0
Novotel Megève Mont-Blanc,2025,12,N_F_B,PAP,1,4.0,95.0,4.0,0.0
Novotel Megève Mont-Blanc,2025,12,N_F_B,SOS,0,26.0,294.0,22.0,2.0
Novotel Megève Mont-Blanc,2025,12,N_F_B,SOS,1,10.0,103.0,7.0,3.0
Novotel Megève Mont-Blanc,2025,12,N_F_B,SOUVENIRS,0,3.0,3.0,2.0,1.0
Novotel Paris Tour Eiffel,2024,5,N_F_B,SOS,0,1.0,3.0,1.0,0.0
Novotel Paris Tour Eiffel,2024,6,F_B,FOOD SALEE,0,42.0,310.0,34.0,0.0
Novotel Paris Tour Eiffel,2024,6,F_B,FOOD SUCREE,0,59.0,391.5,37.0,0.0
Novotel Paris Tour Eiffel,2024,6,F_B,SANS ALCOOL,0,185.0,2376.0,99.0,0.0
Novotel Paris Tour Eiffel,2024,6,N_F_B,SOS,0,49.0,605.0,38.0,0.0
Novotel Paris Tour Eiffel,2024,7,F_B,FOOD SALEE,0,55.0,502.0,41.0,0.0
Novotel Paris Tour Eiffel,2024,7,F_B,FOOD SUCREE,0,95.0,550.9,46.0,0.0
Novotel Paris Tour Eiffel,2024,7,F_B,FOOD SUCREE,1,2.0,5.8,2.0,0.0
Novotel Paris Tour Eiffel,2024,7,F_B,SANS ALCOOL,0,183.0,1347.27,90.0,0.0
Novotel Paris Tour Eiffel,2024,7,F_B,SANS ALCOOL,1,1.0,4.2,1.0,0.0
Novotel Paris Tour Eiffel,2024,7,N_F_B,SOS,0,45.0,397.0,39.0,0.0
Novotel Paris Tour Eiffel,2024,7,N_F_B,SOUVENIRS,0,1.0,18.5,1.0,0.0
Novotel Paris Tour Eiffel,2024,9,F_B,FOOD SALEE,0,7.0,49.7,5.0,0.0
Novotel Paris Tour Eiffel,2024,9,F_B,FOOD SALEE,1,47.0,264.9,34.0,0.0
Novotel Paris Tour Eiffel,2024,9,F_B,FOOD SUCREE,0,22.0,66.0,11.0,0.0
Novotel Paris Tour Eiffel,2024,9,F_B,FOOD SUCREE,1,65.0,203.4,37.0,0.0
Novotel Paris Tour Eiffel,2024,9,F_B,SANS ALCOOL,0,25.0,86.6,16.0,0.0
Novotel Paris Tour Eiffel,2024,9,F_B,SANS ALCOOL,1,113.0,408.9,53.0,0.0
Novotel Paris Tour Eiffel,2024,9,N_F_B,COSMETIQUE,1,1.0,8.0,1.0,0.0
Novotel Paris Tour Eiffel,2024,9,N_F_B,SOS,0,26.0,174.0,22.0,0.0
Novotel Paris Tour Eiffel,2024,9,N_F_B,SOS,1,59.0,457.0,45.0,0.0
Novotel Paris Tour Eiffel,2024,10,F_B,FOOD SALEE,0,311.0,1763.5,235.0,0.0
Novotel Paris Tour Eiffel,2024,10,F_B,FOOD SALEE,1,132.0,782.2,104.0,0.0
Novotel Paris Tour Eiffel,2024,10,F_B,FOOD SUCREE,0,458.0,1435.2,266.0,0.0
Novotel Paris Tour Eiffel,2024,10,F_B,FOOD SUCREE,1,156.0,483.2,90.0,0.0
Novotel Paris Tour Eiffel,2024,10,F_B,SANS ALCOOL,0,912.0,3108.2,502.0,0.0
Novotel Paris Tour Eiffel,2024,10,F_B,SANS ALCOOL,1,410.0,1423.7,218.0,0.0
Novotel Paris Tour Eiffel,2024,10,N_F_B,COSMETIQUE,0,5.0,40.0,3.0,0.0
Novotel Paris Tour Eiffel,2024,10,N_F_B,COSMETIQUE,1,1.0,8.0,1.0,0.0
Novotel Paris Tour Eiffel,2024,10,N_F_B,SOS,0,382.0,3049.0,302.0,0.0
Novotel Paris Tour Eiffel,2024,10,N_F_B,SOS,1,160.0,1197.0,121.0,0.0
Novotel Paris Tour Eiffel,2024,11,F_B,FOOD SALEE,0,281.0,1801.7,202.0,0.0
Novotel Paris Tour Eiffel,2024,11,F_B,FOOD SALEE,1,156.0,951.0,111.0,0.0
Novotel Paris Tour Eiffel,2024,11,F_B,FOOD SUCREE,0,294.0,931.0,174.0,0.0
Novotel Paris Tour Eiffel,2024,11,F_B,FOOD SUCREE,1,185.0,580.5,110.0,0.0
Novotel Paris Tour Eiffel,2024,11,F_B,SANS ALCOOL,0,701.0,2449.7,398.0,0.0
Novotel Paris Tour Eiffel,2024,11,F_B,SANS ALCOOL,1,384.0,1316.8999999999999,203.0,0.0
Novotel Paris Tour Eiffel,2024,11,N_F_B,COSMETIQUE,0,2.0,16.0,1.0,0.0
Novotel Paris Tour Eiffel,2024,11,N_F_B,SOS,0,309.0,2456.0,248.0,0.0
Novotel Paris Tour Eiffel,2024,11,N_F_B,SOS,1,176.0,1372.0,143.0,0.0
Novotel Paris Tour Eiffel,2024,12,F_B,FOOD SALEE,0,348.0,2226.2,228.0,0.0
Novotel Paris Tour Eiffel,2024,12,F_B,FOOD SALEE,1,134.0,797.6,100.0,0.0
Novotel Paris Tour Eiffel,2024,12,F_B,FOOD SUCREE,0,476.0,1537.3999999999999,274.0,0.0
Novotel Paris Tour Eiffel,2024,12,F_B,FOOD SUCREE,1,208.0,659.1,116.0,0.0
Novotel Paris Tour Eiffel,2024,12,F_B,SANS ALCOOL,0,969.0,3374.1,518.0,0.0
Novotel Paris Tour Eiffel,2024,12,F_B,SANS ALCOOL,1,477.0,1631.6,225.0,0.0
Novotel Paris Tour Eiffel,2024,12,N_F_B,COSMETIQUE,0,3.0,24.0,3.0,0.0
Novotel Paris Tour Eiffel,2024,12,N_F_B,COSMETIQUE,1,4.0,32.0,3.0,0.0
Novotel Paris Tour Eiffel,2024,12,N_F_B,SOS,0,359.0,2668.0,289.0,0.0
Novotel Paris Tour Eiffel,2024,12,N_F_B,SOS,1,156.0,1163.0,113.0,0.0
Novotel Paris Tour Eiffel,2025,1,F_B,FOOD SALEE,0,306.0,1925.7,214.0,0.0
Novotel Paris Tour Eiffel,2025,1,F_B,FOOD SALEE,1,141.0,916.9,99.0,0.0
Novotel Paris Tour Eiffel,2025,1,F_B,FOOD SUCREE,0,386.0,1356.5,221.0,0.0
Novotel Paris Tour Eiffel,2025,1,F_B,FOOD SUCREE,1,122.0,407.0,69.0,0.0
Novotel Paris Tour Eiffel,2025,1,F_B,SANS ALCOOL,0,805.0,2832.9,446.0,0.0
Novotel Paris Tour Eiffel,2025,1,F_B,SANS ALCOOL,1,292.0,1031.6,162.0,0.0
Novotel Paris Tour Eiffel,2025,1,N_F_B,SOS,0,235.0,1841.0,182.0,0.0
Novotel Paris Tour Eiffel,2025,1,N_F_B,SOS,1,70.0,578.0,56.0,0.0
Novotel Paris Tour Eiffel,2025,2,F_B,FOOD SALEE,0,308.0,2056.5,217.0,0.0
Novotel Paris Tour Eiffel,2025,2,F_B,FOOD SALEE,1,121.0,835.6,93.0,0.0
Novotel Paris Tour Eiffel,2025,2,F_B,FOOD SUCREE,0,381.0,1355.9,217.0,0.0
Novotel Paris Tour Eiffel,2025,2,F_B,FOOD SUCREE,1,133.0,497.3,82.0,0.0
Novotel Paris Tour Eiffel,2025,2,F_B,SANS ALCOOL,0,779.0,2786.4,445.0,0.0
Novotel Paris Tour Eiffel,2025,2,F_B,SANS ALCOOL,1,407.0,1414.9,204.0,0.0
Novotel Paris Tour Eiffel,2025,2,N_F_B,COSMETIQUE,0,2.0,16.0,2.0,0.0
Novotel Paris Tour Eiffel,2025,2,N_F_B,COSMETIQUE,1,1.0,8.0,1.0,0.0
Novotel Paris Tour Eiffel,2025,2,N_F_B,SOS,0,313.0,2449.0,248.0,0.0
Novotel Paris Tour Eiffel,2025,2,N_F_B,SOS,1,124.0,983.0,103.0,0.0
Novotel Paris Tour Eiffel,2025,3,F_B,FOOD SALEE,0,290.0,2078.3,205.0,0.0
Novotel Paris Tour Eiffel,2025,3,F_B,FOOD SALEE,1,220.0,1574.7,140.0,0.0
Novotel Paris Tour Eiffel,2025,3,F_B,FOOD SUCREE,0,387.0,1397.4,228.0,0.0
Novotel Paris Tour Eiffel,2025,3,F_B,FOOD SUCREE,1,189.0,711.8,115.0,0.0
Novotel Paris Tour Eiffel,2025,3,F_B,SANS ALCOOL,0,755.0,2719.4,456.0,0.0
Novotel Paris Tour Eiffel,2025,3,F_B,SANS ALCOOL,1,502.0,1776.4,292.0,0.0
Novotel Paris Tour Eiffel,2025,3,N_F_B,COSMETIQUE,0,4.0,32.0,4.0,0.0
Novotel Paris Tour Eiffel,2025,3,N_F_B,COSMETIQUE,1,2.0,16.0,1.0,0.0
Novotel Paris Tour Eiffel,2025,3,N_F_B,SOS,0,287.0,2035.0,233.0,0.0
Novotel Paris Tour Eiffel,2025,3,N_F_B,SOS,1,154.0,1077.0,113.0,0.0
Novotel Paris Tour Eiffel,2025,4,F_B,FOOD SALEE,0,464.0,3436.5,342.0,0.0
Novotel Paris Tour Eiffel,2025,4,F_B,FOOD SALEE,1,184.0,1390.9,117.0,0.0
Novotel Paris Tour Eiffel,2025,4,F_B,FOOD SUCREE,0,438.0,1563.2,255.0,0.0
Novotel Paris Tour Eiffel,2025,4,F_B,FOOD SUCREE,1,223.0,767.1,118.0,0.0
Novotel Paris Tour Eiffel,2025,4,F_B,SANS ALCOOL,0,1086.0,3902.1,670.0,0.0
Novotel Paris Tour Eiffel,2025,4,F_B,SANS ALCOOL,1,407.0,1429.2,248.0,0.0
Novotel Paris Tour Eiffel,2025,4,NAN,nan,0,5.0,20.0,4.0,0.0
Novotel Paris Tour Eiffel,2025,4,NAN,nan,1,2.0,8.0,1.0,0.0
Novotel Paris Tour Eiffel,2025,4,N_F_B,COSMETIQUE,0,1.0,8.0,1.0,0.0
Novotel Paris Tour Eiffel,2025,4,N_F_B,COSMETIQUE,1,1.0,8.0,1.0,0.0
Novotel Paris Tour Eiffel,2025,4,N_F_B,SOS,0,213.0,1628.0,187.0,0.0
Novotel Paris Tour Eiffel,2025,4,N_F_B,SOS,1,94.0,694.0,69.0,0.0
Novotel Paris Tour Eiffel,2025,5,F_B,FOOD SALEE,0,455.0,3046.0,327.0,0.0
Novotel Paris Tour Eiffel,2025,5,F_B,FOOD SALEE,1,220.0,1612.0,160.0,0.0
Novotel Paris Tour Eiffel,2025,5,F_B,FOOD SUCREE,0,429.0,1484.7,262.0,0.0
Novotel Paris Tour Eiffel,2025,5,F_B,FOOD SUCREE,1,161.0,547.0,97.0,0.0
Novotel Paris Tour Eiffel,2025,5,F_B,SANS ALCOOL,0,1154.0,4187.9,684.0,0.0
Novotel Paris Tour Eiffel,2025,5,F_B,SANS ALCOOL,1,474.0,1709.6,288.0,0.0
Novotel Paris Tour Eiffel,2025,5,N_F_B,COSMETIQUE,0,4.0,32.0,4.0,0.0
Novotel Paris Tour Eiffel,2025,5,N_F_B,COSMETIQUE,1,2.0,16.0,2.0,0.0
Novotel Paris Tour Eiffel,2025,5,N_F_B,SOS,0,269.0,1977.0,210.0,0.0
Novotel Paris Tour Eiffel,2025,5,N_F_B,SOS,1,91.0,668.0,69.0,0.0
Novotel Paris Tour Eiffel,2025,6,F_B,FOOD SALEE,0,471.0,3313.1,363.0,0.0
Novotel Paris Tour Eiffel,2025,6,F_B,FOOD SALEE,1,205.0,1412.7,165.0,0.0
Novotel Paris Tour Eiffel,2025,6,F_B,FOOD SUCREE,0,408.0,1422.7,244.0,0.0
Novotel Paris Tour Eiffel,2025,6,F_B,FOOD SUCREE,1,190.0,610.7,103.0,0.0
Novotel Paris Tour Eiffel,2025,6,F_B,SANS ALCOOL,0,1317.0,5151.6,758.0,0.0
Novotel Paris Tour Eiffel,2025,6,F_B,SANS ALCOOL,1,578.0,2047.1,340.0,0.0
Novotel Paris Tour Eiffel,2025,6,N_F_B,COSMETIQUE,0,1.0,8.0,1.0,0.0
Novotel Paris Tour Eiffel,2025,6,N_F_B,COSMETIQUE,1,2.0,16.0,2.0,0.0
Novotel Paris Tour Eiffel,2025,6,N_F_B,SOS,0,312.0,2513.0,230.0,0.0
Novotel Paris Tour Eiffel,2025,6,N_F_B,SOS,1,128.0,864.0,88.0,0.0
Novotel Paris Tour Eiffel,2025,7,F_B,FOOD SALEE,0,625.0,4540.0,448.0,0.0
Novotel Paris Tour Eiffel,2025,7,F_B,FOOD SALEE,1,241.0,1753.7,172.0,0.0
Novotel Paris Tour Eiffel,2025,7,F_B,FOOD SUCREE,0,608.0,2073.9,305.0,0.0
Novotel Paris Tour Eiffel,2025,7,F_B,FOOD SUCREE,1,184.0,577.7,113.0,0.0
Novotel Paris Tour Eiffel,2025,7,F_B,SANS ALCOOL,0,1767.0,8164.6,975.0,0.0
Novotel Paris Tour Eiffel,2025,7,F_B,SANS ALCOOL,1,649.0,2490.1,378.0,0.0
Novotel Paris Tour Eiffel,2025,7,N_F_B,COSMETIQUE,0,5.0,40.0,5.0,0.0
Novotel Paris Tour Eiffel,2025,7,N_F_B,COSMETIQUE,1,1.0,8.0,1.0,0.0
Novotel Paris Tour Eiffel,2025,7,N_F_B,SOS,0,309.0,2655.0,230.0,0.0
Novotel Paris Tour Eiffel,2025,7,N_F_B,SOS,1,126.0,1083.0,83.0,0.0
Novotel Paris Tour Eiffel,2025,8,F_B,FOOD SALEE,0,474.0,3162.3,325.0,0.0
Novotel Paris Tour Eiffel,2025,8,F_B,FOOD SALEE,1,230.0,1479.4,162.0,0.0
Novotel Paris Tour Eiffel,2025,8,F_B,FOOD SUCREE,0,417.0,1382.1,229.0,0.0
Novotel Paris Tour Eiffel,2025,8,F_B,FOOD SUCREE,1,212.0,809.3,102.0,0.0
Novotel Paris Tour Eiffel,2025,8,F_B,SANS ALCOOL,0,1395.0,5123.1,735.0,0.0
Novotel Paris Tour Eiffel,2025,8,F_B,SANS ALCOOL,1,632.0,2258.7,342.0,0.0
Novotel Paris Tour Eiffel,2025,8,N_F_B,COSMETIQUE,0,2.0,16.0,2.0,0.0
Novotel Paris Tour Eiffel,2025,8,N_F_B,COSMETIQUE,1,5.0,40.0,5.0,0.0
Novotel Paris Tour Eiffel,2025,8,N_F_B,SOS,0,288.0,2411.0,218.0,0.0
Novotel Paris Tour Eiffel,2025,8,N_F_B,SOS,1,182.0,1172.0,117.0,0.0
Novotel Paris Tour Eiffel,2025,9,F_B,FOOD SALEE,0,397.0,2646.3,320.0,0.0
Novotel Paris Tour Eiffel,2025,9,F_B,FOOD SALEE,1,107.0,787.6,84.0,0.0
Novotel Paris Tour Eiffel,2025,9,F_B,FOOD SUCREE,0,362.0,1218.8,203.0,0.0
Novotel Paris Tour Eiffel,2025,9,F_B,FOOD SUCREE,1,114.0,377.9,66.0,0.0
Novotel Paris Tour Eiffel,2025,9,F_B,SANS ALCOOL,0,1086.0,4103.5,664.0,0.0
Novotel Paris Tour Eiffel,2025,9,F_B,SANS ALCOOL,1,405.0,1514.0,264.0,0.0
Novotel Paris Tour Eiffel,2025,9,N_F_B,COSMETIQUE,0,1.0,8.0,1.0,0.0
Novotel Paris Tour Eiffel,2025,9,N_F_B,COSMETIQUE,1,3.0,24.0,3.0,0.0
Novotel Paris Tour Eiffel,2025,9,N_F_B,SOS,0,254.0,2020.0,203.0,0.0
Novotel Paris Tour Eiffel,2025,9,N_F_B,SOS,1,137.0,1150.0,100.0,0.0
Novotel Paris Tour Eiffel,2025,10,F_B,FOOD SALEE,0,392.0,2739.1,297.0,0.0
Novotel Paris Tour Eiffel,2025,10,F_B,FOOD SALEE,1,132.0,795.1,100.0,0.0
Novotel Paris Tour Eiffel,2025,10,F_B,FOOD SUCREE,0,454.0,1561.7,250.0,0.0
Novotel Paris Tour Eiffel,2025,10,F_B,FOOD SUCREE,1,156.0,507.59999999999997,84.0,0.0
Novotel Paris Tour Eiffel,2025,10,F_B,SANS ALCOOL,0,1175.0,4267.8,673.0,0.0
Novotel Paris Tour Eiffel,2025,10,F_B,SANS ALCOOL,1,485.0,1730.2,254.0,0.0
Novotel Paris Tour Eiffel,2025,10,N_F_B,COSMETIQUE,0,3.0,24.0,3.0,0.0
Novotel Paris Tour Eiffel,2025,10,N_F_B,COSMETIQUE,1,1.0,8.0,1.0,0.0
Novotel Paris Tour Eiffel,2025,10,N_F_B,SOS,0,271.0,2105.0,195.0,0.0
Novotel Paris Tour Eiffel,2025,10,N_F_B,SOS,1,103.0,773.0,79.0,0.0
Novotel Paris Tour Eiffel,2025,11,F_B,FOOD SALEE,0,326.0,2068.0,254.0,0.0
Novotel Paris Tour Eiffel,2025,11,F_B,FOOD SALEE,1,147.0,969.8,116.0,0.0
Novotel Paris Tour Eiffel,2025,11,F_B,FOOD SUCREE,0,351.0,1202.0,189.0,0.0
Novotel Paris Tour Eiffel,2025,11,F_B,FOOD SUCREE,1,158.0,482.09999999999997,83.0,0.0
Novotel Paris Tour Eiffel,2025,11,F_B,SANS ALCOOL,0,872.0,3168.7,535.0,0.0
Novotel Paris Tour Eiffel,2025,11,F_B,SANS ALCOOL,1,444.0,1623.3,261.0,0.0
Novotel Paris Tour Eiffel,2025,11,NAN,nan,1,2.0,16.0,2.0,0.0
Novotel Paris Tour Eiffel,2025,11,N_F_B,COSMETIQUE,0,2.0,16.0,2.0,0.0
Novotel Paris Tour Eiffel,2025,11,N_F_B,SOS,0,203.0,1609.0,169.0,0.0
Novotel Paris Tour Eiffel,2025,11,N_F_B,SOS,1,105.0,831.0,80.0,0.0
Novotel Paris Tour Eiffel,2025,12,F_B,FOOD SALEE,0,465.0,3171.4,308.0,0.0
Novotel Paris Tour Eiffel,2025,12,F_B,FOOD SALEE,1,167.0,1209.1,105.0,0.0
Novotel Paris Tour Eiffel,2025,12,F_B,FOOD SUCREE,0,407.0,1424.5,210.0,0.0
Novotel Paris Tour Eiffel,2025,12,F_B,FOOD SUCREE,1,162.0,568.6,99.0,0.0
Novotel Paris Tour Eiffel,2025,12,F_B,SANS ALCOOL,0,1199.0,4359.0,735.0,0.0
Novotel Paris Tour Eiffel,2025,12,F_B,SANS ALCOOL,1,481.0,1702.2,279.0,0.0
Novotel Paris Tour Eiffel,2025,12,NAN,nan,0,10.0,80.0,9.0,0.0
Novotel Paris Tour Eiffel,2025,12,NAN,nan,1,2.0,16.0,2.0,0.0
Novotel Paris Tour Eiffel,2025,12,N_F_B,COSMETIQUE,0,6.0,48.0,4.0,0.0
Novotel Paris Tour Eiffel,2025,12,N_F_B,COSMETIQUE,1,2.0,16.0,2.0,0.0
Novotel Paris Tour Eiffel,2025,12,N_F_B,SOS,0,186.0,1376.0,138.0,0.0
Novotel Paris Tour Eiffel,2025,12,N_F_B,SOS,1,64.0,463.0,55.0,0.0
Novotel Porte d’Italie,2024,9,F_B,FOOD SALEE,0,1.0,2.3,1.0,0.0
Novotel Porte d’Italie,2024,9,F_B,FOOD SALEE,1,4.0,10.2,4.0,0.0
Novotel Porte d’Italie,2024,9,F_B,FOOD SUCREE,0,4.0,10.5,4.0,0.0
Novotel Porte d’Italie,2024,9,F_B,FOOD SUCREE,1,13.0,35.8,8.0,0.0
Novotel Porte d’Italie,2024,9,F_B,SANS ALCOOL,0,3.0,15.0,2.0,0.0
Novotel Porte d’Italie,2024,9,F_B,SANS ALCOOL,1,15.0,77.0,13.0,0.0
Novotel Porte d’Italie,2024,10,F_B,FOOD SALEE,0,41.0,113.9,32.0,0.0
Novotel Porte d’Italie,2024,10,F_B,FOOD SALEE,1,19.0,53.5,16.0,0.0
Novotel Porte d’Italie,2024,10,F_B,FOOD SUCREE,0,88.0,248.2,66.0,0.0
Novotel Porte d’Italie,2024,10,F_B,FOOD SUCREE,1,24.0,70.39999999999999,18.0,0.0
Novotel Porte d’Italie,2024,10,F_B,SANS ALCOOL,0,24.0,123.0,18.0,0.0
Novotel Porte d’Italie,2024,10,F_B,SANS ALCOOL,1,35.0,176.5,25.0,0.0
Novotel Porte d’Italie,2024,10,NAN,nan,0,4.0,32.1,4.0,0.0
Novotel Porte d’Italie,2024,10,NAN,nan,1,9.0,51.3,6.0,0.0
Novotel Porte d’Italie,2024,11,F_B,FOOD SALEE,0,34.0,96.3,24.0,0.0
Novotel Porte d’Italie,2024,11,F_B,FOOD SALEE,1,14.0,38.3,10.0,0.0
Novotel Porte d’Italie,2024,11,F_B,FOOD SUCREE,0,41.0,116.8,34.0,0.0
Novotel Porte d’Italie,2024,11,F_B,FOOD SUCREE,1,33.0,93.06,22.0,0.0
Novotel Porte d’Italie,2024,11,F_B,SANS ALCOOL,0,40.0,204.5,33.0,0.0
Novotel Porte d’Italie,2024,11,F_B,SANS ALCOOL,1,21.0,108.0,17.0,0.0
Novotel Porte d’Italie,2024,11,NAN,nan,1,7.0,43.0,5.0,0.0
Novotel Porte d’Italie,2024,11,N_F_B,SOS,1,1.0,0.7,1.0,0.0
Novotel Porte d’Italie,2024,12,F_B,FOOD SALEE,0,44.0,153.5,34.0,0.0
Novotel Porte d’Italie,2024,12,F_B,FOOD SALEE,1,17.0,58.4,14.0,0.0
Novotel Porte d’Italie,2024,12,F_B,FOOD SUCREE,0,45.0,127.7,39.0,0.0
Novotel Porte d’Italie,2024,12,F_B,FOOD SUCREE,1,38.0,108.3,30.0,0.0
Novotel Porte d’Italie,2024,12,F_B,SANS ALCOOL,0,21.0,108.0,19.0,0.0
Novotel Porte d’Italie,2024,12,F_B,SANS ALCOOL,1,17.0,87.0,13.0,0.0
Novotel Porte d’Italie,2024,12,NAN,nan,0,2.0,13.5,2.0,0.0
Novotel Porte d’Italie,2024,12,NAN,nan,1,2.0,19.0,2.0,0.0
Novotel Porte d’Italie,2024,12,N_F_B,SOS,0,1.0,0.7,1.0,0.0
Novotel Porte d’Italie,2025,1,F_B,FOOD SALEE,0,6.0,16.4,6.0,0.0
Novotel Porte d’Italie,2025,1,F_B,FOOD SALEE,1,3.0,7.5,1.0,0.0
Novotel Porte d’Italie,2025,1,F_B,FOOD SUCREE,0,12.0,35.7,11.0,0.0
Novotel Porte d’Italie,2025,1,F_B,SANS ALCOOL,0,4.0,20.5,3.0,0.0
Novotel Porte d’Italie,2025,1,F_B,SANS ALCOOL,1,1.0,5.5,1.0,0.0
Novotel Porte d’Italie,2025,1,NAN,nan,0,6.0,66.0,4.0,0.0
Novotel Porte d’Italie,2025,2,F_B,FOOD SALEE,0,11.0,31.3,9.0,0.0
Novotel Porte d’Italie,2025,2,F_B,FOOD SALEE,1,13.0,47.0,8.0,0.0
Novotel Porte d’Italie,2025,2,F_B,FOOD SUCREE,0,13.0,35.1,10.0,0.0
Novotel Porte d’Italie,2025,2,F_B,FOOD SUCREE,1,2.0,6.6,2.0,0.0
Novotel Porte d’Italie,2025,2,F_B,SANS ALCOOL,0,6.0,22.5,4.0,0.0
Novotel Porte d’Italie,2025,2,F_B,SANS ALCOOL,1,9.0,42.5,7.0,0.0
Novotel Porte d’Italie,2025,2,NAN,nan,0,2.0,15.0,1.0,0.0
Novotel Porte d’Italie,2025,2,NAN,nan,1,4.0,51.0,3.0,0.0
Novotel Porte d’Italie,2025,3,F_B,FOOD SALEE,0,18.0,61.4,14.0,0.0
Novotel Porte d’Italie,2025,3,F_B,FOOD SALEE,1,16.0,68.6,11.0,0.0
Novotel Porte d’Italie,2025,3,F_B,FOOD SUCREE,0,41.0,155.6,35.0,0.0
Novotel Porte d’Italie,2025,3,F_B,FOOD SUCREE,1,10.0,36.0,9.0,0.0
Novotel Porte d’Italie,2025,3,F_B,SANS ALCOOL,0,31.0,125.5,25.0,0.0
Novotel Porte d’Italie,2025,3,F_B,SANS ALCOOL,1,8.0,40.0,7.0,0.0
Novotel Porte d’Italie,2025,3,NAN,nan,0,1.0,7.5,1.0,0.0
Novotel Porte d’Italie,2025,4,F_B,FOOD SALEE,0,23.0,59.2,15.0,0.0
Novotel Porte d’Italie,2025,4,F_B,FOOD SALEE,1,8.0,21.4,4.0,0.0
Novotel Porte d’Italie,2025,4,F_B,FOOD SUCREE,0,18.0,70.4,13.0,0.0
Novotel Porte d’Italie,2025,4,F_B,FOOD SUCREE,1,2.0,8.3,2.0,0.0
Novotel Porte d’Italie,2025,4,F_B,SANS ALCOOL,0,20.0,82.0,16.0,0.0
Novotel Porte d’Italie,2025,4,F_B,SANS ALCOOL,1,12.0,50.5,9.0,0.0
Novotel Porte d’Italie,2025,5,F_B,FOOD SALEE,0,19.0,63.1,13.0,0.0
Novotel Porte d’Italie,2025,5,F_B,FOOD SALEE,1,4.0,9.9,3.0,0.0
Novotel Porte d’Italie,2025,5,F_B,FOOD SUCREE,0,56.0,189.1,46.0,0.0
Novotel Porte d’Italie,2025,5,F_B,FOOD SUCREE,1,27.0,101.5,21.0,0.0
Novotel Porte d’Italie,2025,5,F_B,SANS ALCOOL,0,65.0,286.5,49.0,0.0
Novotel Porte d’Italie,2025,5,F_B,SANS ALCOOL,1,41.0,169.5,28.0,0.0
Novotel Porte d’Italie,2025,5,NAN,nan,0,5.0,46.5,4.0,0.0
Novotel Porte d’Italie,2025,5,NAN,nan,1,1.0,18.0,1.0,0.0
Novotel Porte d’Italie,2025,6,F_B,FOOD SALEE,0,6.0,68.8,6.0,0.0
Novotel Porte d’Italie,2025,6,F_B,FOOD SALEE,1,7.0,45.4,7.0,0.0
Novotel Porte d’Italie,2025,6,F_B,FOOD SUCREE,0,28.0,109.0,23.0,0.0
Novotel Porte d’Italie,2025,6,F_B,FOOD SUCREE,1,4.0,23.5,4.0,0.0
Novotel Porte d’Italie,2025,6,F_B,SANS ALCOOL,0,44.0,192.5,39.0,0.0
Novotel Porte d’Italie,2025,6,F_B,SANS ALCOOL,1,24.0,108.0,21.0,0.0
Novotel Porte d’Italie,2025,6,NAN,nan,0,2.0,12.0,1.0,0.0
Novotel Porte d’Italie,2025,7,F_B,FOOD SALEE,0,22.0,87.9,16.0,0.0
Novotel Porte d’Italie,2025,7,F_B,FOOD SALEE,1,9.0,58.2,7.0,0.0
Novotel Porte d’Italie,2025,7,F_B,FOOD SUCREE,0,39.0,129.5,31.0,0.0
Novotel Porte d’Italie,2025,7,F_B,FOOD SUCREE,1,16.0,52.9,15.0,0.0
Novotel Porte d’Italie,2025,7,F_B,SANS ALCOOL,0,53.0,246.0,42.0,0.0
Novotel Porte d’Italie,2025,7,F_B,SANS ALCOOL,1,40.0,185.5,28.0,0.0
Novotel Porte d’Italie,2025,8,F_B,FOOD SALEE,0,11.0,31.0,10.0,0.0
Novotel Porte d’Italie,2025,8,F_B,FOOD SALEE,1,11.0,72.6,8.0,0.0
Novotel Porte d’Italie,2025,8,F_B,FOOD SUCREE,0,23.0,66.7,18.0,0.0
Novotel Porte d’Italie,2025,8,F_B,FOOD SUCREE,1,9.0,26.4,6.0,0.0
Novotel Porte d’Italie,2025,8,F_B,SANS ALCOOL,0,40.0,183.5,29.0,0.0
Novotel Porte d’Italie,2025,8,F_B,SANS ALCOOL,1,27.0,128.5,20.0,0.0
Novotel Porte d’Italie,2025,9,F_B,FOOD SALEE,0,18.0,44.0,12.0,0.0
Novotel Porte d’Italie,2025,9,F_B,FOOD SALEE,1,6.0,15.1,6.0,0.0
Novotel Porte d’Italie,2025,9,F_B,FOOD SUCREE,0,29.0,93.8,22.0,0.0
Novotel Porte d’Italie,2025,9,F_B,FOOD SUCREE,1,6.0,25.1,4.0,0.0
Novotel Porte d’Italie,2025,9,F_B,SANS ALCOOL,0,13.0,65.0,11.0,0.0
Novotel Porte d’Italie,2025,9,F_B,SANS ALCOOL,1,8.0,40.5,7.0,0.0
Novotel Porte d’Italie,2025,10,F_B,FOOD SALEE,0,4.0,10.0,3.0,0.0
Novotel Porte d’Italie,2025,10,F_B,FOOD SALEE,1,1.0,16.0,1.0,0.0
Novotel Porte d’Italie,2025,10,F_B,FOOD SUCREE,0,8.0,27.799999999999997,7.0,0.0
Novotel Porte d’Italie,2025,10,F_B,FOOD SUCREE,1,1.0,3.5,1.0,0.0
Novotel Porte d’Italie,2025,11,F_B,FOOD SALEE,0,16.0,31.85,14.0,0.0
Novotel Porte d’Italie,2025,11,F_B,FOOD SALEE,1,8.0,20.3,6.0,0.0
Novotel Porte d’Italie,2025,11,F_B,FOOD SUCREE,0,23.0,55.4,21.0,0.0
Novotel Porte d’Italie,2025,11,F_B,FOOD SUCREE,1,18.0,52.6,12.0,0.0
Novotel Porte d’Italie,2025,11,F_B,SANS ALCOOL,0,18.0,82.0,15.0,0.0
Novotel Porte d’Italie,2025,11,F_B,SANS ALCOOL,1,11.0,49.0,9.0,0.0
Novotel Porte d’Italie,2025,12,F_B,FOOD SALEE,0,12.0,33.0,11.0,0.0
Novotel Porte d’Italie,2025,12,F_B,FOOD SALEE,1,7.0,19.5,7.0,0.0
Novotel Porte d’Italie,2025,12,F_B,FOOD SUCREE,0,22.0,66.7,16.0,0.0
Novotel Porte d’Italie,2025,12,F_B,FOOD SUCREE,1,14.0,39.6,10.0,0.0
Novotel Porte d’Italie,2025,12,F_B,SANS ALCOOL,0,32.0,160.0,24.0,0.0
Novotel Porte d’Italie,2025,12,F_B,SANS ALCOOL,1,21.0,105.0,15.0,0.0
Ibis budget Nice,2023,1,,,0,15.0,160.75,12.25,9.25
Ibis budget Nice,2023,2,,,0,15.0,160.75,12.25,9.25
Ibis budget Nice,2023,3,,,0,15.0,160.75,12.25,9.25
Ibis budget Nice,2023,4,,,0,15.0,160.75,12.25,9.25
Ibis budget Nice,2023,5,,,0,15.0,160.75,12.25,9.25
Ibis budget Nice,2023,6,,,0,15.0,160.75,12.25,9.25
Ibis budget Nice,2023,7,,,0,15.0,160.75,12.25,9.25
Ibis budget Nice,2023,12,,,0,15.0,160.75,12.25,9.25
Ibis budget Nice,2023,1,,,1,8.5,92.25,8.0,6.25
Ibis budget Nice,2023,2,,,1,8.5,92.25,8.0,6.25
Ibis budget Nice,2023,3,,,1,8.5,92.25,8.0,6.25
Ibis budget Nice,2023,4,,,1,8.5,92.25,8.0,6.25
Ibis budget Nice,2023,5,,,1,8.5,92.25,8.0,6.25
Ibis budget Nice,2023,6,,,1,8.5,92.25,8.0,6.25
Ibis budget Nice,2023,7,,,1,8.5,92.25,8.0,6.25
Ibis budget Nice,2023,12,,,1,8.5,92.25,8.0,6.25
Ibis budget Nice,2024,1,,,0,115.1,367.38,83.4,24.4
Ibis budget Nice,2024,2,,,0,115.1,367.38,83.4,24.4
Ibis budget Nice,2024,1,,,1,53.9,168.23,37.4,16.5
Ibis budget Nice,2024,2,,,1,53.9,168.23,37.4,16.5
Ibis budget Strasbourg Centre République,2024,1,,,0,189.0,672.3333333333334,153.33333333333334,25.0
Ibis budget Strasbourg Centre République,2024,2,,,0,189.0,672.3333333333334,153.33333333333334,25.0
Ibis budget Strasbourg Centre République,2024,3,,,0,189.0,672.3333333333334,153.33333333333334,25.0
Ibis budget Strasbourg Centre République,2024,4,,,0,189.0,672.3333333333334,153.33333333333334,25.0
Ibis budget Strasbourg Centre République,2024,5,,,0,189.0,672.3333333333334,153.33333333333334,25.0
Ibis budget Strasbourg Centre République,2024,6,,,0,189.0,672.3333333333334,153.33333333333334,25.0
Ibis budget Strasbourg Centre République,2024,7,,,0,189.0,672.3333333333334,153.33333333333334,25.0
Ibis budget Strasbourg Centre République,2024,8,,,0,189.0,672.3333333333334,153.33333333333334,25.0
Ibis budget Strasbourg Centre République,2024,9,,,0,189.0,672.3333333333334,153.33333333333334,25.0
Ibis budget Strasbourg Centre République,2024,1,,,1,73.0,293.5,52.0,20.666666666666668
Ibis budget Strasbourg Centre République,2024,2,,,1,73.0,293.5,52.0,20.666666666666668
Ibis budget Strasbourg Centre République,2024,3,,,1,73.0,293.5,52.0,20.666666666666668
Ibis budget Strasbourg Centre République,2024,4,,,1,73.0,293.5,52.0,20.666666666666668
Ibis budget Strasbourg Centre République,2024,5,,,1,73.0,293.5,52.0,20.666666666666668
Ibis budget Strasbourg Centre République,2024,6,,,1,73.0,293.5,52.0,20.666666666666668
Ibis budget Strasbourg Centre République,2024,7,,,1,73.0,293.5,52.0,20.666666666666668
Ibis budget Strasbourg Centre République,2024,8,,,1,73.0,293.5,52.0,20.666666666666668
Ibis budget Strasbourg Centre République,2024,9,,,1,73.0,293.5,52.0,20.666666666666668
Novotel Megève Mont-Blanc,2024,1,,,0,78.0,783.76,56.8,36.5
Novotel Megève Mont-Blanc,2024,2,,,0,78.0,783.76,56.8,36.5
Novotel Megève Mont-Blanc,2024,1,,,1,37.3,464.4799999999999,28.3,22.6
Novotel Megève Mont-Blanc,2024,2,,,1,37.3,464.4799999999999,28.3,22.6
Novotel Paris Tour Eiffel,2024,1,,,0,825.625,4219.68375,515.375,0.0
Novotel Paris Tour Eiffel,2024,2,,,0,825.625,4219.68375,515.375,0.0
Novotel Paris Tour Eiffel,2024,3,,,0,825.625,4219.68375,515.375,0.0
Novotel Paris Tour Eiffel,2024,4,,,0,825.625,4219.68375,515.375,0.0
Novotel Paris Tour Eiffel,2024,1,,,1,378.375,1718.7500000000002,228.875,0.0
Novotel Paris Tour Eiffel,2024,2,,,1,378.375,1718.7500000000002,228.875,0.0
Novotel Paris Tour Eiffel,2024,3,,,1,378.375,1718.7500000000002,228.875,0.0
Novotel Paris Tour Eiffel,2024,4,,,1,378.375,1718.7500000000002,228.875,0.0
Novotel Porte d’Italie,2024,1,,,0,98.25,341.5,78.25,0.0
Novotel Porte d’Italie,2024,2,,,0,98.25,341.5,78.25,0.0
Novotel Porte d’Italie,2024,3,,,0,98.25,341.5,78.25,0.0
Novotel Porte d’Italie,2024,4,,,0,98.25,341.5,78.25,0.0
Novotel Porte d’Italie,2024,5,,,0,98.25,341.5,78.25,0.0
Novotel Porte d’Italie,2024,6,,,0,98.25,341.5,78.25,0.0
Novotel Porte d’Italie,2024,7,,,0,98.25,341.5,78.25,0.0
Novotel Porte d’Italie,2024,8,,,0,98.25,341.5,78.25,0.0
Novotel Porte d’Italie,2024,1,,,1,67.25,257.615,51.0,0.0
Novotel Porte d’Italie,2024,2,,,1,67.25,257.615,51.0,0.0
Novotel Porte d’Italie,2024,3,,,1,67.25,257.615,51.0,0.0
Novotel Porte d’Italie,2024,4,,,1,67.25,257.615,51.0,0.0
Novotel Porte d’Italie,2024,5,,,1,67.25,257.615,51.0,0.0
Novotel Porte d’Italie,2024,6,,,1,67.25,257.615,51.0,0.0
Novotel Porte d’Italie,2024,7,,,1,67.25,257.615,51.0,0.0
Novotel Porte d’Italie,2024,8,,,1,67.25,257.615,51.0,0.0
